2026-08-12 15:30:41.723 INFO  [restartedMain] [requestId=N/A] c.r.bencolapp.BencolAppApplication - Starting BencolAppApplication using Java 21.0.7 with PID 11056 (C:\Users\WILDER\OneDrive\Escritorio\bencol-app\bencol\target\classes started by WILDER in C:\Users\WILDER\OneDrive\Escritorio\bencol-app\bencol)
2026-08-12 15:30:41.730 DEBUG [restartedMain] [requestId=N/A] c.r.bencolapp.BencolAppApplication - Running with Spring Boot v4.1.0, Spring v7.0.8
2026-08-12 15:30:41.731 INFO  [restartedMain] [requestId=N/A] c.r.bencolapp.BencolAppApplication - The following 1 profile is active: "dev"
2026-08-12 15:30:41.774 INFO  [restartedMain] [requestId=N/A] o.s.b.d.e.DevToolsPropertyDefaultsPostProcessor - Devtools property defaults active! Set 'spring.devtools.add-properties' to 'false' to disable
2026-08-12 15:30:41.775 INFO  [restartedMain] [requestId=N/A] o.s.b.d.e.DevToolsPropertyDefaultsPostProcessor - For additional web related logging consider setting the 'logging.level.web' property to 'DEBUG'
2026-08-12 15:30:42.577 INFO  [restartedMain] [requestId=N/A] o.s.d.r.c.RepositoryConfigurationDelegate - Bootstrapping Spring Data JPA repositories in DEFAULT mode.
2026-08-12 15:30:42.755 INFO  [restartedMain] [requestId=N/A] o.s.d.r.c.RepositoryConfigurationDelegate - Finished Spring Data repository scanning in 167 ms. Found 21 JPA repository interfaces.
2026-08-12 15:30:43.310 INFO  [restartedMain] [requestId=N/A] o.s.boot.tomcat.TomcatWebServer - Tomcat initialized with port 8080 (http)
2026-08-12 15:30:43.325 INFO  [restartedMain] [requestId=N/A] o.apache.catalina.core.StandardService - Starting service [Tomcat]
2026-08-12 15:30:43.326 INFO  [restartedMain] [requestId=N/A] org.apache.catalina.core.StandardEngine - Starting Servlet engine: [Apache Tomcat/11.0.22]
2026-08-12 15:30:43.372 INFO  [restartedMain] [requestId=N/A] o.s.b.w.c.s.WebApplicationContextInitializer - Root WebApplicationContext: initialization completed in 1597 ms
2026-08-12 15:30:43.415 DEBUG [restartedMain] [requestId=N/A] c.r.b.utils.logging.RequestIdFilter - Filter 'requestIdFilter' configured for use
2026-08-12 15:30:43.628 INFO  [restartedMain] [requestId=N/A] com.zaxxer.hikari.HikariDataSource - HikariPool-1 - Starting...
2026-08-12 15:30:43.784 INFO  [restartedMain] [requestId=N/A] com.zaxxer.hikari.pool.HikariPool - HikariPool-1 - Added connection com.mysql.cj.jdbc.ConnectionImpl@75d1277
2026-08-12 15:30:43.785 INFO  [restartedMain] [requestId=N/A] com.zaxxer.hikari.HikariDataSource - HikariPool-1 - Start completed.
2026-08-12 15:30:43.814 INFO  [restartedMain] [requestId=N/A] org.flywaydb.core.FlywayExecutor - Database: jdbc:mysql://localhost:3306/bencol_system?useSSL=false&serverTimezone=America/Lima&allowPublicKeyRetrieval=true (MySQL 8.0)
2026-08-12 15:30:43.911 INFO  [restartedMain] [requestId=N/A] o.f.core.internal.command.DbValidate - Successfully validated 5 migrations (execution time 00:00.034s)
2026-08-12 15:30:43.922 INFO  [restartedMain] [requestId=N/A] o.f.core.internal.command.DbMigrate - Current version of schema `bencol_system`: 4
2026-08-12 15:30:43.936 INFO  [restartedMain] [requestId=N/A] o.f.core.internal.command.DbMigrate - Migrating schema `bencol_system` to version "5 - agregar envases detalle venta"
2026-08-12 15:30:44.044 INFO  [restartedMain] [requestId=N/A] o.f.core.internal.command.DbMigrate - Successfully applied 1 migration to schema `bencol_system`, now at version v5 (execution time 00:00.088s)
2026-08-12 15:30:44.166 INFO  [restartedMain] [requestId=N/A] org.hibernate.orm.jpa - HHH008540: Processing PersistenceUnitInfo [name: default]
2026-08-12 15:30:44.252 INFO  [restartedMain] [requestId=N/A] org.hibernate.orm.core - HHH000001: Hibernate ORM core version 7.4.1.Final
2026-08-12 15:30:44.679 INFO  [restartedMain] [requestId=N/A] o.s.o.j.p.SpringPersistenceUnitInfo - No LoadTimeWeaver setup: ignoring JPA class transformer
2026-08-12 15:30:44.770 INFO  [restartedMain] [requestId=N/A] org.hibernate.orm.connections.pooling - HHH10001005: Database info:
	Database JDBC URL [jdbc:mysql://localhost:3306/bencol_system?useSSL=false&serverTimezone=America/Lima&allowPublicKeyRetrieval=true]
	Database driver: MySQL Connector/J
	Database dialect: MySQLDialect
	Database version: 8.0.44
	Default catalog/schema: bencol_system/undefined
	Autocommit mode: undefined/unknown
	Isolation level: REPEATABLE_READ [default REPEATABLE_READ]
	JDBC fetch size: none
	Pool: DataSourceConnectionProvider
	Minimum pool size: undefined/unknown
	Maximum pool size: undefined/unknown
2026-08-12 15:30:45.981 INFO  [restartedMain] [requestId=N/A] org.hibernate.orm.core - HHH000489: No JTA platform available (set 'hibernate.transaction.jta.platform' to enable JTA platform integration)
2026-08-12 15:30:46.028 INFO  [restartedMain] [requestId=N/A] o.s.o.j.LocalContainerEntityManagerFactoryBean - Initialized JPA EntityManagerFactory for persistence unit 'default'
2026-08-12 15:30:46.110 INFO  [restartedMain] [requestId=N/A] o.s.d.j.r.query.QueryEnhancerFactories - Hibernate is in classpath; If applicable, HQL parser will be used.
2026-08-12 15:30:48.683 INFO  [restartedMain] [requestId=N/A] o.s.boot.tomcat.TomcatWebServer - Tomcat started on port 8080 (http) with context path '/'
2026-08-12 15:30:48.688 INFO  [restartedMain] [requestId=N/A] c.r.bencolapp.BencolAppApplication - Started BencolAppApplication in 7.577 seconds (process running for 8.239)
2026-08-12 15:30:48.747 DEBUG [restartedMain] [requestId=N/A] org.hibernate.SQL - 
    select
        count(*) 
    from
        usuarios u1_0
2026-08-12 15:31:06.052 INFO  [http-nio-8080-exec-1] [requestId=N/A] o.a.c.c.C.[Tomcat].[localhost].[/] - Initializing Spring DispatcherServlet 'dispatcherServlet'
2026-08-12 15:31:06.053 INFO  [http-nio-8080-exec-1] [requestId=N/A] o.s.web.servlet.DispatcherServlet - Initializing Servlet 'dispatcherServlet'
2026-08-12 15:31:06.054 INFO  [http-nio-8080-exec-1] [requestId=N/A] o.s.web.servlet.DispatcherServlet - Completed initialization in 1 ms
2026-08-12 15:31:06.167 DEBUG [http-nio-8080-exec-1] [requestId=42da87a8-aa1e-458f-ab8b-a69ec3d5ed4c] org.hibernate.SQL - 
    select
        u1_0.id,
        u1_0.email,
        u1_0.estado,
        u1_0.fecha_actualizacion,
        u1_0.fecha_creacion,
        u1_0.password,
        u1_0.rol,
        u1_0.username 
    from
        usuarios u1_0 
    where
        u1_0.username=?
2026-08-12 15:31:06.168 TRACE [http-nio-8080-exec-1] [requestId=42da87a8-aa1e-458f-ab8b-a69ec3d5ed4c] org.hibernate.orm.jdbc.bind - binding parameter (1:VARCHAR) <- [adminbencol]
2026-08-12 15:31:56.889 DEBUG [http-nio-8080-exec-2] [requestId=d68f1da0-e4d6-4f42-905c-678938852324] org.hibernate.SQL - 
    select
        v1_0.id,
        v1_0.actualizado_por,
        v1_0.cliente_id,
        v1_0.codigo,
        v1_0.creado_por,
        v1_0.estado,
        v1_0.fecha_actualizacion,
        v1_0.fecha_creacion,
        v1_0.subtotal,
        v1_0.total 
    from
        ventas v1_0 
    where
        (
            ? is null 
            or lower(v1_0.codigo) like lower(concat('%', ?, '%')) escape ''
        ) 
        and (
            ? is null 
            or v1_0.cliente_id=?
        ) 
        and (
            ? is null 
            or v1_0.estado=?
        ) 
        and (
            ? is null 
            or v1_0.fecha_creacion>=?
        ) 
        and (
            ? is null 
            or v1_0.fecha_creacion<?
        ) 
    order by
        v1_0.fecha_creacion desc 
    limit
        ?
2026-08-12 15:31:56.890 TRACE [http-nio-8080-exec-2] [requestId=d68f1da0-e4d6-4f42-905c-678938852324] org.hibernate.orm.jdbc.bind - binding parameter (1:JAVA_OBJECT) <- [null]
2026-08-12 15:31:56.890 TRACE [http-nio-8080-exec-2] [requestId=d68f1da0-e4d6-4f42-905c-678938852324] org.hibernate.orm.jdbc.bind - binding parameter (2:JAVA_OBJECT) <- [null]
2026-08-12 15:31:56.890 TRACE [http-nio-8080-exec-2] [requestId=d68f1da0-e4d6-4f42-905c-678938852324] org.hibernate.orm.jdbc.bind - binding parameter (3:BIGINT) <- [null]
2026-08-12 15:31:56.890 TRACE [http-nio-8080-exec-2] [requestId=d68f1da0-e4d6-4f42-905c-678938852324] org.hibernate.orm.jdbc.bind - binding parameter (4:BIGINT) <- [null]
2026-08-12 15:31:56.890 TRACE [http-nio-8080-exec-2] [requestId=d68f1da0-e4d6-4f42-905c-678938852324] org.hibernate.orm.jdbc.bind - binding parameter (5:ENUM) <- [null]
2026-08-12 15:31:56.890 TRACE [http-nio-8080-exec-2] [requestId=d68f1da0-e4d6-4f42-905c-678938852324] org.hibernate.orm.jdbc.bind - binding parameter (6:ENUM) <- [null]
2026-08-12 15:31:56.890 TRACE [http-nio-8080-exec-2] [requestId=d68f1da0-e4d6-4f42-905c-678938852324] org.hibernate.orm.jdbc.bind - binding parameter (7:TIMESTAMP) <- [null]
2026-08-12 15:31:56.890 TRACE [http-nio-8080-exec-2] [requestId=d68f1da0-e4d6-4f42-905c-678938852324] org.hibernate.orm.jdbc.bind - binding parameter (8:TIMESTAMP) <- [null]
2026-08-12 15:31:56.890 TRACE [http-nio-8080-exec-2] [requestId=d68f1da0-e4d6-4f42-905c-678938852324] org.hibernate.orm.jdbc.bind - binding parameter (9:TIMESTAMP) <- [null]
2026-08-12 15:31:56.890 TRACE [http-nio-8080-exec-2] [requestId=d68f1da0-e4d6-4f42-905c-678938852324] org.hibernate.orm.jdbc.bind - binding parameter (10:TIMESTAMP) <- [null]
2026-08-12 15:31:56.890 TRACE [http-nio-8080-exec-2] [requestId=d68f1da0-e4d6-4f42-905c-678938852324] org.hibernate.orm.jdbc.bind - binding parameter (11:INTEGER) <- [20]
2026-08-12 15:31:56.901 DEBUG [http-nio-8080-exec-2] [requestId=d68f1da0-e4d6-4f42-905c-678938852324] org.hibernate.SQL - 
    select
        c1_0.id,
        c1_0.categoria,
        c1_0.direccion,
        c1_0.email,
        c1_0.estado,
        c1_0.nombre,
        c1_0.telefono 
    from
        clients c1_0 
    where
        c1_0.id=?
2026-08-12 15:31:56.901 TRACE [http-nio-8080-exec-2] [requestId=d68f1da0-e4d6-4f42-905c-678938852324] org.hibernate.orm.jdbc.bind - binding parameter (1:BIGINT) <- [1]
2026-08-12 15:31:56.909 DEBUG [http-nio-8080-exec-2] [requestId=d68f1da0-e4d6-4f42-905c-678938852324] org.hibernate.SQL - 
    select
        c1_0.id,
        c1_0.categoria,
        c1_0.direccion,
        c1_0.email,
        c1_0.estado,
        c1_0.nombre,
        c1_0.telefono 
    from
        clients c1_0 
    where
        c1_0.id=?
2026-08-12 15:31:56.909 TRACE [http-nio-8080-exec-2] [requestId=d68f1da0-e4d6-4f42-905c-678938852324] org.hibernate.orm.jdbc.bind - binding parameter (1:BIGINT) <- [2]
2026-08-12 15:31:56.917 DEBUG [http-nio-8080-exec-2] [requestId=d68f1da0-e4d6-4f42-905c-678938852324] org.hibernate.SQL - 
    select
        d1_0.venta_id,
        d1_0.id,
        d1_0.cantidad,
        d1_0.envases_devueltos,
        d1_0.modalidad_envase,
        d1_0.precio_unitario,
        d1_0.producto_id,
        p1_0.id,
        p1_0.categoria,
        p1_0.codigo,
        p1_0.contenido,
        p1_0.descripcion,
        p1_0.estado,
        p1_0.precio_base,
        p1_0.unidad_medida,
        p1_0.unidades_por_paquete,
        d1_0.subtotal 
    from
        detalles_ventas d1_0 
    left join
        productos p1_0 
            on p1_0.id=d1_0.producto_id 
    where
        d1_0.venta_id=?
2026-08-12 15:31:56.917 TRACE [http-nio-8080-exec-2] [requestId=d68f1da0-e4d6-4f42-905c-678938852324] org.hibernate.orm.jdbc.bind - binding parameter (1:BIGINT) <- [5]
2026-08-12 15:31:56.922 DEBUG [http-nio-8080-exec-2] [requestId=d68f1da0-e4d6-4f42-905c-678938852324] org.hibernate.SQL - 
    select
        d1_0.venta_id,
        d1_0.id,
        d1_0.cantidad,
        d1_0.envases_devueltos,
        d1_0.modalidad_envase,
        d1_0.precio_unitario,
        d1_0.producto_id,
        p1_0.id,
        p1_0.categoria,
        p1_0.codigo,
        p1_0.contenido,
        p1_0.descripcion,
        p1_0.estado,
        p1_0.precio_base,
        p1_0.unidad_medida,
        p1_0.unidades_por_paquete,
        d1_0.subtotal 
    from
        detalles_ventas d1_0 
    left join
        productos p1_0 
            on p1_0.id=d1_0.producto_id 
    where
        d1_0.venta_id=?
2026-08-12 15:31:56.922 TRACE [http-nio-8080-exec-2] [requestId=d68f1da0-e4d6-4f42-905c-678938852324] org.hibernate.orm.jdbc.bind - binding parameter (1:BIGINT) <- [2]
2026-08-12 15:31:56.923 DEBUG [http-nio-8080-exec-2] [requestId=d68f1da0-e4d6-4f42-905c-678938852324] org.hibernate.SQL - 
    select
        d1_0.venta_id,
        d1_0.id,
        d1_0.cantidad,
        d1_0.envases_devueltos,
        d1_0.modalidad_envase,
        d1_0.precio_unitario,
        d1_0.producto_id,
        p1_0.id,
        p1_0.categoria,
        p1_0.codigo,
        p1_0.contenido,
        p1_0.descripcion,
        p1_0.estado,
        p1_0.precio_base,
        p1_0.unidad_medida,
        p1_0.unidades_por_paquete,
        d1_0.subtotal 
    from
        detalles_ventas d1_0 
    left join
        productos p1_0 
            on p1_0.id=d1_0.producto_id 
    where
        d1_0.venta_id=?
2026-08-12 15:31:56.924 TRACE [http-nio-8080-exec-2] [requestId=d68f1da0-e4d6-4f42-905c-678938852324] org.hibernate.orm.jdbc.bind - binding parameter (1:BIGINT) <- [1]
2026-08-12 15:32:51.655 WARN  [http-nio-8080-exec-4] [requestId=e216a0ac-5970-40a6-8156-975fcbab3b5f] o.h.v.i.m.a.CascadingMetaDataBuilder - HV000271: Using `@Valid` on a container (java.util.List) is deprecated. You should apply the annotation on the type argument(s). Affected element: detalles
2026-08-12 15:32:51.689 DEBUG [http-nio-8080-exec-4] [requestId=e216a0ac-5970-40a6-8156-975fcbab3b5f] org.hibernate.SQL - 
    select
        c1_0.id,
        c1_0.categoria,
        c1_0.direccion,
        c1_0.email,
        c1_0.estado,
        c1_0.nombre,
        c1_0.telefono 
    from
        clients c1_0 
    where
        c1_0.id=?
2026-08-12 15:32:51.690 TRACE [http-nio-8080-exec-4] [requestId=e216a0ac-5970-40a6-8156-975fcbab3b5f] org.hibernate.orm.jdbc.bind - binding parameter (1:BIGINT) <- [1]
2026-08-12 15:32:51.694 DEBUG [http-nio-8080-exec-4] [requestId=e216a0ac-5970-40a6-8156-975fcbab3b5f] org.hibernate.SQL - 
    select
        p1_0.id,
        p1_0.categoria,
        p1_0.codigo,
        p1_0.contenido,
        p1_0.descripcion,
        p1_0.estado,
        p1_0.precio_base,
        p1_0.unidad_medida,
        p1_0.unidades_por_paquete 
    from
        productos p1_0 
    where
        p1_0.id=?
2026-08-12 15:32:51.695 TRACE [http-nio-8080-exec-4] [requestId=e216a0ac-5970-40a6-8156-975fcbab3b5f] org.hibernate.orm.jdbc.bind - binding parameter (1:BIGINT) <- [1]
2026-08-12 15:32:51.703 DEBUG [http-nio-8080-exec-4] [requestId=e216a0ac-5970-40a6-8156-975fcbab3b5f] org.hibernate.SQL - 
    select
        cp1_0.id,
        cp1_0.cliente_id,
        cp1_0.fecha_actualizacion,
        cp1_0.fecha_creacion,
        cp1_0.precio,
        cp1_0.producto_id 
    from
        clientes_precios cp1_0 
    where
        cp1_0.cliente_id=? 
        and cp1_0.producto_id=?
2026-08-12 15:32:51.704 TRACE [http-nio-8080-exec-4] [requestId=e216a0ac-5970-40a6-8156-975fcbab3b5f] org.hibernate.orm.jdbc.bind - binding parameter (1:BIGINT) <- [1]
2026-08-12 15:32:51.704 TRACE [http-nio-8080-exec-4] [requestId=e216a0ac-5970-40a6-8156-975fcbab3b5f] org.hibernate.orm.jdbc.bind - binding parameter (2:BIGINT) <- [1]
2026-08-12 15:32:51.722 DEBUG [http-nio-8080-exec-4] [requestId=e216a0ac-5970-40a6-8156-975fcbab3b5f] org.hibernate.SQL - 
    insert 
    into
        ventas
        (actualizado_por, cliente_id, codigo, creado_por, estado, fecha_actualizacion, fecha_creacion, subtotal, total) 
    values
        (?, ?, ?, ?, ?, ?, ?, ?, ?)
2026-08-12 15:32:51.724 TRACE [http-nio-8080-exec-4] [requestId=e216a0ac-5970-40a6-8156-975fcbab3b5f] org.hibernate.orm.jdbc.bind - binding parameter (1:VARCHAR) <- [null]
2026-08-12 15:32:51.724 TRACE [http-nio-8080-exec-4] [requestId=e216a0ac-5970-40a6-8156-975fcbab3b5f] org.hibernate.orm.jdbc.bind - binding parameter (2:BIGINT) <- [1]
2026-08-12 15:32:51.724 TRACE [http-nio-8080-exec-4] [requestId=e216a0ac-5970-40a6-8156-975fcbab3b5f] org.hibernate.orm.jdbc.bind - binding parameter (3:VARCHAR) <- [VEN-3DFCD5BA]
2026-08-12 15:32:51.724 TRACE [http-nio-8080-exec-4] [requestId=e216a0ac-5970-40a6-8156-975fcbab3b5f] org.hibernate.orm.jdbc.bind - binding parameter (4:VARCHAR) <- [adminbencol]
2026-08-12 15:32:51.724 TRACE [http-nio-8080-exec-4] [requestId=e216a0ac-5970-40a6-8156-975fcbab3b5f] org.hibernate.orm.jdbc.bind - binding parameter (5:ENUM) <- [EMITIDA]
2026-08-12 15:32:51.724 TRACE [http-nio-8080-exec-4] [requestId=e216a0ac-5970-40a6-8156-975fcbab3b5f] org.hibernate.orm.jdbc.bind - binding parameter (6:TIMESTAMP) <- [null]
2026-08-12 15:32:51.724 TRACE [http-nio-8080-exec-4] [requestId=e216a0ac-5970-40a6-8156-975fcbab3b5f] org.hibernate.orm.jdbc.bind - binding parameter (7:TIMESTAMP) <- [2026-08-12T15:32:51.710200600]
2026-08-12 15:32:51.725 TRACE [http-nio-8080-exec-4] [requestId=e216a0ac-5970-40a6-8156-975fcbab3b5f] org.hibernate.orm.jdbc.bind - binding parameter (8:NUMERIC) <- [190.00]
2026-08-12 15:32:51.725 TRACE [http-nio-8080-exec-4] [requestId=e216a0ac-5970-40a6-8156-975fcbab3b5f] org.hibernate.orm.jdbc.bind - binding parameter (9:NUMERIC) <- [190.00]
2026-08-12 15:32:51.735 DEBUG [http-nio-8080-exec-4] [requestId=e216a0ac-5970-40a6-8156-975fcbab3b5f] org.hibernate.SQL - 
    insert 
    into
        detalles_ventas
        (cantidad, envases_devueltos, modalidad_envase, precio_unitario, producto_id, subtotal, venta_id) 
    values
        (?, ?, ?, ?, ?, ?, ?)
2026-08-12 15:32:51.735 TRACE [http-nio-8080-exec-4] [requestId=e216a0ac-5970-40a6-8156-975fcbab3b5f] org.hibernate.orm.jdbc.bind - binding parameter (1:INTEGER) <- [20]
2026-08-12 15:32:51.735 TRACE [http-nio-8080-exec-4] [requestId=e216a0ac-5970-40a6-8156-975fcbab3b5f] org.hibernate.orm.jdbc.bind - binding parameter (2:INTEGER) <- [15]
2026-08-12 15:32:51.735 TRACE [http-nio-8080-exec-4] [requestId=e216a0ac-5970-40a6-8156-975fcbab3b5f] org.hibernate.orm.jdbc.bind - binding parameter (3:ENUM) <- [PRESTAMO]
2026-08-12 15:32:51.735 TRACE [http-nio-8080-exec-4] [requestId=e216a0ac-5970-40a6-8156-975fcbab3b5f] org.hibernate.orm.jdbc.bind - binding parameter (4:NUMERIC) <- [9.50]
2026-08-12 15:32:51.736 TRACE [http-nio-8080-exec-4] [requestId=e216a0ac-5970-40a6-8156-975fcbab3b5f] org.hibernate.orm.jdbc.bind - binding parameter (5:BIGINT) <- [1]
2026-08-12 15:32:51.736 TRACE [http-nio-8080-exec-4] [requestId=e216a0ac-5970-40a6-8156-975fcbab3b5f] org.hibernate.orm.jdbc.bind - binding parameter (6:NUMERIC) <- [190.00]
2026-08-12 15:32:51.736 TRACE [http-nio-8080-exec-4] [requestId=e216a0ac-5970-40a6-8156-975fcbab3b5f] org.hibernate.orm.jdbc.bind - binding parameter (7:BIGINT) <- [6]
2026-08-12 15:32:51.744 WARN  [http-nio-8080-exec-4] [requestId=e216a0ac-5970-40a6-8156-975fcbab3b5f] c.r.b.u.e.GlobalExceptionHandler - Regla de negocio rechazada. path=/bencol.agua/ventas, mensaje=Un préstamo o compra de envases no debe registrar envases devueltos.
2026-08-12 15:32:51.747 WARN  [http-nio-8080-exec-4] [requestId=e216a0ac-5970-40a6-8156-975fcbab3b5f] o.s.w.s.m.m.a.ExceptionHandlerExceptionResolver - Resolved [com.runicsoft.bencolapp.utils.exceptions.BusinessException: Un préstamo o compra de envases no debe registrar envases devueltos.]
2026-08-12 15:33:03.653 DEBUG [http-nio-8080-exec-6] [requestId=75c153f7-5796-4808-b402-df3c222414f9] org.hibernate.SQL - 
    select
        c1_0.id,
        c1_0.categoria,
        c1_0.direccion,
        c1_0.email,
        c1_0.estado,
        c1_0.nombre,
        c1_0.telefono 
    from
        clients c1_0 
    where
        c1_0.id=?
2026-08-12 15:33:03.653 TRACE [http-nio-8080-exec-6] [requestId=75c153f7-5796-4808-b402-df3c222414f9] org.hibernate.orm.jdbc.bind - binding parameter (1:BIGINT) <- [1]
2026-08-12 15:33:03.654 DEBUG [http-nio-8080-exec-6] [requestId=75c153f7-5796-4808-b402-df3c222414f9] org.hibernate.SQL - 
    select
        p1_0.id,
        p1_0.categoria,
        p1_0.codigo,
        p1_0.contenido,
        p1_0.descripcion,
        p1_0.estado,
        p1_0.precio_base,
        p1_0.unidad_medida,
        p1_0.unidades_por_paquete 
    from
        productos p1_0 
    where
        p1_0.id=?
2026-08-12 15:33:03.655 TRACE [http-nio-8080-exec-6] [requestId=75c153f7-5796-4808-b402-df3c222414f9] org.hibernate.orm.jdbc.bind - binding parameter (1:BIGINT) <- [1]
2026-08-12 15:33:03.656 DEBUG [http-nio-8080-exec-6] [requestId=75c153f7-5796-4808-b402-df3c222414f9] org.hibernate.SQL - 
    select
        cp1_0.id,
        cp1_0.cliente_id,
        cp1_0.fecha_actualizacion,
        cp1_0.fecha_creacion,
        cp1_0.precio,
        cp1_0.producto_id 
    from
        clientes_precios cp1_0 
    where
        cp1_0.cliente_id=? 
        and cp1_0.producto_id=?
2026-08-12 15:33:03.657 TRACE [http-nio-8080-exec-6] [requestId=75c153f7-5796-4808-b402-df3c222414f9] org.hibernate.orm.jdbc.bind - binding parameter (1:BIGINT) <- [1]
2026-08-12 15:33:03.657 TRACE [http-nio-8080-exec-6] [requestId=75c153f7-5796-4808-b402-df3c222414f9] org.hibernate.orm.jdbc.bind - binding parameter (2:BIGINT) <- [1]
2026-08-12 15:33:03.658 DEBUG [http-nio-8080-exec-6] [requestId=75c153f7-5796-4808-b402-df3c222414f9] org.hibernate.SQL - 
    insert 
    into
        ventas
        (actualizado_por, cliente_id, codigo, creado_por, estado, fecha_actualizacion, fecha_creacion, subtotal, total) 
    values
        (?, ?, ?, ?, ?, ?, ?, ?, ?)
2026-08-12 15:33:03.659 TRACE [http-nio-8080-exec-6] [requestId=75c153f7-5796-4808-b402-df3c222414f9] org.hibernate.orm.jdbc.bind - binding parameter (1:VARCHAR) <- [null]
2026-08-12 15:33:03.659 TRACE [http-nio-8080-exec-6] [requestId=75c153f7-5796-4808-b402-df3c222414f9] org.hibernate.orm.jdbc.bind - binding parameter (2:BIGINT) <- [1]
2026-08-12 15:33:03.659 TRACE [http-nio-8080-exec-6] [requestId=75c153f7-5796-4808-b402-df3c222414f9] org.hibernate.orm.jdbc.bind - binding parameter (3:VARCHAR) <- [VEN-8D833DC5]
2026-08-12 15:33:03.659 TRACE [http-nio-8080-exec-6] [requestId=75c153f7-5796-4808-b402-df3c222414f9] org.hibernate.orm.jdbc.bind - binding parameter (4:VARCHAR) <- [adminbencol]
2026-08-12 15:33:03.659 TRACE [http-nio-8080-exec-6] [requestId=75c153f7-5796-4808-b402-df3c222414f9] org.hibernate.orm.jdbc.bind - binding parameter (5:ENUM) <- [EMITIDA]
2026-08-12 15:33:03.659 TRACE [http-nio-8080-exec-6] [requestId=75c153f7-5796-4808-b402-df3c222414f9] org.hibernate.orm.jdbc.bind - binding parameter (6:TIMESTAMP) <- [null]
2026-08-12 15:33:03.659 TRACE [http-nio-8080-exec-6] [requestId=75c153f7-5796-4808-b402-df3c222414f9] org.hibernate.orm.jdbc.bind - binding parameter (7:TIMESTAMP) <- [2026-08-12T15:33:03.658913]
2026-08-12 15:33:03.659 TRACE [http-nio-8080-exec-6] [requestId=75c153f7-5796-4808-b402-df3c222414f9] org.hibernate.orm.jdbc.bind - binding parameter (8:NUMERIC) <- [190.00]
2026-08-12 15:33:03.659 TRACE [http-nio-8080-exec-6] [requestId=75c153f7-5796-4808-b402-df3c222414f9] org.hibernate.orm.jdbc.bind - binding parameter (9:NUMERIC) <- [190.00]
2026-08-12 15:33:03.661 DEBUG [http-nio-8080-exec-6] [requestId=75c153f7-5796-4808-b402-df3c222414f9] org.hibernate.SQL - 
    insert 
    into
        detalles_ventas
        (cantidad, envases_devueltos, modalidad_envase, precio_unitario, producto_id, subtotal, venta_id) 
    values
        (?, ?, ?, ?, ?, ?, ?)
2026-08-12 15:33:03.661 TRACE [http-nio-8080-exec-6] [requestId=75c153f7-5796-4808-b402-df3c222414f9] org.hibernate.orm.jdbc.bind - binding parameter (1:INTEGER) <- [20]
2026-08-12 15:33:03.661 TRACE [http-nio-8080-exec-6] [requestId=75c153f7-5796-4808-b402-df3c222414f9] org.hibernate.orm.jdbc.bind - binding parameter (2:INTEGER) <- [0]
2026-08-12 15:33:03.661 TRACE [http-nio-8080-exec-6] [requestId=75c153f7-5796-4808-b402-df3c222414f9] org.hibernate.orm.jdbc.bind - binding parameter (3:ENUM) <- [PRESTAMO]
2026-08-12 15:33:03.661 TRACE [http-nio-8080-exec-6] [requestId=75c153f7-5796-4808-b402-df3c222414f9] org.hibernate.orm.jdbc.bind - binding parameter (4:NUMERIC) <- [9.50]
2026-08-12 15:33:03.661 TRACE [http-nio-8080-exec-6] [requestId=75c153f7-5796-4808-b402-df3c222414f9] org.hibernate.orm.jdbc.bind - binding parameter (5:BIGINT) <- [1]
2026-08-12 15:33:03.661 TRACE [http-nio-8080-exec-6] [requestId=75c153f7-5796-4808-b402-df3c222414f9] org.hibernate.orm.jdbc.bind - binding parameter (6:NUMERIC) <- [190.00]
2026-08-12 15:33:03.661 TRACE [http-nio-8080-exec-6] [requestId=75c153f7-5796-4808-b402-df3c222414f9] org.hibernate.orm.jdbc.bind - binding parameter (7:BIGINT) <- [7]
2026-08-12 15:33:03.672 DEBUG [http-nio-8080-exec-6] [requestId=75c153f7-5796-4808-b402-df3c222414f9] org.hibernate.SQL - 
    select
        i1_0.id,
        i1_0.fecha_actualizacion,
        i1_0.fecha_creacion,
        i1_0.producto_id,
        i1_0.stock_actual,
        i1_0.stock_maximo,
        i1_0.stock_minimo 
    from
        inventarios i1_0 
    where
        i1_0.producto_id=? 
    for
        updateof i1_0
2026-08-12 15:33:03.672 TRACE [http-nio-8080-exec-6] [requestId=75c153f7-5796-4808-b402-df3c222414f9] org.hibernate.orm.jdbc.bind - binding parameter (1:BIGINT) <- [1]
2026-08-12 15:33:03.677 DEBUG [http-nio-8080-exec-6] [requestId=75c153f7-5796-4808-b402-df3c222414f9] org.hibernate.SQL - 
    insert 
    into
        movimientos_inventario
        (cantidad, fecha_creacion, producto_id, referencia, registrado_por, stock_anterior, stock_nuevo, tipo_movimiento) 
    values
        (?, ?, ?, ?, ?, ?, ?, ?)
2026-08-12 15:33:03.677 TRACE [http-nio-8080-exec-6] [requestId=75c153f7-5796-4808-b402-df3c222414f9] org.hibernate.orm.jdbc.bind - binding parameter (1:INTEGER) <- [20]
2026-08-12 15:33:03.677 TRACE [http-nio-8080-exec-6] [requestId=75c153f7-5796-4808-b402-df3c222414f9] org.hibernate.orm.jdbc.bind - binding parameter (2:TIMESTAMP) <- [2026-08-12T15:33:03.677004800]
2026-08-12 15:33:03.678 TRACE [http-nio-8080-exec-6] [requestId=75c153f7-5796-4808-b402-df3c222414f9] org.hibernate.orm.jdbc.bind - binding parameter (3:BIGINT) <- [1]
2026-08-12 15:33:03.678 TRACE [http-nio-8080-exec-6] [requestId=75c153f7-5796-4808-b402-df3c222414f9] org.hibernate.orm.jdbc.bind - binding parameter (4:VARCHAR) <- [Venta VEN-8D833DC5]
2026-08-12 15:33:03.678 TRACE [http-nio-8080-exec-6] [requestId=75c153f7-5796-4808-b402-df3c222414f9] org.hibernate.orm.jdbc.bind - binding parameter (5:VARCHAR) <- [adminbencol]
2026-08-12 15:33:03.678 TRACE [http-nio-8080-exec-6] [requestId=75c153f7-5796-4808-b402-df3c222414f9] org.hibernate.orm.jdbc.bind - binding parameter (6:INTEGER) <- [265]
2026-08-12 15:33:03.678 TRACE [http-nio-8080-exec-6] [requestId=75c153f7-5796-4808-b402-df3c222414f9] org.hibernate.orm.jdbc.bind - binding parameter (7:INTEGER) <- [245]
2026-08-12 15:33:03.678 TRACE [http-nio-8080-exec-6] [requestId=75c153f7-5796-4808-b402-df3c222414f9] org.hibernate.orm.jdbc.bind - binding parameter (8:ENUM) <- [SALIDA]
2026-08-12 15:33:03.685 DEBUG [http-nio-8080-exec-6] [requestId=75c153f7-5796-4808-b402-df3c222414f9] org.hibernate.SQL - 
    select
        cec1_0.id,
        cec1_0.cantidad_prestados,
        cec1_0.cantidad_propios,
        cec1_0.cliente_id,
        cec1_0.fecha_actualizacion,
        cec1_0.fecha_creacion,
        cec1_0.producto_id 
    from
        cuentas_envases_clientes cec1_0 
    where
        cec1_0.cliente_id=? 
        and cec1_0.producto_id=? 
    for
        updateof cec1_0
2026-08-12 15:33:03.685 TRACE [http-nio-8080-exec-6] [requestId=75c153f7-5796-4808-b402-df3c222414f9] org.hibernate.orm.jdbc.bind - binding parameter (1:BIGINT) <- [1]
2026-08-12 15:33:03.685 TRACE [http-nio-8080-exec-6] [requestId=75c153f7-5796-4808-b402-df3c222414f9] org.hibernate.orm.jdbc.bind - binding parameter (2:BIGINT) <- [1]
2026-08-12 15:33:03.689 DEBUG [http-nio-8080-exec-6] [requestId=75c153f7-5796-4808-b402-df3c222414f9] org.hibernate.SQL - 
    insert 
    into
        movimientos_envases
        (cantidad, cuenta_envase_id, fecha_movimiento, referencia, registrado_por, tipo_movimiento) 
    values
        (?, ?, ?, ?, ?, ?)
2026-08-12 15:33:03.689 TRACE [http-nio-8080-exec-6] [requestId=75c153f7-5796-4808-b402-df3c222414f9] org.hibernate.orm.jdbc.bind - binding parameter (1:INTEGER) <- [20]
2026-08-12 15:33:03.690 TRACE [http-nio-8080-exec-6] [requestId=75c153f7-5796-4808-b402-df3c222414f9] org.hibernate.orm.jdbc.bind - binding parameter (2:BIGINT) <- [1]
2026-08-12 15:33:03.690 TRACE [http-nio-8080-exec-6] [requestId=75c153f7-5796-4808-b402-df3c222414f9] org.hibernate.orm.jdbc.bind - binding parameter (3:TIMESTAMP) <- [2026-08-12T15:33:03.688585900]
2026-08-12 15:33:03.690 TRACE [http-nio-8080-exec-6] [requestId=75c153f7-5796-4808-b402-df3c222414f9] org.hibernate.orm.jdbc.bind - binding parameter (4:VARCHAR) <- [Venta VEN-8D833DC5]
2026-08-12 15:33:03.690 TRACE [http-nio-8080-exec-6] [requestId=75c153f7-5796-4808-b402-df3c222414f9] org.hibernate.orm.jdbc.bind - binding parameter (5:VARCHAR) <- [adminbencol]
2026-08-12 15:33:03.690 TRACE [http-nio-8080-exec-6] [requestId=75c153f7-5796-4808-b402-df3c222414f9] org.hibernate.orm.jdbc.bind - binding parameter (6:ENUM) <- [PRESTAMO]
2026-08-12 15:33:03.692 DEBUG [http-nio-8080-exec-6] [requestId=75c153f7-5796-4808-b402-df3c222414f9] org.hibernate.SQL - 
    insert 
    into
        cuentas_cobrar
        (estado, fecha_actualizacion, fecha_creacion, monto_pagado, monto_total, saldo_pendiente, venta_id) 
    values
        (?, ?, ?, ?, ?, ?, ?)
2026-08-12 15:33:03.693 TRACE [http-nio-8080-exec-6] [requestId=75c153f7-5796-4808-b402-df3c222414f9] org.hibernate.orm.jdbc.bind - binding parameter (1:ENUM) <- [PENDIENTE]
2026-08-12 15:33:03.693 TRACE [http-nio-8080-exec-6] [requestId=75c153f7-5796-4808-b402-df3c222414f9] org.hibernate.orm.jdbc.bind - binding parameter (2:TIMESTAMP) <- [null]
2026-08-12 15:33:03.693 TRACE [http-nio-8080-exec-6] [requestId=75c153f7-5796-4808-b402-df3c222414f9] org.hibernate.orm.jdbc.bind - binding parameter (3:TIMESTAMP) <- [2026-08-12T15:33:03.692594500]
2026-08-12 15:33:03.693 TRACE [http-nio-8080-exec-6] [requestId=75c153f7-5796-4808-b402-df3c222414f9] org.hibernate.orm.jdbc.bind - binding parameter (4:NUMERIC) <- [0]
2026-08-12 15:33:03.693 TRACE [http-nio-8080-exec-6] [requestId=75c153f7-5796-4808-b402-df3c222414f9] org.hibernate.orm.jdbc.bind - binding parameter (5:NUMERIC) <- [190.00]
2026-08-12 15:33:03.693 TRACE [http-nio-8080-exec-6] [requestId=75c153f7-5796-4808-b402-df3c222414f9] org.hibernate.orm.jdbc.bind - binding parameter (6:NUMERIC) <- [190.00]
2026-08-12 15:33:03.693 TRACE [http-nio-8080-exec-6] [requestId=75c153f7-5796-4808-b402-df3c222414f9] org.hibernate.orm.jdbc.bind - binding parameter (7:BIGINT) <- [7]
2026-08-12 15:33:03.694 INFO  [http-nio-8080-exec-6] [requestId=75c153f7-5796-4808-b402-df3c222414f9] c.r.b.ventas.service.VentaServiceImpl - Venta creada. id=7, codigo=VEN-8D833DC5, clienteId=1, total=190.00, usuario=adminbencol
2026-08-12 15:33:03.699 DEBUG [http-nio-8080-exec-6] [requestId=75c153f7-5796-4808-b402-df3c222414f9] org.hibernate.SQL - 
    update
        inventarios 
    set
        fecha_actualizacion=?,
        fecha_creacion=?,
        producto_id=?,
        stock_actual=?,
        stock_maximo=?,
        stock_minimo=? 
    where
        id=?
2026-08-12 15:33:03.700 TRACE [http-nio-8080-exec-6] [requestId=75c153f7-5796-4808-b402-df3c222414f9] org.hibernate.orm.jdbc.bind - binding parameter (1:TIMESTAMP) <- [2026-08-12T15:33:03.695591100]
2026-08-12 15:33:03.700 TRACE [http-nio-8080-exec-6] [requestId=75c153f7-5796-4808-b402-df3c222414f9] org.hibernate.orm.jdbc.bind - binding parameter (2:TIMESTAMP) <- [2026-08-11T21:05:17.804805]
2026-08-12 15:33:03.700 TRACE [http-nio-8080-exec-6] [requestId=75c153f7-5796-4808-b402-df3c222414f9] org.hibernate.orm.jdbc.bind - binding parameter (3:BIGINT) <- [1]
2026-08-12 15:33:03.700 TRACE [http-nio-8080-exec-6] [requestId=75c153f7-5796-4808-b402-df3c222414f9] org.hibernate.orm.jdbc.bind - binding parameter (4:INTEGER) <- [245]
2026-08-12 15:33:03.700 TRACE [http-nio-8080-exec-6] [requestId=75c153f7-5796-4808-b402-df3c222414f9] org.hibernate.orm.jdbc.bind - binding parameter (5:INTEGER) <- [3000]
2026-08-12 15:33:03.700 TRACE [http-nio-8080-exec-6] [requestId=75c153f7-5796-4808-b402-df3c222414f9] org.hibernate.orm.jdbc.bind - binding parameter (6:INTEGER) <- [10]
2026-08-12 15:33:03.700 TRACE [http-nio-8080-exec-6] [requestId=75c153f7-5796-4808-b402-df3c222414f9] org.hibernate.orm.jdbc.bind - binding parameter (7:BIGINT) <- [1]
2026-08-12 15:33:03.702 DEBUG [http-nio-8080-exec-6] [requestId=75c153f7-5796-4808-b402-df3c222414f9] org.hibernate.SQL - 
    update
        cuentas_envases_clientes 
    set
        cantidad_prestados=?,
        cantidad_propios=?,
        cliente_id=?,
        fecha_actualizacion=?,
        fecha_creacion=?,
        producto_id=? 
    where
        id=?
2026-08-12 15:33:03.703 TRACE [http-nio-8080-exec-6] [requestId=75c153f7-5796-4808-b402-df3c222414f9] org.hibernate.orm.jdbc.bind - binding parameter (1:INTEGER) <- [35]
2026-08-12 15:33:03.703 TRACE [http-nio-8080-exec-6] [requestId=75c153f7-5796-4808-b402-df3c222414f9] org.hibernate.orm.jdbc.bind - binding parameter (2:INTEGER) <- [0]
2026-08-12 15:33:03.703 TRACE [http-nio-8080-exec-6] [requestId=75c153f7-5796-4808-b402-df3c222414f9] org.hibernate.orm.jdbc.bind - binding parameter (3:BIGINT) <- [1]
2026-08-12 15:33:03.703 TRACE [http-nio-8080-exec-6] [requestId=75c153f7-5796-4808-b402-df3c222414f9] org.hibernate.orm.jdbc.bind - binding parameter (4:TIMESTAMP) <- [2026-08-12T15:33:03.695591100]
2026-08-12 15:33:03.703 TRACE [http-nio-8080-exec-6] [requestId=75c153f7-5796-4808-b402-df3c222414f9] org.hibernate.orm.jdbc.bind - binding parameter (5:TIMESTAMP) <- [2026-08-11T21:49:31.965633]
2026-08-12 15:33:03.703 TRACE [http-nio-8080-exec-6] [requestId=75c153f7-5796-4808-b402-df3c222414f9] org.hibernate.orm.jdbc.bind - binding parameter (6:BIGINT) <- [1]
2026-08-12 15:33:03.703 TRACE [http-nio-8080-exec-6] [requestId=75c153f7-5796-4808-b402-df3c222414f9] org.hibernate.orm.jdbc.bind - binding parameter (7:BIGINT) <- [1]
2026-08-12 15:33:46.078 DEBUG [http-nio-8080-exec-7] [requestId=24c99917-2b05-4950-a77a-1d8a4d871d49] org.hibernate.SQL - 
    select
        mi1_0.id,
        mi1_0.cantidad,
        mi1_0.fecha_creacion,
        mi1_0.producto_id,
        mi1_0.referencia,
        mi1_0.registrado_por,
        mi1_0.stock_anterior,
        mi1_0.stock_nuevo,
        mi1_0.tipo_movimiento 
    from
        movimientos_inventario mi1_0 
    where
        (
            ? is null 
            or mi1_0.producto_id=?
        ) 
        and (
            ? is null 
            or mi1_0.tipo_movimiento=?
        ) 
        and (
            ? is null 
            or mi1_0.fecha_creacion>=?
        ) 
        and (
            ? is null 
            or mi1_0.fecha_creacion<?
        ) 
    order by
        mi1_0.fecha_creacion desc 
    limit
        ?
2026-08-12 15:33:46.081 TRACE [http-nio-8080-exec-7] [requestId=24c99917-2b05-4950-a77a-1d8a4d871d49] org.hibernate.orm.jdbc.bind - binding parameter (1:BIGINT) <- [null]
2026-08-12 15:33:46.082 TRACE [http-nio-8080-exec-7] [requestId=24c99917-2b05-4950-a77a-1d8a4d871d49] org.hibernate.orm.jdbc.bind - binding parameter (2:BIGINT) <- [null]
2026-08-12 15:33:46.086 TRACE [http-nio-8080-exec-7] [requestId=24c99917-2b05-4950-a77a-1d8a4d871d49] org.hibernate.orm.jdbc.bind - binding parameter (3:ENUM) <- [null]
2026-08-12 15:33:46.086 TRACE [http-nio-8080-exec-7] [requestId=24c99917-2b05-4950-a77a-1d8a4d871d49] org.hibernate.orm.jdbc.bind - binding parameter (4:ENUM) <- [null]
2026-08-12 15:33:46.086 TRACE [http-nio-8080-exec-7] [requestId=24c99917-2b05-4950-a77a-1d8a4d871d49] org.hibernate.orm.jdbc.bind - binding parameter (5:TIMESTAMP) <- [null]
2026-08-12 15:33:46.086 TRACE [http-nio-8080-exec-7] [requestId=24c99917-2b05-4950-a77a-1d8a4d871d49] org.hibernate.orm.jdbc.bind - binding parameter (6:TIMESTAMP) <- [null]
2026-08-12 15:33:46.086 TRACE [http-nio-8080-exec-7] [requestId=24c99917-2b05-4950-a77a-1d8a4d871d49] org.hibernate.orm.jdbc.bind - binding parameter (7:TIMESTAMP) <- [null]
2026-08-12 15:33:46.086 TRACE [http-nio-8080-exec-7] [requestId=24c99917-2b05-4950-a77a-1d8a4d871d49] org.hibernate.orm.jdbc.bind - binding parameter (8:TIMESTAMP) <- [null]
2026-08-12 15:33:46.086 TRACE [http-nio-8080-exec-7] [requestId=24c99917-2b05-4950-a77a-1d8a4d871d49] org.hibernate.orm.jdbc.bind - binding parameter (9:INTEGER) <- [20]
2026-08-12 15:33:46.088 DEBUG [http-nio-8080-exec-7] [requestId=24c99917-2b05-4950-a77a-1d8a4d871d49] org.hibernate.SQL - 
    select
        p1_0.id,
        p1_0.categoria,
        p1_0.codigo,
        p1_0.contenido,
        p1_0.descripcion,
        p1_0.estado,
        p1_0.precio_base,
        p1_0.unidad_medida,
        p1_0.unidades_por_paquete 
    from
        productos p1_0 
    where
        p1_0.id=?
2026-08-12 15:33:46.096 TRACE [http-nio-8080-exec-7] [requestId=24c99917-2b05-4950-a77a-1d8a4d871d49] org.hibernate.orm.jdbc.bind - binding parameter (1:BIGINT) <- [1]
2026-08-12 15:34:54.018 DEBUG [http-nio-8080-exec-10] [requestId=d7c35df5-eb17-45cf-ab2d-a4a7e3bd6fc1] org.hibernate.SQL - 
    select
        cec1_0.id,
        cec1_0.cantidad_prestados,
        cec1_0.cantidad_propios,
        cec1_0.cliente_id,
        cec1_0.fecha_actualizacion,
        cec1_0.fecha_creacion,
        cec1_0.producto_id 
    from
        cuentas_envases_clientes cec1_0
2026-08-12 15:34:54.019 DEBUG [http-nio-8080-exec-10] [requestId=d7c35df5-eb17-45cf-ab2d-a4a7e3bd6fc1] org.hibernate.SQL - 
    select
        c1_0.id,
        c1_0.categoria,
        c1_0.direccion,
        c1_0.email,
        c1_0.estado,
        c1_0.nombre,
        c1_0.telefono 
    from
        clients c1_0 
    where
        c1_0.id=?
2026-08-12 15:34:54.019 TRACE [http-nio-8080-exec-10] [requestId=d7c35df5-eb17-45cf-ab2d-a4a7e3bd6fc1] org.hibernate.orm.jdbc.bind - binding parameter (1:BIGINT) <- [1]
2026-08-12 15:34:54.020 DEBUG [http-nio-8080-exec-10] [requestId=d7c35df5-eb17-45cf-ab2d-a4a7e3bd6fc1] org.hibernate.SQL - 
    select
        p1_0.id,
        p1_0.categoria,
        p1_0.codigo,
        p1_0.contenido,
        p1_0.descripcion,
        p1_0.estado,
        p1_0.precio_base,
        p1_0.unidad_medida,
        p1_0.unidades_por_paquete 
    from
        productos p1_0 
    where
        p1_0.id=?
2026-08-12 15:34:54.020 TRACE [http-nio-8080-exec-10] [requestId=d7c35df5-eb17-45cf-ab2d-a4a7e3bd6fc1] org.hibernate.orm.jdbc.bind - binding parameter (1:BIGINT) <- [1]
2026-08-12 15:35:28.173 DEBUG [http-nio-8080-exec-3] [requestId=98e93973-dd53-4862-a331-ba6471707484] org.hibernate.SQL - 
    select
        c1_0.id,
        c1_0.categoria,
        c1_0.direccion,
        c1_0.email,
        c1_0.estado,
        c1_0.nombre,
        c1_0.telefono 
    from
        clients c1_0 
    where
        c1_0.id=?
2026-08-12 15:35:28.173 TRACE [http-nio-8080-exec-3] [requestId=98e93973-dd53-4862-a331-ba6471707484] org.hibernate.orm.jdbc.bind - binding parameter (1:BIGINT) <- [1]
2026-08-12 15:35:28.175 DEBUG [http-nio-8080-exec-3] [requestId=98e93973-dd53-4862-a331-ba6471707484] org.hibernate.SQL - 
    select
        p1_0.id,
        p1_0.categoria,
        p1_0.codigo,
        p1_0.contenido,
        p1_0.descripcion,
        p1_0.estado,
        p1_0.precio_base,
        p1_0.unidad_medida,
        p1_0.unidades_por_paquete 
    from
        productos p1_0 
    where
        p1_0.id=?
2026-08-12 15:35:28.175 TRACE [http-nio-8080-exec-3] [requestId=98e93973-dd53-4862-a331-ba6471707484] org.hibernate.orm.jdbc.bind - binding parameter (1:BIGINT) <- [1]
2026-08-12 15:35:28.176 DEBUG [http-nio-8080-exec-3] [requestId=98e93973-dd53-4862-a331-ba6471707484] org.hibernate.SQL - 
    select
        cec1_0.id,
        cec1_0.cantidad_prestados,
        cec1_0.cantidad_propios,
        cec1_0.cliente_id,
        cec1_0.fecha_actualizacion,
        cec1_0.fecha_creacion,
        cec1_0.producto_id 
    from
        cuentas_envases_clientes cec1_0 
    where
        cec1_0.cliente_id=? 
        and cec1_0.producto_id=? 
    for
        updateof cec1_0
2026-08-12 15:35:28.177 TRACE [http-nio-8080-exec-3] [requestId=98e93973-dd53-4862-a331-ba6471707484] org.hibernate.orm.jdbc.bind - binding parameter (1:BIGINT) <- [1]
2026-08-12 15:35:28.177 TRACE [http-nio-8080-exec-3] [requestId=98e93973-dd53-4862-a331-ba6471707484] org.hibernate.orm.jdbc.bind - binding parameter (2:BIGINT) <- [1]
2026-08-12 15:35:28.180 DEBUG [http-nio-8080-exec-3] [requestId=98e93973-dd53-4862-a331-ba6471707484] org.hibernate.SQL - 
    insert 
    into
        movimientos_envases
        (cantidad, cuenta_envase_id, fecha_movimiento, referencia, registrado_por, tipo_movimiento) 
    values
        (?, ?, ?, ?, ?, ?)
2026-08-12 15:35:28.180 TRACE [http-nio-8080-exec-3] [requestId=98e93973-dd53-4862-a331-ba6471707484] org.hibernate.orm.jdbc.bind - binding parameter (1:INTEGER) <- [15]
2026-08-12 15:35:28.180 TRACE [http-nio-8080-exec-3] [requestId=98e93973-dd53-4862-a331-ba6471707484] org.hibernate.orm.jdbc.bind - binding parameter (2:BIGINT) <- [1]
2026-08-12 15:35:28.180 TRACE [http-nio-8080-exec-3] [requestId=98e93973-dd53-4862-a331-ba6471707484] org.hibernate.orm.jdbc.bind - binding parameter (3:TIMESTAMP) <- [2026-08-12T15:35:28.178441700]
2026-08-12 15:35:28.180 TRACE [http-nio-8080-exec-3] [requestId=98e93973-dd53-4862-a331-ba6471707484] org.hibernate.orm.jdbc.bind - binding parameter (4:VARCHAR) <- [Intercambio de 15 bidones]
2026-08-12 15:35:28.180 TRACE [http-nio-8080-exec-3] [requestId=98e93973-dd53-4862-a331-ba6471707484] org.hibernate.orm.jdbc.bind - binding parameter (5:VARCHAR) <- [adminbencol]
2026-08-12 15:35:28.180 TRACE [http-nio-8080-exec-3] [requestId=98e93973-dd53-4862-a331-ba6471707484] org.hibernate.orm.jdbc.bind - binding parameter (6:ENUM) <- [INTERCAMBIO]
2026-08-12 15:35:36.998 DEBUG [http-nio-8080-exec-1] [requestId=875a3320-f191-45a1-a13c-1ffa291457fe] org.hibernate.SQL - 
    select
        cec1_0.id,
        cec1_0.cantidad_prestados,
        cec1_0.cantidad_propios,
        cec1_0.cliente_id,
        cec1_0.fecha_actualizacion,
        cec1_0.fecha_creacion,
        cec1_0.producto_id 
    from
        cuentas_envases_clientes cec1_0
2026-08-12 15:35:36.999 DEBUG [http-nio-8080-exec-1] [requestId=875a3320-f191-45a1-a13c-1ffa291457fe] org.hibernate.SQL - 
    select
        c1_0.id,
        c1_0.categoria,
        c1_0.direccion,
        c1_0.email,
        c1_0.estado,
        c1_0.nombre,
        c1_0.telefono 
    from
        clients c1_0 
    where
        c1_0.id=?
2026-08-12 15:35:37.000 TRACE [http-nio-8080-exec-1] [requestId=875a3320-f191-45a1-a13c-1ffa291457fe] org.hibernate.orm.jdbc.bind - binding parameter (1:BIGINT) <- [1]
2026-08-12 15:35:37.000 DEBUG [http-nio-8080-exec-1] [requestId=875a3320-f191-45a1-a13c-1ffa291457fe] org.hibernate.SQL - 
    select
        p1_0.id,
        p1_0.categoria,
        p1_0.codigo,
        p1_0.contenido,
        p1_0.descripcion,
        p1_0.estado,
        p1_0.precio_base,
        p1_0.unidad_medida,
        p1_0.unidades_por_paquete 
    from
        productos p1_0 
    where
        p1_0.id=?
2026-08-12 15:35:37.000 TRACE [http-nio-8080-exec-1] [requestId=875a3320-f191-45a1-a13c-1ffa291457fe] org.hibernate.orm.jdbc.bind - binding parameter (1:BIGINT) <- [1]
2026-08-12 15:37:02.523 DEBUG [http-nio-8080-exec-4] [requestId=7c6dca99-26ee-4cfb-b872-ad87fc820193] org.hibernate.SQL - 
    select
        v1_0.id,
        v1_0.actualizado_por,
        v1_0.cliente_id,
        c1_0.id,
        c1_0.categoria,
        c1_0.direccion,
        c1_0.email,
        c1_0.estado,
        c1_0.nombre,
        c1_0.telefono,
        v1_0.codigo,
        v1_0.creado_por,
        v1_0.estado,
        v1_0.fecha_actualizacion,
        v1_0.fecha_creacion,
        v1_0.subtotal,
        v1_0.total 
    from
        ventas v1_0 
    join
        clients c1_0 
            on c1_0.id=v1_0.cliente_id 
    where
        v1_0.id=?
2026-08-12 15:37:02.524 TRACE [http-nio-8080-exec-4] [requestId=7c6dca99-26ee-4cfb-b872-ad87fc820193] org.hibernate.orm.jdbc.bind - binding parameter (1:BIGINT) <- [7]
2026-08-12 15:37:02.530 DEBUG [http-nio-8080-exec-4] [requestId=7c6dca99-26ee-4cfb-b872-ad87fc820193] org.hibernate.SQL - 
    select
        cc1_0.id,
        cc1_0.estado,
        cc1_0.fecha_actualizacion,
        cc1_0.fecha_creacion,
        cc1_0.monto_pagado,
        cc1_0.monto_total,
        cc1_0.saldo_pendiente,
        cc1_0.venta_id 
    from
        cuentas_cobrar cc1_0 
    where
        cc1_0.venta_id=?
2026-08-12 15:37:02.530 TRACE [http-nio-8080-exec-4] [requestId=7c6dca99-26ee-4cfb-b872-ad87fc820193] org.hibernate.orm.jdbc.bind - binding parameter (1:BIGINT) <- [7]
2026-08-12 15:37:02.532 DEBUG [http-nio-8080-exec-4] [requestId=7c6dca99-26ee-4cfb-b872-ad87fc820193] org.hibernate.SQL - 
    select
        d1_0.venta_id,
        d1_0.id,
        d1_0.cantidad,
        d1_0.envases_devueltos,
        d1_0.modalidad_envase,
        d1_0.precio_unitario,
        d1_0.producto_id,
        p1_0.id,
        p1_0.categoria,
        p1_0.codigo,
        p1_0.contenido,
        p1_0.descripcion,
        p1_0.estado,
        p1_0.precio_base,
        p1_0.unidad_medida,
        p1_0.unidades_por_paquete,
        d1_0.subtotal 
    from
        detalles_ventas d1_0 
    left join
        productos p1_0 
            on p1_0.id=d1_0.producto_id 
    where
        d1_0.venta_id=?
2026-08-12 15:37:02.532 TRACE [http-nio-8080-exec-4] [requestId=7c6dca99-26ee-4cfb-b872-ad87fc820193] org.hibernate.orm.jdbc.bind - binding parameter (1:BIGINT) <- [7]
2026-08-12 15:37:02.535 DEBUG [http-nio-8080-exec-4] [requestId=7c6dca99-26ee-4cfb-b872-ad87fc820193] org.hibernate.SQL - 
    select
        i1_0.id,
        i1_0.fecha_actualizacion,
        i1_0.fecha_creacion,
        i1_0.producto_id,
        i1_0.stock_actual,
        i1_0.stock_maximo,
        i1_0.stock_minimo 
    from
        inventarios i1_0 
    where
        i1_0.producto_id=? 
    for
        updateof i1_0
2026-08-12 15:37:02.536 TRACE [http-nio-8080-exec-4] [requestId=7c6dca99-26ee-4cfb-b872-ad87fc820193] org.hibernate.orm.jdbc.bind - binding parameter (1:BIGINT) <- [1]
2026-08-12 15:37:02.539 DEBUG [http-nio-8080-exec-4] [requestId=7c6dca99-26ee-4cfb-b872-ad87fc820193] org.hibernate.SQL - 
    insert 
    into
        movimientos_inventario
        (cantidad, fecha_creacion, producto_id, referencia, registrado_por, stock_anterior, stock_nuevo, tipo_movimiento) 
    values
        (?, ?, ?, ?, ?, ?, ?, ?)
2026-08-12 15:37:02.540 TRACE [http-nio-8080-exec-4] [requestId=7c6dca99-26ee-4cfb-b872-ad87fc820193] org.hibernate.orm.jdbc.bind - binding parameter (1:INTEGER) <- [20]
2026-08-12 15:37:02.540 TRACE [http-nio-8080-exec-4] [requestId=7c6dca99-26ee-4cfb-b872-ad87fc820193] org.hibernate.orm.jdbc.bind - binding parameter (2:TIMESTAMP) <- [2026-08-12T15:37:02.538819300]
2026-08-12 15:37:02.540 TRACE [http-nio-8080-exec-4] [requestId=7c6dca99-26ee-4cfb-b872-ad87fc820193] org.hibernate.orm.jdbc.bind - binding parameter (3:BIGINT) <- [1]
2026-08-12 15:37:02.540 TRACE [http-nio-8080-exec-4] [requestId=7c6dca99-26ee-4cfb-b872-ad87fc820193] org.hibernate.orm.jdbc.bind - binding parameter (4:VARCHAR) <- [Anulación venta VEN-8D833DC5]
2026-08-12 15:37:02.540 TRACE [http-nio-8080-exec-4] [requestId=7c6dca99-26ee-4cfb-b872-ad87fc820193] org.hibernate.orm.jdbc.bind - binding parameter (5:VARCHAR) <- [adminbencol]
2026-08-12 15:37:02.540 TRACE [http-nio-8080-exec-4] [requestId=7c6dca99-26ee-4cfb-b872-ad87fc820193] org.hibernate.orm.jdbc.bind - binding parameter (6:INTEGER) <- [245]
2026-08-12 15:37:02.540 TRACE [http-nio-8080-exec-4] [requestId=7c6dca99-26ee-4cfb-b872-ad87fc820193] org.hibernate.orm.jdbc.bind - binding parameter (7:INTEGER) <- [265]
2026-08-12 15:37:02.541 TRACE [http-nio-8080-exec-4] [requestId=7c6dca99-26ee-4cfb-b872-ad87fc820193] org.hibernate.orm.jdbc.bind - binding parameter (8:ENUM) <- [ENTRADA]
2026-08-12 15:37:02.546 DEBUG [http-nio-8080-exec-4] [requestId=7c6dca99-26ee-4cfb-b872-ad87fc820193] org.hibernate.SQL - 
    select
        cec1_0.id,
        cec1_0.cantidad_prestados,
        cec1_0.cantidad_propios,
        cec1_0.cliente_id,
        cec1_0.fecha_actualizacion,
        cec1_0.fecha_creacion,
        cec1_0.producto_id 
    from
        cuentas_envases_clientes cec1_0 
    where
        cec1_0.cliente_id=? 
        and cec1_0.producto_id=? 
    for
        updateof cec1_0
2026-08-12 15:37:02.547 TRACE [http-nio-8080-exec-4] [requestId=7c6dca99-26ee-4cfb-b872-ad87fc820193] org.hibernate.orm.jdbc.bind - binding parameter (1:BIGINT) <- [1]
2026-08-12 15:37:02.547 TRACE [http-nio-8080-exec-4] [requestId=7c6dca99-26ee-4cfb-b872-ad87fc820193] org.hibernate.orm.jdbc.bind - binding parameter (2:BIGINT) <- [1]
2026-08-12 15:37:02.549 DEBUG [http-nio-8080-exec-4] [requestId=7c6dca99-26ee-4cfb-b872-ad87fc820193] org.hibernate.SQL - 
    insert 
    into
        movimientos_envases
        (cantidad, cuenta_envase_id, fecha_movimiento, referencia, registrado_por, tipo_movimiento) 
    values
        (?, ?, ?, ?, ?, ?)
2026-08-12 15:37:02.549 TRACE [http-nio-8080-exec-4] [requestId=7c6dca99-26ee-4cfb-b872-ad87fc820193] org.hibernate.orm.jdbc.bind - binding parameter (1:INTEGER) <- [20]
2026-08-12 15:37:02.550 TRACE [http-nio-8080-exec-4] [requestId=7c6dca99-26ee-4cfb-b872-ad87fc820193] org.hibernate.orm.jdbc.bind - binding parameter (2:BIGINT) <- [1]
2026-08-12 15:37:02.550 TRACE [http-nio-8080-exec-4] [requestId=7c6dca99-26ee-4cfb-b872-ad87fc820193] org.hibernate.orm.jdbc.bind - binding parameter (3:TIMESTAMP) <- [2026-08-12T15:37:02.549326300]
2026-08-12 15:37:02.550 TRACE [http-nio-8080-exec-4] [requestId=7c6dca99-26ee-4cfb-b872-ad87fc820193] org.hibernate.orm.jdbc.bind - binding parameter (4:VARCHAR) <- [Anulación venta VEN-8D833DC5]
2026-08-12 15:37:02.550 TRACE [http-nio-8080-exec-4] [requestId=7c6dca99-26ee-4cfb-b872-ad87fc820193] org.hibernate.orm.jdbc.bind - binding parameter (5:VARCHAR) <- [adminbencol]
2026-08-12 15:37:02.550 TRACE [http-nio-8080-exec-4] [requestId=7c6dca99-26ee-4cfb-b872-ad87fc820193] org.hibernate.orm.jdbc.bind - binding parameter (6:ENUM) <- [AJUSTE]
2026-08-12 15:37:02.552 DEBUG [http-nio-8080-exec-4] [requestId=7c6dca99-26ee-4cfb-b872-ad87fc820193] org.hibernate.SQL - 
    select
        cc1_0.id,
        cc1_0.estado,
        cc1_0.fecha_actualizacion,
        cc1_0.fecha_creacion,
        cc1_0.monto_pagado,
        cc1_0.monto_total,
        cc1_0.saldo_pendiente,
        cc1_0.venta_id 
    from
        cuentas_cobrar cc1_0 
    where
        cc1_0.venta_id=?
2026-08-12 15:37:02.553 TRACE [http-nio-8080-exec-4] [requestId=7c6dca99-26ee-4cfb-b872-ad87fc820193] org.hibernate.orm.jdbc.bind - binding parameter (1:BIGINT) <- [7]
2026-08-12 15:37:02.555 INFO  [http-nio-8080-exec-4] [requestId=7c6dca99-26ee-4cfb-b872-ad87fc820193] c.r.b.ventas.service.VentaServiceImpl - Venta anulada. id=7, codigo=VEN-8D833DC5, usuario=adminbencol
2026-08-12 15:37:02.558 DEBUG [http-nio-8080-exec-4] [requestId=7c6dca99-26ee-4cfb-b872-ad87fc820193] org.hibernate.SQL - 
    update
        ventas 
    set
        actualizado_por=?,
        cliente_id=?,
        codigo=?,
        creado_por=?,
        estado=?,
        fecha_actualizacion=?,
        fecha_creacion=?,
        subtotal=?,
        total=? 
    where
        id=?
2026-08-12 15:37:02.559 TRACE [http-nio-8080-exec-4] [requestId=7c6dca99-26ee-4cfb-b872-ad87fc820193] org.hibernate.orm.jdbc.bind - binding parameter (1:VARCHAR) <- [adminbencol]
2026-08-12 15:37:02.559 TRACE [http-nio-8080-exec-4] [requestId=7c6dca99-26ee-4cfb-b872-ad87fc820193] org.hibernate.orm.jdbc.bind - binding parameter (2:BIGINT) <- [1]
2026-08-12 15:37:02.559 TRACE [http-nio-8080-exec-4] [requestId=7c6dca99-26ee-4cfb-b872-ad87fc820193] org.hibernate.orm.jdbc.bind - binding parameter (3:VARCHAR) <- [VEN-8D833DC5]
2026-08-12 15:37:02.559 TRACE [http-nio-8080-exec-4] [requestId=7c6dca99-26ee-4cfb-b872-ad87fc820193] org.hibernate.orm.jdbc.bind - binding parameter (4:VARCHAR) <- [adminbencol]
2026-08-12 15:37:02.559 TRACE [http-nio-8080-exec-4] [requestId=7c6dca99-26ee-4cfb-b872-ad87fc820193] org.hibernate.orm.jdbc.bind - binding parameter (5:ENUM) <- [ANULADA]
2026-08-12 15:37:02.559 TRACE [http-nio-8080-exec-4] [requestId=7c6dca99-26ee-4cfb-b872-ad87fc820193] org.hibernate.orm.jdbc.bind - binding parameter (6:TIMESTAMP) <- [2026-08-12T15:37:02.556846200]
2026-08-12 15:37:02.559 TRACE [http-nio-8080-exec-4] [requestId=7c6dca99-26ee-4cfb-b872-ad87fc820193] org.hibernate.orm.jdbc.bind - binding parameter (7:TIMESTAMP) <- [2026-08-12T15:33:03.658913]
2026-08-12 15:37:02.559 TRACE [http-nio-8080-exec-4] [requestId=7c6dca99-26ee-4cfb-b872-ad87fc820193] org.hibernate.orm.jdbc.bind - binding parameter (8:NUMERIC) <- [190.00]
2026-08-12 15:37:02.559 TRACE [http-nio-8080-exec-4] [requestId=7c6dca99-26ee-4cfb-b872-ad87fc820193] org.hibernate.orm.jdbc.bind - binding parameter (9:NUMERIC) <- [190.00]
2026-08-12 15:37:02.560 TRACE [http-nio-8080-exec-4] [requestId=7c6dca99-26ee-4cfb-b872-ad87fc820193] org.hibernate.orm.jdbc.bind - binding parameter (10:BIGINT) <- [7]
2026-08-12 15:37:02.563 DEBUG [http-nio-8080-exec-4] [requestId=7c6dca99-26ee-4cfb-b872-ad87fc820193] org.hibernate.SQL - 
    update
        cuentas_cobrar 
    set
        estado=?,
        fecha_actualizacion=?,
        fecha_creacion=?,
        monto_pagado=?,
        monto_total=?,
        saldo_pendiente=?,
        venta_id=? 
    where
        id=?
2026-08-12 15:37:02.563 TRACE [http-nio-8080-exec-4] [requestId=7c6dca99-26ee-4cfb-b872-ad87fc820193] org.hibernate.orm.jdbc.bind - binding parameter (1:ENUM) <- [ANULADA]
2026-08-12 15:37:02.564 TRACE [http-nio-8080-exec-4] [requestId=7c6dca99-26ee-4cfb-b872-ad87fc820193] org.hibernate.orm.jdbc.bind - binding parameter (2:TIMESTAMP) <- [2026-08-12T15:37:02.556846200]
2026-08-12 15:37:02.564 TRACE [http-nio-8080-exec-4] [requestId=7c6dca99-26ee-4cfb-b872-ad87fc820193] org.hibernate.orm.jdbc.bind - binding parameter (3:TIMESTAMP) <- [2026-08-12T15:33:03.692595]
2026-08-12 15:37:02.564 TRACE [http-nio-8080-exec-4] [requestId=7c6dca99-26ee-4cfb-b872-ad87fc820193] org.hibernate.orm.jdbc.bind - binding parameter (4:NUMERIC) <- [0.00]
2026-08-12 15:37:02.564 TRACE [http-nio-8080-exec-4] [requestId=7c6dca99-26ee-4cfb-b872-ad87fc820193] org.hibernate.orm.jdbc.bind - binding parameter (5:NUMERIC) <- [190.00]
2026-08-12 15:37:02.564 TRACE [http-nio-8080-exec-4] [requestId=7c6dca99-26ee-4cfb-b872-ad87fc820193] org.hibernate.orm.jdbc.bind - binding parameter (6:NUMERIC) <- [190.00]
2026-08-12 15:37:02.564 TRACE [http-nio-8080-exec-4] [requestId=7c6dca99-26ee-4cfb-b872-ad87fc820193] org.hibernate.orm.jdbc.bind - binding parameter (7:BIGINT) <- [7]
2026-08-12 15:37:02.564 TRACE [http-nio-8080-exec-4] [requestId=7c6dca99-26ee-4cfb-b872-ad87fc820193] org.hibernate.orm.jdbc.bind - binding parameter (8:BIGINT) <- [4]
2026-08-12 15:37:02.567 DEBUG [http-nio-8080-exec-4] [requestId=7c6dca99-26ee-4cfb-b872-ad87fc820193] org.hibernate.SQL - 
    update
        inventarios 
    set
        fecha_actualizacion=?,
        fecha_creacion=?,
        producto_id=?,
        stock_actual=?,
        stock_maximo=?,
        stock_minimo=? 
    where
        id=?
2026-08-12 15:37:02.567 TRACE [http-nio-8080-exec-4] [requestId=7c6dca99-26ee-4cfb-b872-ad87fc820193] org.hibernate.orm.jdbc.bind - binding parameter (1:TIMESTAMP) <- [2026-08-12T15:37:02.556846200]
2026-08-12 15:37:02.567 TRACE [http-nio-8080-exec-4] [requestId=7c6dca99-26ee-4cfb-b872-ad87fc820193] org.hibernate.orm.jdbc.bind - binding parameter (2:TIMESTAMP) <- [2026-08-11T21:05:17.804805]
2026-08-12 15:37:02.567 TRACE [http-nio-8080-exec-4] [requestId=7c6dca99-26ee-4cfb-b872-ad87fc820193] org.hibernate.orm.jdbc.bind - binding parameter (3:BIGINT) <- [1]
2026-08-12 15:37:02.567 TRACE [http-nio-8080-exec-4] [requestId=7c6dca99-26ee-4cfb-b872-ad87fc820193] org.hibernate.orm.jdbc.bind - binding parameter (4:INTEGER) <- [265]
2026-08-12 15:37:02.568 TRACE [http-nio-8080-exec-4] [requestId=7c6dca99-26ee-4cfb-b872-ad87fc820193] org.hibernate.orm.jdbc.bind - binding parameter (5:INTEGER) <- [3000]
2026-08-12 15:37:02.568 TRACE [http-nio-8080-exec-4] [requestId=7c6dca99-26ee-4cfb-b872-ad87fc820193] org.hibernate.orm.jdbc.bind - binding parameter (6:INTEGER) <- [10]
2026-08-12 15:37:02.568 TRACE [http-nio-8080-exec-4] [requestId=7c6dca99-26ee-4cfb-b872-ad87fc820193] org.hibernate.orm.jdbc.bind - binding parameter (7:BIGINT) <- [1]
2026-08-12 15:37:02.570 DEBUG [http-nio-8080-exec-4] [requestId=7c6dca99-26ee-4cfb-b872-ad87fc820193] org.hibernate.SQL - 
    update
        cuentas_envases_clientes 
    set
        cantidad_prestados=?,
        cantidad_propios=?,
        cliente_id=?,
        fecha_actualizacion=?,
        fecha_creacion=?,
        producto_id=? 
    where
        id=?
2026-08-12 15:37:02.571 TRACE [http-nio-8080-exec-4] [requestId=7c6dca99-26ee-4cfb-b872-ad87fc820193] org.hibernate.orm.jdbc.bind - binding parameter (1:INTEGER) <- [15]
2026-08-12 15:37:02.571 TRACE [http-nio-8080-exec-4] [requestId=7c6dca99-26ee-4cfb-b872-ad87fc820193] org.hibernate.orm.jdbc.bind - binding parameter (2:INTEGER) <- [0]
2026-08-12 15:37:02.571 TRACE [http-nio-8080-exec-4] [requestId=7c6dca99-26ee-4cfb-b872-ad87fc820193] org.hibernate.orm.jdbc.bind - binding parameter (3:BIGINT) <- [1]
2026-08-12 15:37:02.571 TRACE [http-nio-8080-exec-4] [requestId=7c6dca99-26ee-4cfb-b872-ad87fc820193] org.hibernate.orm.jdbc.bind - binding parameter (4:TIMESTAMP) <- [2026-08-12T15:37:02.556846200]
2026-08-12 15:37:02.571 TRACE [http-nio-8080-exec-4] [requestId=7c6dca99-26ee-4cfb-b872-ad87fc820193] org.hibernate.orm.jdbc.bind - binding parameter (5:TIMESTAMP) <- [2026-08-11T21:49:31.965633]
2026-08-12 15:37:02.571 TRACE [http-nio-8080-exec-4] [requestId=7c6dca99-26ee-4cfb-b872-ad87fc820193] org.hibernate.orm.jdbc.bind - binding parameter (6:BIGINT) <- [1]
2026-08-12 15:37:02.571 TRACE [http-nio-8080-exec-4] [requestId=7c6dca99-26ee-4cfb-b872-ad87fc820193] org.hibernate.orm.jdbc.bind - binding parameter (7:BIGINT) <- [1]
2026-08-12 15:37:24.198 DEBUG [http-nio-8080-exec-6] [requestId=361ec442-2809-48fc-8b27-f76745a96d4e] org.hibernate.SQL - 
    select
        c1_0.id,
        c1_0.categoria,
        c1_0.direccion,
        c1_0.email,
        c1_0.estado,
        c1_0.nombre,
        c1_0.telefono 
    from
        clients c1_0 
    where
        c1_0.id=?
2026-08-12 15:37:24.199 TRACE [http-nio-8080-exec-6] [requestId=361ec442-2809-48fc-8b27-f76745a96d4e] org.hibernate.orm.jdbc.bind - binding parameter (1:BIGINT) <- [1]
2026-08-12 15:37:24.200 DEBUG [http-nio-8080-exec-6] [requestId=361ec442-2809-48fc-8b27-f76745a96d4e] org.hibernate.SQL - 
    select
        p1_0.id,
        p1_0.categoria,
        p1_0.codigo,
        p1_0.contenido,
        p1_0.descripcion,
        p1_0.estado,
        p1_0.precio_base,
        p1_0.unidad_medida,
        p1_0.unidades_por_paquete 
    from
        productos p1_0 
    where
        p1_0.id=?
2026-08-12 15:37:24.201 TRACE [http-nio-8080-exec-6] [requestId=361ec442-2809-48fc-8b27-f76745a96d4e] org.hibernate.orm.jdbc.bind - binding parameter (1:BIGINT) <- [1]
2026-08-12 15:37:24.202 DEBUG [http-nio-8080-exec-6] [requestId=361ec442-2809-48fc-8b27-f76745a96d4e] org.hibernate.SQL - 
    select
        cec1_0.id,
        cec1_0.cantidad_prestados,
        cec1_0.cantidad_propios,
        cec1_0.cliente_id,
        cec1_0.fecha_actualizacion,
        cec1_0.fecha_creacion,
        cec1_0.producto_id 
    from
        cuentas_envases_clientes cec1_0 
    where
        cec1_0.cliente_id=? 
        and cec1_0.producto_id=? 
    for
        updateof cec1_0
2026-08-12 15:37:24.204 TRACE [http-nio-8080-exec-6] [requestId=361ec442-2809-48fc-8b27-f76745a96d4e] org.hibernate.orm.jdbc.bind - binding parameter (1:BIGINT) <- [1]
2026-08-12 15:37:24.204 TRACE [http-nio-8080-exec-6] [requestId=361ec442-2809-48fc-8b27-f76745a96d4e] org.hibernate.orm.jdbc.bind - binding parameter (2:BIGINT) <- [1]
2026-08-12 15:37:24.206 DEBUG [http-nio-8080-exec-6] [requestId=361ec442-2809-48fc-8b27-f76745a96d4e] org.hibernate.SQL - 
    insert 
    into
        movimientos_envases
        (cantidad, cuenta_envase_id, fecha_movimiento, referencia, registrado_por, tipo_movimiento) 
    values
        (?, ?, ?, ?, ?, ?)
2026-08-12 15:37:24.206 TRACE [http-nio-8080-exec-6] [requestId=361ec442-2809-48fc-8b27-f76745a96d4e] org.hibernate.orm.jdbc.bind - binding parameter (1:INTEGER) <- [15]
2026-08-12 15:37:24.206 TRACE [http-nio-8080-exec-6] [requestId=361ec442-2809-48fc-8b27-f76745a96d4e] org.hibernate.orm.jdbc.bind - binding parameter (2:BIGINT) <- [1]
2026-08-12 15:37:24.206 TRACE [http-nio-8080-exec-6] [requestId=361ec442-2809-48fc-8b27-f76745a96d4e] org.hibernate.orm.jdbc.bind - binding parameter (3:TIMESTAMP) <- [2026-08-12T15:37:24.206537200]
2026-08-12 15:37:24.206 TRACE [http-nio-8080-exec-6] [requestId=361ec442-2809-48fc-8b27-f76745a96d4e] org.hibernate.orm.jdbc.bind - binding parameter (4:VARCHAR) <- [Intercambio de 15 bidones]
2026-08-12 15:37:24.206 TRACE [http-nio-8080-exec-6] [requestId=361ec442-2809-48fc-8b27-f76745a96d4e] org.hibernate.orm.jdbc.bind - binding parameter (5:VARCHAR) <- [adminbencol]
2026-08-12 15:37:24.207 TRACE [http-nio-8080-exec-6] [requestId=361ec442-2809-48fc-8b27-f76745a96d4e] org.hibernate.orm.jdbc.bind - binding parameter (6:ENUM) <- [INTERCAMBIO]
2026-08-12 15:41:33.448 INFO  [SpringApplicationShutdownHook] [requestId=N/A] o.s.boot.tomcat.GracefulShutdown - Commencing graceful shutdown. Waiting for active requests to complete
2026-08-12 15:41:33.452 INFO  [tomcat-shutdown] [requestId=N/A] o.s.boot.tomcat.GracefulShutdown - Graceful shutdown complete
2026-08-12 15:41:33.458 INFO  [SpringApplicationShutdownHook] [requestId=N/A] o.s.o.j.LocalContainerEntityManagerFactoryBean - Closing JPA EntityManagerFactory for persistence unit 'default'
2026-08-12 15:41:33.460 INFO  [SpringApplicationShutdownHook] [requestId=N/A] com.zaxxer.hikari.HikariDataSource - HikariPool-1 - Shutdown initiated...
2026-08-12 15:41:33.473 INFO  [SpringApplicationShutdownHook] [requestId=N/A] com.zaxxer.hikari.HikariDataSource - HikariPool-1 - Shutdown completed.
2026-08-12 15:49:36.324 INFO  [restartedMain] [requestId=N/A] c.r.bencolapp.BencolAppApplication - Starting BencolAppApplication using Java 21.0.7 with PID 4252 (C:\Users\WILDER\OneDrive\Escritorio\bencol-app\bencol\target\classes started by WILDER in C:\Users\WILDER\OneDrive\Escritorio\bencol-app\bencol)
2026-08-12 15:49:36.326 DEBUG [restartedMain] [requestId=N/A] c.r.bencolapp.BencolAppApplication - Running with Spring Boot v4.1.0, Spring v7.0.8
2026-08-12 15:49:36.326 INFO  [restartedMain] [requestId=N/A] c.r.bencolapp.BencolAppApplication - The following 1 profile is active: "dev"
2026-08-12 15:49:36.361 INFO  [restartedMain] [requestId=N/A] o.s.b.d.e.DevToolsPropertyDefaultsPostProcessor - Devtools property defaults active! Set 'spring.devtools.add-properties' to 'false' to disable
2026-08-12 15:49:36.361 INFO  [restartedMain] [requestId=N/A] o.s.b.d.e.DevToolsPropertyDefaultsPostProcessor - For additional web related logging consider setting the 'logging.level.web' property to 'DEBUG'
2026-08-12 15:49:37.037 INFO  [restartedMain] [requestId=N/A] o.s.d.r.c.RepositoryConfigurationDelegate - Bootstrapping Spring Data JPA repositories in DEFAULT mode.
2026-08-12 15:49:37.190 INFO  [restartedMain] [requestId=N/A] o.s.d.r.c.RepositoryConfigurationDelegate - Finished Spring Data repository scanning in 145 ms. Found 21 JPA repository interfaces.
2026-08-12 15:49:37.666 INFO  [restartedMain] [requestId=N/A] o.s.boot.tomcat.TomcatWebServer - Tomcat initialized with port 8080 (http)
2026-08-12 15:49:37.680 INFO  [restartedMain] [requestId=N/A] o.apache.catalina.core.StandardService - Starting service [Tomcat]
2026-08-12 15:49:37.680 INFO  [restartedMain] [requestId=N/A] org.apache.catalina.core.StandardEngine - Starting Servlet engine: [Apache Tomcat/11.0.22]
2026-08-12 15:49:37.724 INFO  [restartedMain] [requestId=N/A] o.s.b.w.c.s.WebApplicationContextInitializer - Root WebApplicationContext: initialization completed in 1362 ms
2026-08-12 15:49:37.761 DEBUG [restartedMain] [requestId=N/A] c.r.b.utils.logging.RequestIdFilter - Filter 'requestIdFilter' configured for use
2026-08-12 15:49:37.951 INFO  [restartedMain] [requestId=N/A] com.zaxxer.hikari.HikariDataSource - HikariPool-1 - Starting...
2026-08-12 15:49:38.080 INFO  [restartedMain] [requestId=N/A] com.zaxxer.hikari.pool.HikariPool - HikariPool-1 - Added connection com.mysql.cj.jdbc.ConnectionImpl@34f98fd4
2026-08-12 15:49:38.081 INFO  [restartedMain] [requestId=N/A] com.zaxxer.hikari.HikariDataSource - HikariPool-1 - Start completed.
2026-08-12 15:49:38.107 INFO  [restartedMain] [requestId=N/A] org.flywaydb.core.FlywayExecutor - Database: jdbc:mysql://localhost:3306/bencol_system?useSSL=false&serverTimezone=America/Lima&allowPublicKeyRetrieval=true (MySQL 8.0)
2026-08-12 15:49:38.176 INFO  [restartedMain] [requestId=N/A] o.f.core.internal.command.DbValidate - Successfully validated 5 migrations (execution time 00:00.031s)
2026-08-12 15:49:38.190 INFO  [restartedMain] [requestId=N/A] o.f.core.internal.command.DbMigrate - Current version of schema `bencol_system`: 5
2026-08-12 15:49:38.192 INFO  [restartedMain] [requestId=N/A] o.f.core.internal.command.DbMigrate - Schema `bencol_system` is up to date. No migration necessary.
2026-08-12 15:49:38.309 INFO  [restartedMain] [requestId=N/A] org.hibernate.orm.jpa - HHH008540: Processing PersistenceUnitInfo [name: default]
2026-08-12 15:49:38.373 INFO  [restartedMain] [requestId=N/A] org.hibernate.orm.core - HHH000001: Hibernate ORM core version 7.4.1.Final
2026-08-12 15:49:38.795 INFO  [restartedMain] [requestId=N/A] o.s.o.j.p.SpringPersistenceUnitInfo - No LoadTimeWeaver setup: ignoring JPA class transformer
2026-08-12 15:49:38.885 INFO  [restartedMain] [requestId=N/A] org.hibernate.orm.connections.pooling - HHH10001005: Database info:
	Database JDBC URL [jdbc:mysql://localhost:3306/bencol_system?useSSL=false&serverTimezone=America/Lima&allowPublicKeyRetrieval=true]
	Database driver: MySQL Connector/J
	Database dialect: MySQLDialect
	Database version: 8.0.44
	Default catalog/schema: bencol_system/undefined
	Autocommit mode: undefined/unknown
	Isolation level: REPEATABLE_READ [default REPEATABLE_READ]
	JDBC fetch size: none
	Pool: DataSourceConnectionProvider
	Minimum pool size: undefined/unknown
	Maximum pool size: undefined/unknown
2026-08-12 15:49:40.006 INFO  [restartedMain] [requestId=N/A] org.hibernate.orm.core - HHH000489: No JTA platform available (set 'hibernate.transaction.jta.platform' to enable JTA platform integration)
2026-08-12 15:49:40.053 INFO  [restartedMain] [requestId=N/A] o.s.o.j.LocalContainerEntityManagerFactoryBean - Initialized JPA EntityManagerFactory for persistence unit 'default'
2026-08-12 15:49:40.120 INFO  [restartedMain] [requestId=N/A] o.s.d.j.r.query.QueryEnhancerFactories - Hibernate is in classpath; If applicable, HQL parser will be used.
2026-08-12 15:49:42.388 INFO  [restartedMain] [requestId=N/A] o.s.boot.tomcat.TomcatWebServer - Tomcat started on port 8080 (http) with context path '/'
2026-08-12 15:49:42.393 INFO  [restartedMain] [requestId=N/A] c.r.bencolapp.BencolAppApplication - Started BencolAppApplication in 6.616 seconds (process running for 7.294)
2026-08-12 15:49:42.450 DEBUG [restartedMain] [requestId=N/A] org.hibernate.SQL - 
    select
        count(*) 
    from
        usuarios u1_0
2026-08-12 15:49:53.843 INFO  [http-nio-8080-exec-2] [requestId=N/A] o.a.c.c.C.[Tomcat].[localhost].[/] - Initializing Spring DispatcherServlet 'dispatcherServlet'
2026-08-12 15:49:53.843 INFO  [http-nio-8080-exec-2] [requestId=N/A] o.s.web.servlet.DispatcherServlet - Initializing Servlet 'dispatcherServlet'
2026-08-12 15:49:53.845 INFO  [http-nio-8080-exec-2] [requestId=N/A] o.s.web.servlet.DispatcherServlet - Completed initialization in 2 ms
2026-08-12 15:49:53.967 DEBUG [http-nio-8080-exec-2] [requestId=5d8b7767-29fb-4ceb-9a2f-ea25bd3648c1] org.hibernate.SQL - 
    select
        u1_0.id,
        u1_0.email,
        u1_0.estado,
        u1_0.fecha_actualizacion,
        u1_0.fecha_creacion,
        u1_0.password,
        u1_0.rol,
        u1_0.username 
    from
        usuarios u1_0 
    where
        u1_0.username=?
2026-08-12 15:49:53.968 TRACE [http-nio-8080-exec-2] [requestId=5d8b7767-29fb-4ceb-9a2f-ea25bd3648c1] org.hibernate.orm.jdbc.bind - binding parameter (1:VARCHAR) <- [adminbencol]
2026-08-12 15:50:07.213 DEBUG [http-nio-8080-exec-3] [requestId=4d14d646-b0f5-4989-9f04-a0c4f73d9e76] org.hibernate.SQL - 
    select
        v1_0.id,
        v1_0.actualizado_por,
        v1_0.cliente_id,
        v1_0.codigo,
        v1_0.creado_por,
        v1_0.estado,
        v1_0.fecha_actualizacion,
        v1_0.fecha_creacion,
        v1_0.subtotal,
        v1_0.total 
    from
        ventas v1_0 
    where
        (
            ? is null 
            or lower(v1_0.codigo) like lower(concat('%', ?, '%')) escape ''
        ) 
        and (
            ? is null 
            or v1_0.cliente_id=?
        ) 
        and (
            ? is null 
            or v1_0.estado=?
        ) 
        and (
            ? is null 
            or v1_0.fecha_creacion>=?
        ) 
        and (
            ? is null 
            or v1_0.fecha_creacion<?
        ) 
    order by
        v1_0.fecha_creacion desc 
    limit
        ?
2026-08-12 15:50:07.214 TRACE [http-nio-8080-exec-3] [requestId=4d14d646-b0f5-4989-9f04-a0c4f73d9e76] org.hibernate.orm.jdbc.bind - binding parameter (1:JAVA_OBJECT) <- [null]
2026-08-12 15:50:07.214 TRACE [http-nio-8080-exec-3] [requestId=4d14d646-b0f5-4989-9f04-a0c4f73d9e76] org.hibernate.orm.jdbc.bind - binding parameter (2:JAVA_OBJECT) <- [null]
2026-08-12 15:50:07.214 TRACE [http-nio-8080-exec-3] [requestId=4d14d646-b0f5-4989-9f04-a0c4f73d9e76] org.hibernate.orm.jdbc.bind - binding parameter (3:BIGINT) <- [null]
2026-08-12 15:50:07.214 TRACE [http-nio-8080-exec-3] [requestId=4d14d646-b0f5-4989-9f04-a0c4f73d9e76] org.hibernate.orm.jdbc.bind - binding parameter (4:BIGINT) <- [null]
2026-08-12 15:50:07.214 TRACE [http-nio-8080-exec-3] [requestId=4d14d646-b0f5-4989-9f04-a0c4f73d9e76] org.hibernate.orm.jdbc.bind - binding parameter (5:ENUM) <- [null]
2026-08-12 15:50:07.214 TRACE [http-nio-8080-exec-3] [requestId=4d14d646-b0f5-4989-9f04-a0c4f73d9e76] org.hibernate.orm.jdbc.bind - binding parameter (6:ENUM) <- [null]
2026-08-12 15:50:07.214 TRACE [http-nio-8080-exec-3] [requestId=4d14d646-b0f5-4989-9f04-a0c4f73d9e76] org.hibernate.orm.jdbc.bind - binding parameter (7:TIMESTAMP) <- [null]
2026-08-12 15:50:07.214 TRACE [http-nio-8080-exec-3] [requestId=4d14d646-b0f5-4989-9f04-a0c4f73d9e76] org.hibernate.orm.jdbc.bind - binding parameter (8:TIMESTAMP) <- [null]
2026-08-12 15:50:07.214 TRACE [http-nio-8080-exec-3] [requestId=4d14d646-b0f5-4989-9f04-a0c4f73d9e76] org.hibernate.orm.jdbc.bind - binding parameter (9:TIMESTAMP) <- [null]
2026-08-12 15:50:07.214 TRACE [http-nio-8080-exec-3] [requestId=4d14d646-b0f5-4989-9f04-a0c4f73d9e76] org.hibernate.orm.jdbc.bind - binding parameter (10:TIMESTAMP) <- [null]
2026-08-12 15:50:07.214 TRACE [http-nio-8080-exec-3] [requestId=4d14d646-b0f5-4989-9f04-a0c4f73d9e76] org.hibernate.orm.jdbc.bind - binding parameter (11:INTEGER) <- [20]
2026-08-12 15:50:07.223 DEBUG [http-nio-8080-exec-3] [requestId=4d14d646-b0f5-4989-9f04-a0c4f73d9e76] org.hibernate.SQL - 
    select
        c1_0.id,
        c1_0.categoria,
        c1_0.direccion,
        c1_0.email,
        c1_0.estado,
        c1_0.nombre,
        c1_0.telefono 
    from
        clients c1_0 
    where
        c1_0.id=?
2026-08-12 15:50:07.223 TRACE [http-nio-8080-exec-3] [requestId=4d14d646-b0f5-4989-9f04-a0c4f73d9e76] org.hibernate.orm.jdbc.bind - binding parameter (1:BIGINT) <- [1]
2026-08-12 15:50:07.232 DEBUG [http-nio-8080-exec-3] [requestId=4d14d646-b0f5-4989-9f04-a0c4f73d9e76] org.hibernate.SQL - 
    select
        c1_0.id,
        c1_0.categoria,
        c1_0.direccion,
        c1_0.email,
        c1_0.estado,
        c1_0.nombre,
        c1_0.telefono 
    from
        clients c1_0 
    where
        c1_0.id=?
2026-08-12 15:50:07.233 TRACE [http-nio-8080-exec-3] [requestId=4d14d646-b0f5-4989-9f04-a0c4f73d9e76] org.hibernate.orm.jdbc.bind - binding parameter (1:BIGINT) <- [2]
2026-08-12 15:50:07.239 DEBUG [http-nio-8080-exec-3] [requestId=4d14d646-b0f5-4989-9f04-a0c4f73d9e76] org.hibernate.SQL - 
    select
        d1_0.venta_id,
        d1_0.id,
        d1_0.cantidad,
        d1_0.envases_devueltos,
        d1_0.modalidad_envase,
        d1_0.precio_unitario,
        d1_0.producto_id,
        p1_0.id,
        p1_0.categoria,
        p1_0.codigo,
        p1_0.contenido,
        p1_0.descripcion,
        p1_0.estado,
        p1_0.precio_base,
        p1_0.unidad_medida,
        p1_0.unidades_por_paquete,
        d1_0.subtotal 
    from
        detalles_ventas d1_0 
    left join
        productos p1_0 
            on p1_0.id=d1_0.producto_id 
    where
        d1_0.venta_id=?
2026-08-12 15:50:07.240 TRACE [http-nio-8080-exec-3] [requestId=4d14d646-b0f5-4989-9f04-a0c4f73d9e76] org.hibernate.orm.jdbc.bind - binding parameter (1:BIGINT) <- [7]
2026-08-12 15:50:07.244 DEBUG [http-nio-8080-exec-3] [requestId=4d14d646-b0f5-4989-9f04-a0c4f73d9e76] org.hibernate.SQL - 
    select
        d1_0.venta_id,
        d1_0.id,
        d1_0.cantidad,
        d1_0.envases_devueltos,
        d1_0.modalidad_envase,
        d1_0.precio_unitario,
        d1_0.producto_id,
        p1_0.id,
        p1_0.categoria,
        p1_0.codigo,
        p1_0.contenido,
        p1_0.descripcion,
        p1_0.estado,
        p1_0.precio_base,
        p1_0.unidad_medida,
        p1_0.unidades_por_paquete,
        d1_0.subtotal 
    from
        detalles_ventas d1_0 
    left join
        productos p1_0 
            on p1_0.id=d1_0.producto_id 
    where
        d1_0.venta_id=?
2026-08-12 15:50:07.244 TRACE [http-nio-8080-exec-3] [requestId=4d14d646-b0f5-4989-9f04-a0c4f73d9e76] org.hibernate.orm.jdbc.bind - binding parameter (1:BIGINT) <- [5]
2026-08-12 15:50:07.246 DEBUG [http-nio-8080-exec-3] [requestId=4d14d646-b0f5-4989-9f04-a0c4f73d9e76] org.hibernate.SQL - 
    select
        d1_0.venta_id,
        d1_0.id,
        d1_0.cantidad,
        d1_0.envases_devueltos,
        d1_0.modalidad_envase,
        d1_0.precio_unitario,
        d1_0.producto_id,
        p1_0.id,
        p1_0.categoria,
        p1_0.codigo,
        p1_0.contenido,
        p1_0.descripcion,
        p1_0.estado,
        p1_0.precio_base,
        p1_0.unidad_medida,
        p1_0.unidades_por_paquete,
        d1_0.subtotal 
    from
        detalles_ventas d1_0 
    left join
        productos p1_0 
            on p1_0.id=d1_0.producto_id 
    where
        d1_0.venta_id=?
2026-08-12 15:50:07.247 TRACE [http-nio-8080-exec-3] [requestId=4d14d646-b0f5-4989-9f04-a0c4f73d9e76] org.hibernate.orm.jdbc.bind - binding parameter (1:BIGINT) <- [2]
2026-08-12 15:50:07.248 DEBUG [http-nio-8080-exec-3] [requestId=4d14d646-b0f5-4989-9f04-a0c4f73d9e76] org.hibernate.SQL - 
    select
        d1_0.venta_id,
        d1_0.id,
        d1_0.cantidad,
        d1_0.envases_devueltos,
        d1_0.modalidad_envase,
        d1_0.precio_unitario,
        d1_0.producto_id,
        p1_0.id,
        p1_0.categoria,
        p1_0.codigo,
        p1_0.contenido,
        p1_0.descripcion,
        p1_0.estado,
        p1_0.precio_base,
        p1_0.unidad_medida,
        p1_0.unidades_por_paquete,
        d1_0.subtotal 
    from
        detalles_ventas d1_0 
    left join
        productos p1_0 
            on p1_0.id=d1_0.producto_id 
    where
        d1_0.venta_id=?
2026-08-12 15:50:07.248 TRACE [http-nio-8080-exec-3] [requestId=4d14d646-b0f5-4989-9f04-a0c4f73d9e76] org.hibernate.orm.jdbc.bind - binding parameter (1:BIGINT) <- [1]
2026-08-12 15:55:21.850 INFO  [SpringApplicationShutdownHook] [requestId=N/A] o.s.boot.tomcat.GracefulShutdown - Commencing graceful shutdown. Waiting for active requests to complete
2026-08-12 15:55:21.855 INFO  [tomcat-shutdown] [requestId=N/A] o.s.boot.tomcat.GracefulShutdown - Graceful shutdown complete
2026-08-12 15:55:21.860 INFO  [SpringApplicationShutdownHook] [requestId=N/A] o.s.o.j.LocalContainerEntityManagerFactoryBean - Closing JPA EntityManagerFactory for persistence unit 'default'
2026-08-12 15:55:21.863 INFO  [SpringApplicationShutdownHook] [requestId=N/A] com.zaxxer.hikari.HikariDataSource - HikariPool-1 - Shutdown initiated...
2026-08-12 15:55:21.869 INFO  [SpringApplicationShutdownHook] [requestId=N/A] com.zaxxer.hikari.HikariDataSource - HikariPool-1 - Shutdown completed.
2026-08-12 15:58:57.634 INFO  [restartedMain] [requestId=N/A] c.r.bencolapp.BencolAppApplication - Starting BencolAppApplication using Java 21.0.7 with PID 4292 (C:\Users\WILDER\OneDrive\Escritorio\bencol-app\bencol\target\classes started by WILDER in C:\Users\WILDER\OneDrive\Escritorio\bencol-app\bencol)
2026-08-12 15:58:57.635 DEBUG [restartedMain] [requestId=N/A] c.r.bencolapp.BencolAppApplication - Running with Spring Boot v4.1.0, Spring v7.0.8
2026-08-12 15:58:57.636 INFO  [restartedMain] [requestId=N/A] c.r.bencolapp.BencolAppApplication - The following 1 profile is active: "dev"
2026-08-12 15:58:57.671 INFO  [restartedMain] [requestId=N/A] o.s.b.d.e.DevToolsPropertyDefaultsPostProcessor - Devtools property defaults active! Set 'spring.devtools.add-properties' to 'false' to disable
2026-08-12 15:58:57.671 INFO  [restartedMain] [requestId=N/A] o.s.b.d.e.DevToolsPropertyDefaultsPostProcessor - For additional web related logging consider setting the 'logging.level.web' property to 'DEBUG'
2026-08-12 15:58:58.292 INFO  [restartedMain] [requestId=N/A] o.s.d.r.c.RepositoryConfigurationDelegate - Bootstrapping Spring Data JPA repositories in DEFAULT mode.
2026-08-12 15:58:58.441 INFO  [restartedMain] [requestId=N/A] o.s.d.r.c.RepositoryConfigurationDelegate - Finished Spring Data repository scanning in 142 ms. Found 21 JPA repository interfaces.
2026-08-12 15:58:58.941 INFO  [restartedMain] [requestId=N/A] o.s.boot.tomcat.TomcatWebServer - Tomcat initialized with port 8080 (http)
2026-08-12 15:58:58.954 INFO  [restartedMain] [requestId=N/A] o.apache.catalina.core.StandardService - Starting service [Tomcat]
2026-08-12 15:58:58.955 INFO  [restartedMain] [requestId=N/A] org.apache.catalina.core.StandardEngine - Starting Servlet engine: [Apache Tomcat/11.0.22]
2026-08-12 15:58:58.996 INFO  [restartedMain] [requestId=N/A] o.s.b.w.c.s.WebApplicationContextInitializer - Root WebApplicationContext: initialization completed in 1325 ms
2026-08-12 15:58:59.034 DEBUG [restartedMain] [requestId=N/A] c.r.b.utils.logging.RequestIdFilter - Filter 'requestIdFilter' configured for use
2026-08-12 15:58:59.227 INFO  [restartedMain] [requestId=N/A] com.zaxxer.hikari.HikariDataSource - HikariPool-1 - Starting...
2026-08-12 15:58:59.348 INFO  [restartedMain] [requestId=N/A] com.zaxxer.hikari.pool.HikariPool - HikariPool-1 - Added connection com.mysql.cj.jdbc.ConnectionImpl@d1c471
2026-08-12 15:58:59.350 INFO  [restartedMain] [requestId=N/A] com.zaxxer.hikari.HikariDataSource - HikariPool-1 - Start completed.
2026-08-12 15:58:59.377 INFO  [restartedMain] [requestId=N/A] org.flywaydb.core.FlywayExecutor - Database: jdbc:mysql://localhost:3306/bencol_system?useSSL=false&serverTimezone=America/Lima&allowPublicKeyRetrieval=true (MySQL 8.0)
2026-08-12 15:58:59.435 INFO  [restartedMain] [requestId=N/A] o.f.core.internal.command.DbValidate - Successfully validated 5 migrations (execution time 00:00.025s)
2026-08-12 15:58:59.448 INFO  [restartedMain] [requestId=N/A] o.f.core.internal.command.DbMigrate - Current version of schema `bencol_system`: 5
2026-08-12 15:58:59.450 INFO  [restartedMain] [requestId=N/A] o.f.core.internal.command.DbMigrate - Schema `bencol_system` is up to date. No migration necessary.
2026-08-12 15:58:59.555 INFO  [restartedMain] [requestId=N/A] org.hibernate.orm.jpa - HHH008540: Processing PersistenceUnitInfo [name: default]
2026-08-12 15:58:59.605 INFO  [restartedMain] [requestId=N/A] org.hibernate.orm.core - HHH000001: Hibernate ORM core version 7.4.1.Final
2026-08-12 15:58:59.976 INFO  [restartedMain] [requestId=N/A] o.s.o.j.p.SpringPersistenceUnitInfo - No LoadTimeWeaver setup: ignoring JPA class transformer
2026-08-12 15:59:00.047 INFO  [restartedMain] [requestId=N/A] org.hibernate.orm.connections.pooling - HHH10001005: Database info:
	Database JDBC URL [jdbc:mysql://localhost:3306/bencol_system?useSSL=false&serverTimezone=America/Lima&allowPublicKeyRetrieval=true]
	Database driver: MySQL Connector/J
	Database dialect: MySQLDialect
	Database version: 8.0.44
	Default catalog/schema: bencol_system/undefined
	Autocommit mode: undefined/unknown
	Isolation level: REPEATABLE_READ [default REPEATABLE_READ]
	JDBC fetch size: none
	Pool: DataSourceConnectionProvider
	Minimum pool size: undefined/unknown
	Maximum pool size: undefined/unknown
2026-08-12 15:59:01.089 INFO  [restartedMain] [requestId=N/A] org.hibernate.orm.core - HHH000489: No JTA platform available (set 'hibernate.transaction.jta.platform' to enable JTA platform integration)
2026-08-12 15:59:01.130 INFO  [restartedMain] [requestId=N/A] o.s.o.j.LocalContainerEntityManagerFactoryBean - Initialized JPA EntityManagerFactory for persistence unit 'default'
2026-08-12 15:59:01.197 INFO  [restartedMain] [requestId=N/A] o.s.d.j.r.query.QueryEnhancerFactories - Hibernate is in classpath; If applicable, HQL parser will be used.
2026-08-12 15:59:03.416 INFO  [restartedMain] [requestId=N/A] o.s.boot.tomcat.TomcatWebServer - Tomcat started on port 8080 (http) with context path '/'
2026-08-12 15:59:03.421 INFO  [restartedMain] [requestId=N/A] c.r.bencolapp.BencolAppApplication - Started BencolAppApplication in 6.317 seconds (process running for 6.784)
2026-08-12 15:59:03.476 DEBUG [restartedMain] [requestId=N/A] org.hibernate.SQL - 
    select
        count(*) 
    from
        usuarios u1_0
2026-08-12 15:59:25.881 INFO  [http-nio-8080-exec-2] [requestId=N/A] o.a.c.c.C.[Tomcat].[localhost].[/] - Initializing Spring DispatcherServlet 'dispatcherServlet'
2026-08-12 15:59:25.881 INFO  [http-nio-8080-exec-2] [requestId=N/A] o.s.web.servlet.DispatcherServlet - Initializing Servlet 'dispatcherServlet'
2026-08-12 15:59:25.882 INFO  [http-nio-8080-exec-2] [requestId=N/A] o.s.web.servlet.DispatcherServlet - Completed initialization in 1 ms
2026-08-12 15:59:25.992 DEBUG [http-nio-8080-exec-2] [requestId=00353aa6-c0c3-4558-a560-26203940aa3c] org.hibernate.SQL - 
    select
        u1_0.id,
        u1_0.email,
        u1_0.estado,
        u1_0.fecha_actualizacion,
        u1_0.fecha_creacion,
        u1_0.password,
        u1_0.rol,
        u1_0.username 
    from
        usuarios u1_0 
    where
        u1_0.username=?
2026-08-12 15:59:25.992 TRACE [http-nio-8080-exec-2] [requestId=00353aa6-c0c3-4558-a560-26203940aa3c] org.hibernate.orm.jdbc.bind - binding parameter (1:VARCHAR) <- [adminbencol]
2026-08-12 16:00:21.929 WARN  [http-nio-8080-exec-3] [requestId=84372b48-8b98-45cc-8012-9ef8cfc42090] o.h.v.i.m.a.CascadingMetaDataBuilder - HV000271: Using `@Valid` on a container (java.util.List) is deprecated. You should apply the annotation on the type argument(s). Affected element: detalles
2026-08-12 16:00:21.962 DEBUG [http-nio-8080-exec-3] [requestId=84372b48-8b98-45cc-8012-9ef8cfc42090] org.hibernate.SQL - 
    select
        c1_0.id,
        c1_0.categoria,
        c1_0.direccion,
        c1_0.email,
        c1_0.estado,
        c1_0.nombre,
        c1_0.telefono 
    from
        clients c1_0 
    where
        c1_0.id=?
2026-08-12 16:00:21.962 TRACE [http-nio-8080-exec-3] [requestId=84372b48-8b98-45cc-8012-9ef8cfc42090] org.hibernate.orm.jdbc.bind - binding parameter (1:BIGINT) <- [1]
2026-08-12 16:00:21.966 DEBUG [http-nio-8080-exec-3] [requestId=84372b48-8b98-45cc-8012-9ef8cfc42090] org.hibernate.SQL - 
    select
        p1_0.id,
        p1_0.categoria,
        p1_0.codigo,
        p1_0.contenido,
        p1_0.descripcion,
        p1_0.estado,
        p1_0.precio_base,
        p1_0.unidad_medida,
        p1_0.unidades_por_paquete 
    from
        productos p1_0 
    where
        p1_0.id=?
2026-08-12 16:00:21.966 TRACE [http-nio-8080-exec-3] [requestId=84372b48-8b98-45cc-8012-9ef8cfc42090] org.hibernate.orm.jdbc.bind - binding parameter (1:BIGINT) <- [1]
2026-08-12 16:00:21.978 DEBUG [http-nio-8080-exec-3] [requestId=84372b48-8b98-45cc-8012-9ef8cfc42090] org.hibernate.SQL - 
    select
        cp1_0.id,
        cp1_0.cliente_id,
        cp1_0.fecha_actualizacion,
        cp1_0.fecha_creacion,
        cp1_0.precio,
        cp1_0.producto_id 
    from
        clientes_precios cp1_0 
    where
        cp1_0.cliente_id=? 
        and cp1_0.producto_id=?
2026-08-12 16:00:21.978 TRACE [http-nio-8080-exec-3] [requestId=84372b48-8b98-45cc-8012-9ef8cfc42090] org.hibernate.orm.jdbc.bind - binding parameter (1:BIGINT) <- [1]
2026-08-12 16:00:21.978 TRACE [http-nio-8080-exec-3] [requestId=84372b48-8b98-45cc-8012-9ef8cfc42090] org.hibernate.orm.jdbc.bind - binding parameter (2:BIGINT) <- [1]
2026-08-12 16:00:22.002 DEBUG [http-nio-8080-exec-3] [requestId=84372b48-8b98-45cc-8012-9ef8cfc42090] org.hibernate.SQL - 
    insert 
    into
        ventas
        (actualizado_por, cliente_id, codigo, creado_por, estado, fecha_actualizacion, fecha_creacion, subtotal, total) 
    values
        (?, ?, ?, ?, ?, ?, ?, ?, ?)
2026-08-12 16:00:22.003 TRACE [http-nio-8080-exec-3] [requestId=84372b48-8b98-45cc-8012-9ef8cfc42090] org.hibernate.orm.jdbc.bind - binding parameter (1:VARCHAR) <- [null]
2026-08-12 16:00:22.003 TRACE [http-nio-8080-exec-3] [requestId=84372b48-8b98-45cc-8012-9ef8cfc42090] org.hibernate.orm.jdbc.bind - binding parameter (2:BIGINT) <- [1]
2026-08-12 16:00:22.003 TRACE [http-nio-8080-exec-3] [requestId=84372b48-8b98-45cc-8012-9ef8cfc42090] org.hibernate.orm.jdbc.bind - binding parameter (3:VARCHAR) <- [VEN-4CF26CCE]
2026-08-12 16:00:22.003 TRACE [http-nio-8080-exec-3] [requestId=84372b48-8b98-45cc-8012-9ef8cfc42090] org.hibernate.orm.jdbc.bind - binding parameter (4:VARCHAR) <- [adminbencol]
2026-08-12 16:00:22.003 TRACE [http-nio-8080-exec-3] [requestId=84372b48-8b98-45cc-8012-9ef8cfc42090] org.hibernate.orm.jdbc.bind - binding parameter (5:ENUM) <- [EMITIDA]
2026-08-12 16:00:22.004 TRACE [http-nio-8080-exec-3] [requestId=84372b48-8b98-45cc-8012-9ef8cfc42090] org.hibernate.orm.jdbc.bind - binding parameter (6:TIMESTAMP) <- [null]
2026-08-12 16:00:22.004 TRACE [http-nio-8080-exec-3] [requestId=84372b48-8b98-45cc-8012-9ef8cfc42090] org.hibernate.orm.jdbc.bind - binding parameter (7:TIMESTAMP) <- [2026-08-12T16:00:21.986948400]
2026-08-12 16:00:22.004 TRACE [http-nio-8080-exec-3] [requestId=84372b48-8b98-45cc-8012-9ef8cfc42090] org.hibernate.orm.jdbc.bind - binding parameter (8:NUMERIC) <- [475.00]
2026-08-12 16:00:22.004 TRACE [http-nio-8080-exec-3] [requestId=84372b48-8b98-45cc-8012-9ef8cfc42090] org.hibernate.orm.jdbc.bind - binding parameter (9:NUMERIC) <- [475.00]
2026-08-12 16:00:22.014 DEBUG [http-nio-8080-exec-3] [requestId=84372b48-8b98-45cc-8012-9ef8cfc42090] org.hibernate.SQL - 
    insert 
    into
        detalles_ventas
        (cantidad, envases_devueltos, modalidad_envase, precio_unitario, producto_id, subtotal, venta_id) 
    values
        (?, ?, ?, ?, ?, ?, ?)
2026-08-12 16:00:22.016 TRACE [http-nio-8080-exec-3] [requestId=84372b48-8b98-45cc-8012-9ef8cfc42090] org.hibernate.orm.jdbc.bind - binding parameter (1:INTEGER) <- [50]
2026-08-12 16:00:22.016 TRACE [http-nio-8080-exec-3] [requestId=84372b48-8b98-45cc-8012-9ef8cfc42090] org.hibernate.orm.jdbc.bind - binding parameter (2:INTEGER) <- [50]
2026-08-12 16:00:22.016 TRACE [http-nio-8080-exec-3] [requestId=84372b48-8b98-45cc-8012-9ef8cfc42090] org.hibernate.orm.jdbc.bind - binding parameter (3:ENUM) <- [INTERCAMBIO]
2026-08-12 16:00:22.016 TRACE [http-nio-8080-exec-3] [requestId=84372b48-8b98-45cc-8012-9ef8cfc42090] org.hibernate.orm.jdbc.bind - binding parameter (4:NUMERIC) <- [9.50]
2026-08-12 16:00:22.016 TRACE [http-nio-8080-exec-3] [requestId=84372b48-8b98-45cc-8012-9ef8cfc42090] org.hibernate.orm.jdbc.bind - binding parameter (5:BIGINT) <- [1]
2026-08-12 16:00:22.016 TRACE [http-nio-8080-exec-3] [requestId=84372b48-8b98-45cc-8012-9ef8cfc42090] org.hibernate.orm.jdbc.bind - binding parameter (6:NUMERIC) <- [475.00]
2026-08-12 16:00:22.017 TRACE [http-nio-8080-exec-3] [requestId=84372b48-8b98-45cc-8012-9ef8cfc42090] org.hibernate.orm.jdbc.bind - binding parameter (7:BIGINT) <- [8]
2026-08-12 16:00:22.031 DEBUG [http-nio-8080-exec-3] [requestId=84372b48-8b98-45cc-8012-9ef8cfc42090] org.hibernate.SQL - 
    select
        cec1_0.id,
        cec1_0.cantidad_prestados,
        cec1_0.cantidad_propios,
        cec1_0.cliente_id,
        cec1_0.fecha_actualizacion,
        cec1_0.fecha_creacion,
        cec1_0.producto_id 
    from
        cuentas_envases_clientes cec1_0 
    where
        cec1_0.cliente_id=? 
        and cec1_0.producto_id=? 
    for
        updateof cec1_0
2026-08-12 16:00:22.032 TRACE [http-nio-8080-exec-3] [requestId=84372b48-8b98-45cc-8012-9ef8cfc42090] org.hibernate.orm.jdbc.bind - binding parameter (1:BIGINT) <- [1]
2026-08-12 16:00:22.032 TRACE [http-nio-8080-exec-3] [requestId=84372b48-8b98-45cc-8012-9ef8cfc42090] org.hibernate.orm.jdbc.bind - binding parameter (2:BIGINT) <- [1]
2026-08-12 16:00:22.042 WARN  [http-nio-8080-exec-3] [requestId=84372b48-8b98-45cc-8012-9ef8cfc42090] c.r.b.u.e.GlobalExceptionHandler - Regla de negocio rechazada. path=/bencol.agua/ventas, mensaje=El cliente no puede intercambiar más envases de los que tiene registrados.
2026-08-12 16:00:22.046 WARN  [http-nio-8080-exec-3] [requestId=84372b48-8b98-45cc-8012-9ef8cfc42090] o.s.w.s.m.m.a.ExceptionHandlerExceptionResolver - Resolved [com.runicsoft.bencolapp.utils.exceptions.BusinessException: El cliente no puede intercambiar más envases de los que tiene registrados.]
2026-08-12 16:01:21.937 DEBUG [http-nio-8080-exec-5] [requestId=3ad81b90-6df5-4949-a13b-247ac05ebb56] org.hibernate.SQL - 
    select
        c1_0.id,
        c1_0.categoria,
        c1_0.direccion,
        c1_0.email,
        c1_0.estado,
        c1_0.nombre,
        c1_0.telefono 
    from
        clients c1_0 
    where
        c1_0.id=?
2026-08-12 16:01:21.937 TRACE [http-nio-8080-exec-5] [requestId=3ad81b90-6df5-4949-a13b-247ac05ebb56] org.hibernate.orm.jdbc.bind - binding parameter (1:BIGINT) <- [2]
2026-08-12 16:01:21.939 DEBUG [http-nio-8080-exec-5] [requestId=3ad81b90-6df5-4949-a13b-247ac05ebb56] org.hibernate.SQL - 
    select
        p1_0.id,
        p1_0.categoria,
        p1_0.codigo,
        p1_0.contenido,
        p1_0.descripcion,
        p1_0.estado,
        p1_0.precio_base,
        p1_0.unidad_medida,
        p1_0.unidades_por_paquete 
    from
        productos p1_0 
    where
        p1_0.id=?
2026-08-12 16:01:21.940 TRACE [http-nio-8080-exec-5] [requestId=3ad81b90-6df5-4949-a13b-247ac05ebb56] org.hibernate.orm.jdbc.bind - binding parameter (1:BIGINT) <- [1]
2026-08-12 16:01:21.941 DEBUG [http-nio-8080-exec-5] [requestId=3ad81b90-6df5-4949-a13b-247ac05ebb56] org.hibernate.SQL - 
    select
        cp1_0.id,
        cp1_0.cliente_id,
        cp1_0.fecha_actualizacion,
        cp1_0.fecha_creacion,
        cp1_0.precio,
        cp1_0.producto_id 
    from
        clientes_precios cp1_0 
    where
        cp1_0.cliente_id=? 
        and cp1_0.producto_id=?
2026-08-12 16:01:21.942 TRACE [http-nio-8080-exec-5] [requestId=3ad81b90-6df5-4949-a13b-247ac05ebb56] org.hibernate.orm.jdbc.bind - binding parameter (1:BIGINT) <- [2]
2026-08-12 16:01:21.942 TRACE [http-nio-8080-exec-5] [requestId=3ad81b90-6df5-4949-a13b-247ac05ebb56] org.hibernate.orm.jdbc.bind - binding parameter (2:BIGINT) <- [1]
2026-08-12 16:01:21.943 DEBUG [http-nio-8080-exec-5] [requestId=3ad81b90-6df5-4949-a13b-247ac05ebb56] org.hibernate.SQL - 
    insert 
    into
        ventas
        (actualizado_por, cliente_id, codigo, creado_por, estado, fecha_actualizacion, fecha_creacion, subtotal, total) 
    values
        (?, ?, ?, ?, ?, ?, ?, ?, ?)
2026-08-12 16:01:21.943 TRACE [http-nio-8080-exec-5] [requestId=3ad81b90-6df5-4949-a13b-247ac05ebb56] org.hibernate.orm.jdbc.bind - binding parameter (1:VARCHAR) <- [null]
2026-08-12 16:01:21.943 TRACE [http-nio-8080-exec-5] [requestId=3ad81b90-6df5-4949-a13b-247ac05ebb56] org.hibernate.orm.jdbc.bind - binding parameter (2:BIGINT) <- [2]
2026-08-12 16:01:21.943 TRACE [http-nio-8080-exec-5] [requestId=3ad81b90-6df5-4949-a13b-247ac05ebb56] org.hibernate.orm.jdbc.bind - binding parameter (3:VARCHAR) <- [VEN-CF8EF5E9]
2026-08-12 16:01:21.944 TRACE [http-nio-8080-exec-5] [requestId=3ad81b90-6df5-4949-a13b-247ac05ebb56] org.hibernate.orm.jdbc.bind - binding parameter (4:VARCHAR) <- [adminbencol]
2026-08-12 16:01:21.944 TRACE [http-nio-8080-exec-5] [requestId=3ad81b90-6df5-4949-a13b-247ac05ebb56] org.hibernate.orm.jdbc.bind - binding parameter (5:ENUM) <- [EMITIDA]
2026-08-12 16:01:21.944 TRACE [http-nio-8080-exec-5] [requestId=3ad81b90-6df5-4949-a13b-247ac05ebb56] org.hibernate.orm.jdbc.bind - binding parameter (6:TIMESTAMP) <- [null]
2026-08-12 16:01:21.944 TRACE [http-nio-8080-exec-5] [requestId=3ad81b90-6df5-4949-a13b-247ac05ebb56] org.hibernate.orm.jdbc.bind - binding parameter (7:TIMESTAMP) <- [2026-08-12T16:01:21.943010600]
2026-08-12 16:01:21.944 TRACE [http-nio-8080-exec-5] [requestId=3ad81b90-6df5-4949-a13b-247ac05ebb56] org.hibernate.orm.jdbc.bind - binding parameter (8:NUMERIC) <- [450.00]
2026-08-12 16:01:21.944 TRACE [http-nio-8080-exec-5] [requestId=3ad81b90-6df5-4949-a13b-247ac05ebb56] org.hibernate.orm.jdbc.bind - binding parameter (9:NUMERIC) <- [450.00]
2026-08-12 16:01:21.945 DEBUG [http-nio-8080-exec-5] [requestId=3ad81b90-6df5-4949-a13b-247ac05ebb56] org.hibernate.SQL - 
    insert 
    into
        detalles_ventas
        (cantidad, envases_devueltos, modalidad_envase, precio_unitario, producto_id, subtotal, venta_id) 
    values
        (?, ?, ?, ?, ?, ?, ?)
2026-08-12 16:01:21.945 TRACE [http-nio-8080-exec-5] [requestId=3ad81b90-6df5-4949-a13b-247ac05ebb56] org.hibernate.orm.jdbc.bind - binding parameter (1:INTEGER) <- [50]
2026-08-12 16:01:21.945 TRACE [http-nio-8080-exec-5] [requestId=3ad81b90-6df5-4949-a13b-247ac05ebb56] org.hibernate.orm.jdbc.bind - binding parameter (2:INTEGER) <- [50]
2026-08-12 16:01:21.945 TRACE [http-nio-8080-exec-5] [requestId=3ad81b90-6df5-4949-a13b-247ac05ebb56] org.hibernate.orm.jdbc.bind - binding parameter (3:ENUM) <- [INTERCAMBIO]
2026-08-12 16:01:21.945 TRACE [http-nio-8080-exec-5] [requestId=3ad81b90-6df5-4949-a13b-247ac05ebb56] org.hibernate.orm.jdbc.bind - binding parameter (4:NUMERIC) <- [9.00]
2026-08-12 16:01:21.945 TRACE [http-nio-8080-exec-5] [requestId=3ad81b90-6df5-4949-a13b-247ac05ebb56] org.hibernate.orm.jdbc.bind - binding parameter (5:BIGINT) <- [1]
2026-08-12 16:01:21.946 TRACE [http-nio-8080-exec-5] [requestId=3ad81b90-6df5-4949-a13b-247ac05ebb56] org.hibernate.orm.jdbc.bind - binding parameter (6:NUMERIC) <- [450.00]
2026-08-12 16:01:21.946 TRACE [http-nio-8080-exec-5] [requestId=3ad81b90-6df5-4949-a13b-247ac05ebb56] org.hibernate.orm.jdbc.bind - binding parameter (7:BIGINT) <- [9]
2026-08-12 16:01:21.948 DEBUG [http-nio-8080-exec-5] [requestId=3ad81b90-6df5-4949-a13b-247ac05ebb56] org.hibernate.SQL - 
    select
        cec1_0.id,
        cec1_0.cantidad_prestados,
        cec1_0.cantidad_propios,
        cec1_0.cliente_id,
        cec1_0.fecha_actualizacion,
        cec1_0.fecha_creacion,
        cec1_0.producto_id 
    from
        cuentas_envases_clientes cec1_0 
    where
        cec1_0.cliente_id=? 
        and cec1_0.producto_id=? 
    for
        updateof cec1_0
2026-08-12 16:01:21.949 TRACE [http-nio-8080-exec-5] [requestId=3ad81b90-6df5-4949-a13b-247ac05ebb56] org.hibernate.orm.jdbc.bind - binding parameter (1:BIGINT) <- [2]
2026-08-12 16:01:21.949 TRACE [http-nio-8080-exec-5] [requestId=3ad81b90-6df5-4949-a13b-247ac05ebb56] org.hibernate.orm.jdbc.bind - binding parameter (2:BIGINT) <- [1]
2026-08-12 16:01:21.950 DEBUG [http-nio-8080-exec-5] [requestId=3ad81b90-6df5-4949-a13b-247ac05ebb56] org.hibernate.SQL - 
    insert 
    into
        cuentas_envases_clientes
        (cantidad_prestados, cantidad_propios, cliente_id, fecha_actualizacion, fecha_creacion, producto_id) 
    values
        (?, ?, ?, ?, ?, ?)
2026-08-12 16:01:21.951 TRACE [http-nio-8080-exec-5] [requestId=3ad81b90-6df5-4949-a13b-247ac05ebb56] org.hibernate.orm.jdbc.bind - binding parameter (1:INTEGER) <- [0]
2026-08-12 16:01:21.951 TRACE [http-nio-8080-exec-5] [requestId=3ad81b90-6df5-4949-a13b-247ac05ebb56] org.hibernate.orm.jdbc.bind - binding parameter (2:INTEGER) <- [0]
2026-08-12 16:01:21.951 TRACE [http-nio-8080-exec-5] [requestId=3ad81b90-6df5-4949-a13b-247ac05ebb56] org.hibernate.orm.jdbc.bind - binding parameter (3:BIGINT) <- [2]
2026-08-12 16:01:21.951 TRACE [http-nio-8080-exec-5] [requestId=3ad81b90-6df5-4949-a13b-247ac05ebb56] org.hibernate.orm.jdbc.bind - binding parameter (4:TIMESTAMP) <- [null]
2026-08-12 16:01:21.951 TRACE [http-nio-8080-exec-5] [requestId=3ad81b90-6df5-4949-a13b-247ac05ebb56] org.hibernate.orm.jdbc.bind - binding parameter (5:TIMESTAMP) <- [2026-08-12T16:01:21.950521500]
2026-08-12 16:01:21.951 TRACE [http-nio-8080-exec-5] [requestId=3ad81b90-6df5-4949-a13b-247ac05ebb56] org.hibernate.orm.jdbc.bind - binding parameter (6:BIGINT) <- [1]
2026-08-12 16:01:21.955 WARN  [http-nio-8080-exec-5] [requestId=3ad81b90-6df5-4949-a13b-247ac05ebb56] c.r.b.u.e.GlobalExceptionHandler - Regla de negocio rechazada. path=/bencol.agua/ventas, mensaje=El cliente no puede intercambiar más envases de los que tiene registrados.
2026-08-12 16:01:21.957 WARN  [http-nio-8080-exec-5] [requestId=3ad81b90-6df5-4949-a13b-247ac05ebb56] o.s.w.s.m.m.a.ExceptionHandlerExceptionResolver - Resolved [com.runicsoft.bencolapp.utils.exceptions.BusinessException: El cliente no puede intercambiar más envases de los que tiene registrados.]
2026-08-12 16:13:16.218 INFO  [SpringApplicationShutdownHook] [requestId=N/A] o.s.boot.tomcat.GracefulShutdown - Commencing graceful shutdown. Waiting for active requests to complete
2026-08-12 16:13:16.222 INFO  [tomcat-shutdown] [requestId=N/A] o.s.boot.tomcat.GracefulShutdown - Graceful shutdown complete
2026-08-12 16:13:16.227 INFO  [SpringApplicationShutdownHook] [requestId=N/A] o.s.o.j.LocalContainerEntityManagerFactoryBean - Closing JPA EntityManagerFactory for persistence unit 'default'
2026-08-12 16:13:16.229 INFO  [SpringApplicationShutdownHook] [requestId=N/A] com.zaxxer.hikari.HikariDataSource - HikariPool-1 - Shutdown initiated...
2026-08-12 16:13:16.235 INFO  [SpringApplicationShutdownHook] [requestId=N/A] com.zaxxer.hikari.HikariDataSource - HikariPool-1 - Shutdown completed.
2026-08-12 16:20:11.531 INFO  [restartedMain] [requestId=N/A] c.r.bencolapp.BencolAppApplication - Starting BencolAppApplication using Java 21.0.7 with PID 15732 (C:\Users\WILDER\OneDrive\Escritorio\bencol-app\bencol\target\classes started by WILDER in C:\Users\WILDER\OneDrive\Escritorio\bencol-app\bencol)
2026-08-12 16:20:11.533 DEBUG [restartedMain] [requestId=N/A] c.r.bencolapp.BencolAppApplication - Running with Spring Boot v4.1.0, Spring v7.0.8
2026-08-12 16:20:11.533 INFO  [restartedMain] [requestId=N/A] c.r.bencolapp.BencolAppApplication - The following 1 profile is active: "dev"
2026-08-12 16:20:11.568 INFO  [restartedMain] [requestId=N/A] o.s.b.d.e.DevToolsPropertyDefaultsPostProcessor - Devtools property defaults active! Set 'spring.devtools.add-properties' to 'false' to disable
2026-08-12 16:20:11.569 INFO  [restartedMain] [requestId=N/A] o.s.b.d.e.DevToolsPropertyDefaultsPostProcessor - For additional web related logging consider setting the 'logging.level.web' property to 'DEBUG'
2026-08-12 16:20:12.203 INFO  [restartedMain] [requestId=N/A] o.s.d.r.c.RepositoryConfigurationDelegate - Bootstrapping Spring Data JPA repositories in DEFAULT mode.
2026-08-12 16:20:12.352 INFO  [restartedMain] [requestId=N/A] o.s.d.r.c.RepositoryConfigurationDelegate - Finished Spring Data repository scanning in 141 ms. Found 21 JPA repository interfaces.
2026-08-12 16:20:12.812 INFO  [restartedMain] [requestId=N/A] o.s.boot.tomcat.TomcatWebServer - Tomcat initialized with port 8080 (http)
2026-08-12 16:20:12.825 INFO  [restartedMain] [requestId=N/A] o.apache.catalina.core.StandardService - Starting service [Tomcat]
2026-08-12 16:20:12.825 INFO  [restartedMain] [requestId=N/A] org.apache.catalina.core.StandardEngine - Starting Servlet engine: [Apache Tomcat/11.0.22]
2026-08-12 16:20:12.865 INFO  [restartedMain] [requestId=N/A] o.s.b.w.c.s.WebApplicationContextInitializer - Root WebApplicationContext: initialization completed in 1296 ms
2026-08-12 16:20:12.900 DEBUG [restartedMain] [requestId=N/A] c.r.b.utils.logging.RequestIdFilter - Filter 'requestIdFilter' configured for use
2026-08-12 16:20:13.088 INFO  [restartedMain] [requestId=N/A] com.zaxxer.hikari.HikariDataSource - HikariPool-1 - Starting...
2026-08-12 16:20:13.208 INFO  [restartedMain] [requestId=N/A] com.zaxxer.hikari.pool.HikariPool - HikariPool-1 - Added connection com.mysql.cj.jdbc.ConnectionImpl@78ae6c90
2026-08-12 16:20:13.211 INFO  [restartedMain] [requestId=N/A] com.zaxxer.hikari.HikariDataSource - HikariPool-1 - Start completed.
2026-08-12 16:20:13.236 INFO  [restartedMain] [requestId=N/A] org.flywaydb.core.FlywayExecutor - Database: jdbc:mysql://localhost:3306/bencol_system?useSSL=false&serverTimezone=America/Lima&allowPublicKeyRetrieval=true (MySQL 8.0)
2026-08-12 16:20:13.295 INFO  [restartedMain] [requestId=N/A] o.f.core.internal.command.DbValidate - Successfully validated 5 migrations (execution time 00:00.025s)
2026-08-12 16:20:13.309 INFO  [restartedMain] [requestId=N/A] o.f.core.internal.command.DbMigrate - Current version of schema `bencol_system`: 5
2026-08-12 16:20:13.313 INFO  [restartedMain] [requestId=N/A] o.f.core.internal.command.DbMigrate - Schema `bencol_system` is up to date. No migration necessary.
2026-08-12 16:20:13.419 INFO  [restartedMain] [requestId=N/A] org.hibernate.orm.jpa - HHH008540: Processing PersistenceUnitInfo [name: default]
2026-08-12 16:20:13.466 INFO  [restartedMain] [requestId=N/A] org.hibernate.orm.core - HHH000001: Hibernate ORM core version 7.4.1.Final
2026-08-12 16:20:13.840 INFO  [restartedMain] [requestId=N/A] o.s.o.j.p.SpringPersistenceUnitInfo - No LoadTimeWeaver setup: ignoring JPA class transformer
2026-08-12 16:20:13.915 INFO  [restartedMain] [requestId=N/A] org.hibernate.orm.connections.pooling - HHH10001005: Database info:
	Database JDBC URL [jdbc:mysql://localhost:3306/bencol_system?useSSL=false&serverTimezone=America/Lima&allowPublicKeyRetrieval=true]
	Database driver: MySQL Connector/J
	Database dialect: MySQLDialect
	Database version: 8.0.44
	Default catalog/schema: bencol_system/undefined
	Autocommit mode: undefined/unknown
	Isolation level: REPEATABLE_READ [default REPEATABLE_READ]
	JDBC fetch size: none
	Pool: DataSourceConnectionProvider
	Minimum pool size: undefined/unknown
	Maximum pool size: undefined/unknown
2026-08-12 16:20:14.950 INFO  [restartedMain] [requestId=N/A] org.hibernate.orm.core - HHH000489: No JTA platform available (set 'hibernate.transaction.jta.platform' to enable JTA platform integration)
2026-08-12 16:20:14.989 INFO  [restartedMain] [requestId=N/A] o.s.o.j.LocalContainerEntityManagerFactoryBean - Initialized JPA EntityManagerFactory for persistence unit 'default'
2026-08-12 16:20:15.054 INFO  [restartedMain] [requestId=N/A] o.s.d.j.r.query.QueryEnhancerFactories - Hibernate is in classpath; If applicable, HQL parser will be used.
2026-08-12 16:20:17.216 INFO  [restartedMain] [requestId=N/A] o.s.boot.tomcat.TomcatWebServer - Tomcat started on port 8080 (http) with context path '/'
2026-08-12 16:20:17.220 INFO  [restartedMain] [requestId=N/A] c.r.bencolapp.BencolAppApplication - Started BencolAppApplication in 6.21 seconds (process running for 6.728)
2026-08-12 16:20:17.274 DEBUG [restartedMain] [requestId=N/A] org.hibernate.SQL - 
    select
        count(*) 
    from
        usuarios u1_0
2026-08-12 16:20:50.892 INFO  [http-nio-8080-exec-4] [requestId=N/A] o.a.c.c.C.[Tomcat].[localhost].[/] - Initializing Spring DispatcherServlet 'dispatcherServlet'
2026-08-12 16:20:50.892 INFO  [http-nio-8080-exec-4] [requestId=N/A] o.s.web.servlet.DispatcherServlet - Initializing Servlet 'dispatcherServlet'
2026-08-12 16:20:50.894 INFO  [http-nio-8080-exec-4] [requestId=N/A] o.s.web.servlet.DispatcherServlet - Completed initialization in 2 ms
2026-08-12 16:20:51.002 DEBUG [http-nio-8080-exec-4] [requestId=66e21063-936b-4d5b-b759-c5211af8f5a6] org.hibernate.SQL - 
    select
        u1_0.id,
        u1_0.email,
        u1_0.estado,
        u1_0.fecha_actualizacion,
        u1_0.fecha_creacion,
        u1_0.password,
        u1_0.rol,
        u1_0.username 
    from
        usuarios u1_0 
    where
        u1_0.username=?
2026-08-12 16:20:51.003 TRACE [http-nio-8080-exec-4] [requestId=66e21063-936b-4d5b-b759-c5211af8f5a6] org.hibernate.orm.jdbc.bind - binding parameter (1:VARCHAR) <- [adminbencol]
2026-08-12 16:22:16.863 DEBUG [http-nio-8080-exec-5] [requestId=b22c2864-4dd4-412e-901d-970d986f06e9] org.hibernate.SQL - 
    select
        c1_0.id,
        c1_0.categoria,
        c1_0.direccion,
        c1_0.email,
        c1_0.estado,
        c1_0.nombre,
        c1_0.telefono 
    from
        clients c1_0 
    where
        c1_0.id=?
2026-08-12 16:22:16.863 TRACE [http-nio-8080-exec-5] [requestId=b22c2864-4dd4-412e-901d-970d986f06e9] org.hibernate.orm.jdbc.bind - binding parameter (1:BIGINT) <- [2]
2026-08-12 16:22:16.866 DEBUG [http-nio-8080-exec-5] [requestId=b22c2864-4dd4-412e-901d-970d986f06e9] org.hibernate.SQL - 
    select
        p1_0.id,
        p1_0.categoria,
        p1_0.codigo,
        p1_0.contenido,
        p1_0.descripcion,
        p1_0.estado,
        p1_0.precio_base,
        p1_0.unidad_medida,
        p1_0.unidades_por_paquete 
    from
        productos p1_0 
    where
        p1_0.id=?
2026-08-12 16:22:16.867 TRACE [http-nio-8080-exec-5] [requestId=b22c2864-4dd4-412e-901d-970d986f06e9] org.hibernate.orm.jdbc.bind - binding parameter (1:BIGINT) <- [1]
2026-08-12 16:22:16.883 DEBUG [http-nio-8080-exec-5] [requestId=b22c2864-4dd4-412e-901d-970d986f06e9] org.hibernate.SQL - 
    select
        cec1_0.id,
        cec1_0.cantidad_prestados,
        cec1_0.cantidad_propios,
        cec1_0.cliente_id,
        cec1_0.fecha_actualizacion,
        cec1_0.fecha_creacion,
        cec1_0.producto_id 
    from
        cuentas_envases_clientes cec1_0 
    where
        cec1_0.cliente_id=? 
        and cec1_0.producto_id=? 
    for
        updateof cec1_0
2026-08-12 16:22:16.883 TRACE [http-nio-8080-exec-5] [requestId=b22c2864-4dd4-412e-901d-970d986f06e9] org.hibernate.orm.jdbc.bind - binding parameter (1:BIGINT) <- [2]
2026-08-12 16:22:16.884 TRACE [http-nio-8080-exec-5] [requestId=b22c2864-4dd4-412e-901d-970d986f06e9] org.hibernate.orm.jdbc.bind - binding parameter (2:BIGINT) <- [1]
2026-08-12 16:22:16.900 DEBUG [http-nio-8080-exec-5] [requestId=b22c2864-4dd4-412e-901d-970d986f06e9] org.hibernate.SQL - 
    insert 
    into
        cuentas_envases_clientes
        (cantidad_prestados, cantidad_propios, cliente_id, fecha_actualizacion, fecha_creacion, producto_id) 
    values
        (?, ?, ?, ?, ?, ?)
2026-08-12 16:22:16.901 TRACE [http-nio-8080-exec-5] [requestId=b22c2864-4dd4-412e-901d-970d986f06e9] org.hibernate.orm.jdbc.bind - binding parameter (1:INTEGER) <- [0]
2026-08-12 16:22:16.901 TRACE [http-nio-8080-exec-5] [requestId=b22c2864-4dd4-412e-901d-970d986f06e9] org.hibernate.orm.jdbc.bind - binding parameter (2:INTEGER) <- [50]
2026-08-12 16:22:16.901 TRACE [http-nio-8080-exec-5] [requestId=b22c2864-4dd4-412e-901d-970d986f06e9] org.hibernate.orm.jdbc.bind - binding parameter (3:BIGINT) <- [2]
2026-08-12 16:22:16.902 TRACE [http-nio-8080-exec-5] [requestId=b22c2864-4dd4-412e-901d-970d986f06e9] org.hibernate.orm.jdbc.bind - binding parameter (4:TIMESTAMP) <- [null]
2026-08-12 16:22:16.902 TRACE [http-nio-8080-exec-5] [requestId=b22c2864-4dd4-412e-901d-970d986f06e9] org.hibernate.orm.jdbc.bind - binding parameter (5:TIMESTAMP) <- [2026-08-12T16:22:16.889476600]
2026-08-12 16:22:16.902 TRACE [http-nio-8080-exec-5] [requestId=b22c2864-4dd4-412e-901d-970d986f06e9] org.hibernate.orm.jdbc.bind - binding parameter (6:BIGINT) <- [1]
2026-08-12 16:22:16.914 DEBUG [http-nio-8080-exec-5] [requestId=b22c2864-4dd4-412e-901d-970d986f06e9] org.hibernate.SQL - 
    insert 
    into
        movimientos_envases
        (cantidad, cuenta_envase_id, fecha_movimiento, referencia, registrado_por, tipo_movimiento) 
    values
        (?, ?, ?, ?, ?, ?)
2026-08-12 16:22:16.915 TRACE [http-nio-8080-exec-5] [requestId=b22c2864-4dd4-412e-901d-970d986f06e9] org.hibernate.orm.jdbc.bind - binding parameter (1:INTEGER) <- [50]
2026-08-12 16:22:16.915 TRACE [http-nio-8080-exec-5] [requestId=b22c2864-4dd4-412e-901d-970d986f06e9] org.hibernate.orm.jdbc.bind - binding parameter (2:BIGINT) <- [5]
2026-08-12 16:22:16.915 TRACE [http-nio-8080-exec-5] [requestId=b22c2864-4dd4-412e-901d-970d986f06e9] org.hibernate.orm.jdbc.bind - binding parameter (3:TIMESTAMP) <- [2026-08-12T16:22:16.914158300]
2026-08-12 16:22:16.915 TRACE [http-nio-8080-exec-5] [requestId=b22c2864-4dd4-412e-901d-970d986f06e9] org.hibernate.orm.jdbc.bind - binding parameter (4:VARCHAR) <- [Saldo inicial de envases del cliente]
2026-08-12 16:22:16.915 TRACE [http-nio-8080-exec-5] [requestId=b22c2864-4dd4-412e-901d-970d986f06e9] org.hibernate.orm.jdbc.bind - binding parameter (5:VARCHAR) <- [adminbencol]
2026-08-12 16:22:16.915 TRACE [http-nio-8080-exec-5] [requestId=b22c2864-4dd4-412e-901d-970d986f06e9] org.hibernate.orm.jdbc.bind - binding parameter (6:ENUM) <- [AJUSTE]
2026-08-12 16:24:27.542 WARN  [http-nio-8080-exec-8] [requestId=30653ebf-eaac-4e99-b980-14dfa913d20c] o.h.v.i.m.a.CascadingMetaDataBuilder - HV000271: Using `@Valid` on a container (java.util.List) is deprecated. You should apply the annotation on the type argument(s). Affected element: detalles
2026-08-12 16:24:27.570 DEBUG [http-nio-8080-exec-8] [requestId=30653ebf-eaac-4e99-b980-14dfa913d20c] org.hibernate.SQL - 
    select
        c1_0.id,
        c1_0.categoria,
        c1_0.direccion,
        c1_0.email,
        c1_0.estado,
        c1_0.nombre,
        c1_0.telefono 
    from
        clients c1_0 
    where
        c1_0.id=?
2026-08-12 16:24:27.570 TRACE [http-nio-8080-exec-8] [requestId=30653ebf-eaac-4e99-b980-14dfa913d20c] org.hibernate.orm.jdbc.bind - binding parameter (1:BIGINT) <- [2]
2026-08-12 16:24:27.572 DEBUG [http-nio-8080-exec-8] [requestId=30653ebf-eaac-4e99-b980-14dfa913d20c] org.hibernate.SQL - 
    select
        p1_0.id,
        p1_0.categoria,
        p1_0.codigo,
        p1_0.contenido,
        p1_0.descripcion,
        p1_0.estado,
        p1_0.precio_base,
        p1_0.unidad_medida,
        p1_0.unidades_por_paquete 
    from
        productos p1_0 
    where
        p1_0.id=?
2026-08-12 16:24:27.573 TRACE [http-nio-8080-exec-8] [requestId=30653ebf-eaac-4e99-b980-14dfa913d20c] org.hibernate.orm.jdbc.bind - binding parameter (1:BIGINT) <- [1]
2026-08-12 16:24:27.577 DEBUG [http-nio-8080-exec-8] [requestId=30653ebf-eaac-4e99-b980-14dfa913d20c] org.hibernate.SQL - 
    select
        cp1_0.id,
        cp1_0.cliente_id,
        cp1_0.fecha_actualizacion,
        cp1_0.fecha_creacion,
        cp1_0.precio,
        cp1_0.producto_id 
    from
        clientes_precios cp1_0 
    where
        cp1_0.cliente_id=? 
        and cp1_0.producto_id=?
2026-08-12 16:24:27.577 TRACE [http-nio-8080-exec-8] [requestId=30653ebf-eaac-4e99-b980-14dfa913d20c] org.hibernate.orm.jdbc.bind - binding parameter (1:BIGINT) <- [2]
2026-08-12 16:24:27.577 TRACE [http-nio-8080-exec-8] [requestId=30653ebf-eaac-4e99-b980-14dfa913d20c] org.hibernate.orm.jdbc.bind - binding parameter (2:BIGINT) <- [1]
2026-08-12 16:24:27.586 DEBUG [http-nio-8080-exec-8] [requestId=30653ebf-eaac-4e99-b980-14dfa913d20c] org.hibernate.SQL - 
    insert 
    into
        ventas
        (actualizado_por, cliente_id, codigo, creado_por, estado, fecha_actualizacion, fecha_creacion, subtotal, total) 
    values
        (?, ?, ?, ?, ?, ?, ?, ?, ?)
2026-08-12 16:24:27.587 TRACE [http-nio-8080-exec-8] [requestId=30653ebf-eaac-4e99-b980-14dfa913d20c] org.hibernate.orm.jdbc.bind - binding parameter (1:VARCHAR) <- [null]
2026-08-12 16:24:27.587 TRACE [http-nio-8080-exec-8] [requestId=30653ebf-eaac-4e99-b980-14dfa913d20c] org.hibernate.orm.jdbc.bind - binding parameter (2:BIGINT) <- [2]
2026-08-12 16:24:27.587 TRACE [http-nio-8080-exec-8] [requestId=30653ebf-eaac-4e99-b980-14dfa913d20c] org.hibernate.orm.jdbc.bind - binding parameter (3:VARCHAR) <- [VEN-093AC69A]
2026-08-12 16:24:27.587 TRACE [http-nio-8080-exec-8] [requestId=30653ebf-eaac-4e99-b980-14dfa913d20c] org.hibernate.orm.jdbc.bind - binding parameter (4:VARCHAR) <- [adminbencol]
2026-08-12 16:24:27.587 TRACE [http-nio-8080-exec-8] [requestId=30653ebf-eaac-4e99-b980-14dfa913d20c] org.hibernate.orm.jdbc.bind - binding parameter (5:ENUM) <- [EMITIDA]
2026-08-12 16:24:27.587 TRACE [http-nio-8080-exec-8] [requestId=30653ebf-eaac-4e99-b980-14dfa913d20c] org.hibernate.orm.jdbc.bind - binding parameter (6:TIMESTAMP) <- [null]
2026-08-12 16:24:27.587 TRACE [http-nio-8080-exec-8] [requestId=30653ebf-eaac-4e99-b980-14dfa913d20c] org.hibernate.orm.jdbc.bind - binding parameter (7:TIMESTAMP) <- [2026-08-12T16:24:27.579997600]
2026-08-12 16:24:27.588 TRACE [http-nio-8080-exec-8] [requestId=30653ebf-eaac-4e99-b980-14dfa913d20c] org.hibernate.orm.jdbc.bind - binding parameter (8:NUMERIC) <- [450.00]
2026-08-12 16:24:27.588 TRACE [http-nio-8080-exec-8] [requestId=30653ebf-eaac-4e99-b980-14dfa913d20c] org.hibernate.orm.jdbc.bind - binding parameter (9:NUMERIC) <- [450.00]
2026-08-12 16:24:27.591 DEBUG [http-nio-8080-exec-8] [requestId=30653ebf-eaac-4e99-b980-14dfa913d20c] org.hibernate.SQL - 
    insert 
    into
        detalles_ventas
        (cantidad, envases_devueltos, modalidad_envase, precio_unitario, producto_id, subtotal, venta_id) 
    values
        (?, ?, ?, ?, ?, ?, ?)
2026-08-12 16:24:27.591 TRACE [http-nio-8080-exec-8] [requestId=30653ebf-eaac-4e99-b980-14dfa913d20c] org.hibernate.orm.jdbc.bind - binding parameter (1:INTEGER) <- [50]
2026-08-12 16:24:27.591 TRACE [http-nio-8080-exec-8] [requestId=30653ebf-eaac-4e99-b980-14dfa913d20c] org.hibernate.orm.jdbc.bind - binding parameter (2:INTEGER) <- [50]
2026-08-12 16:24:27.591 TRACE [http-nio-8080-exec-8] [requestId=30653ebf-eaac-4e99-b980-14dfa913d20c] org.hibernate.orm.jdbc.bind - binding parameter (3:ENUM) <- [INTERCAMBIO]
2026-08-12 16:24:27.591 TRACE [http-nio-8080-exec-8] [requestId=30653ebf-eaac-4e99-b980-14dfa913d20c] org.hibernate.orm.jdbc.bind - binding parameter (4:NUMERIC) <- [9.00]
2026-08-12 16:24:27.591 TRACE [http-nio-8080-exec-8] [requestId=30653ebf-eaac-4e99-b980-14dfa913d20c] org.hibernate.orm.jdbc.bind - binding parameter (5:BIGINT) <- [1]
2026-08-12 16:24:27.591 TRACE [http-nio-8080-exec-8] [requestId=30653ebf-eaac-4e99-b980-14dfa913d20c] org.hibernate.orm.jdbc.bind - binding parameter (6:NUMERIC) <- [450.00]
2026-08-12 16:24:27.591 TRACE [http-nio-8080-exec-8] [requestId=30653ebf-eaac-4e99-b980-14dfa913d20c] org.hibernate.orm.jdbc.bind - binding parameter (7:BIGINT) <- [10]
2026-08-12 16:24:27.598 DEBUG [http-nio-8080-exec-8] [requestId=30653ebf-eaac-4e99-b980-14dfa913d20c] org.hibernate.SQL - 
    select
        cec1_0.id,
        cec1_0.cantidad_prestados,
        cec1_0.cantidad_propios,
        cec1_0.cliente_id,
        cec1_0.fecha_actualizacion,
        cec1_0.fecha_creacion,
        cec1_0.producto_id 
    from
        cuentas_envases_clientes cec1_0 
    where
        cec1_0.cliente_id=? 
        and cec1_0.producto_id=? 
    for
        updateof cec1_0
2026-08-12 16:24:27.599 TRACE [http-nio-8080-exec-8] [requestId=30653ebf-eaac-4e99-b980-14dfa913d20c] org.hibernate.orm.jdbc.bind - binding parameter (1:BIGINT) <- [2]
2026-08-12 16:24:27.599 TRACE [http-nio-8080-exec-8] [requestId=30653ebf-eaac-4e99-b980-14dfa913d20c] org.hibernate.orm.jdbc.bind - binding parameter (2:BIGINT) <- [1]
2026-08-12 16:24:27.603 DEBUG [http-nio-8080-exec-8] [requestId=30653ebf-eaac-4e99-b980-14dfa913d20c] org.hibernate.SQL - 
    insert 
    into
        movimientos_envases
        (cantidad, cuenta_envase_id, fecha_movimiento, referencia, registrado_por, tipo_movimiento) 
    values
        (?, ?, ?, ?, ?, ?)
2026-08-12 16:24:27.603 TRACE [http-nio-8080-exec-8] [requestId=30653ebf-eaac-4e99-b980-14dfa913d20c] org.hibernate.orm.jdbc.bind - binding parameter (1:INTEGER) <- [50]
2026-08-12 16:24:27.603 TRACE [http-nio-8080-exec-8] [requestId=30653ebf-eaac-4e99-b980-14dfa913d20c] org.hibernate.orm.jdbc.bind - binding parameter (2:BIGINT) <- [5]
2026-08-12 16:24:27.603 TRACE [http-nio-8080-exec-8] [requestId=30653ebf-eaac-4e99-b980-14dfa913d20c] org.hibernate.orm.jdbc.bind - binding parameter (3:TIMESTAMP) <- [2026-08-12T16:24:27.602019900]
2026-08-12 16:24:27.604 TRACE [http-nio-8080-exec-8] [requestId=30653ebf-eaac-4e99-b980-14dfa913d20c] org.hibernate.orm.jdbc.bind - binding parameter (4:VARCHAR) <- [Venta VEN-093AC69A]
2026-08-12 16:24:27.604 TRACE [http-nio-8080-exec-8] [requestId=30653ebf-eaac-4e99-b980-14dfa913d20c] org.hibernate.orm.jdbc.bind - binding parameter (5:VARCHAR) <- [adminbencol]
2026-08-12 16:24:27.604 TRACE [http-nio-8080-exec-8] [requestId=30653ebf-eaac-4e99-b980-14dfa913d20c] org.hibernate.orm.jdbc.bind - binding parameter (6:ENUM) <- [INTERCAMBIO]
2026-08-12 16:24:27.606 DEBUG [http-nio-8080-exec-8] [requestId=30653ebf-eaac-4e99-b980-14dfa913d20c] org.hibernate.SQL - 
    insert 
    into
        cuentas_cobrar
        (estado, fecha_actualizacion, fecha_creacion, monto_pagado, monto_total, saldo_pendiente, venta_id) 
    values
        (?, ?, ?, ?, ?, ?, ?)
2026-08-12 16:24:27.606 TRACE [http-nio-8080-exec-8] [requestId=30653ebf-eaac-4e99-b980-14dfa913d20c] org.hibernate.orm.jdbc.bind - binding parameter (1:ENUM) <- [PENDIENTE]
2026-08-12 16:24:27.606 TRACE [http-nio-8080-exec-8] [requestId=30653ebf-eaac-4e99-b980-14dfa913d20c] org.hibernate.orm.jdbc.bind - binding parameter (2:TIMESTAMP) <- [null]
2026-08-12 16:24:27.606 TRACE [http-nio-8080-exec-8] [requestId=30653ebf-eaac-4e99-b980-14dfa913d20c] org.hibernate.orm.jdbc.bind - binding parameter (3:TIMESTAMP) <- [2026-08-12T16:24:27.606025400]
2026-08-12 16:24:27.606 TRACE [http-nio-8080-exec-8] [requestId=30653ebf-eaac-4e99-b980-14dfa913d20c] org.hibernate.orm.jdbc.bind - binding parameter (4:NUMERIC) <- [0]
2026-08-12 16:24:27.607 TRACE [http-nio-8080-exec-8] [requestId=30653ebf-eaac-4e99-b980-14dfa913d20c] org.hibernate.orm.jdbc.bind - binding parameter (5:NUMERIC) <- [450.00]
2026-08-12 16:24:27.607 TRACE [http-nio-8080-exec-8] [requestId=30653ebf-eaac-4e99-b980-14dfa913d20c] org.hibernate.orm.jdbc.bind - binding parameter (6:NUMERIC) <- [450.00]
2026-08-12 16:24:27.607 TRACE [http-nio-8080-exec-8] [requestId=30653ebf-eaac-4e99-b980-14dfa913d20c] org.hibernate.orm.jdbc.bind - binding parameter (7:BIGINT) <- [10]
2026-08-12 16:24:27.608 INFO  [http-nio-8080-exec-8] [requestId=30653ebf-eaac-4e99-b980-14dfa913d20c] c.r.b.ventas.service.VentaServiceImpl - Venta creada. id=10, codigo=VEN-093AC69A, clienteId=2, total=450.00, usuario=adminbencol
2026-08-12 16:29:09.398 DEBUG [http-nio-8080-exec-2] [requestId=ff65c1d4-8005-4bb6-b96f-08992860adf5] org.hibernate.SQL - 
    select
        c1_0.id,
        c1_0.categoria,
        c1_0.direccion,
        c1_0.email,
        c1_0.estado,
        c1_0.nombre,
        c1_0.telefono 
    from
        clients c1_0 
    where
        c1_0.id=?
2026-08-12 16:29:09.399 TRACE [http-nio-8080-exec-2] [requestId=ff65c1d4-8005-4bb6-b96f-08992860adf5] org.hibernate.orm.jdbc.bind - binding parameter (1:BIGINT) <- [2]
2026-08-12 16:29:09.400 DEBUG [http-nio-8080-exec-2] [requestId=ff65c1d4-8005-4bb6-b96f-08992860adf5] org.hibernate.SQL - 
    select
        p1_0.id,
        p1_0.categoria,
        p1_0.codigo,
        p1_0.contenido,
        p1_0.descripcion,
        p1_0.estado,
        p1_0.precio_base,
        p1_0.unidad_medida,
        p1_0.unidades_por_paquete 
    from
        productos p1_0 
    where
        p1_0.id=?
2026-08-12 16:29:09.400 TRACE [http-nio-8080-exec-2] [requestId=ff65c1d4-8005-4bb6-b96f-08992860adf5] org.hibernate.orm.jdbc.bind - binding parameter (1:BIGINT) <- [1]
2026-08-12 16:29:09.401 DEBUG [http-nio-8080-exec-2] [requestId=ff65c1d4-8005-4bb6-b96f-08992860adf5] org.hibernate.SQL - 
    select
        cp1_0.id,
        cp1_0.cliente_id,
        cp1_0.fecha_actualizacion,
        cp1_0.fecha_creacion,
        cp1_0.precio,
        cp1_0.producto_id 
    from
        clientes_precios cp1_0 
    where
        cp1_0.cliente_id=? 
        and cp1_0.producto_id=?
2026-08-12 16:29:09.401 TRACE [http-nio-8080-exec-2] [requestId=ff65c1d4-8005-4bb6-b96f-08992860adf5] org.hibernate.orm.jdbc.bind - binding parameter (1:BIGINT) <- [2]
2026-08-12 16:29:09.401 TRACE [http-nio-8080-exec-2] [requestId=ff65c1d4-8005-4bb6-b96f-08992860adf5] org.hibernate.orm.jdbc.bind - binding parameter (2:BIGINT) <- [1]
2026-08-12 16:29:09.403 DEBUG [http-nio-8080-exec-2] [requestId=ff65c1d4-8005-4bb6-b96f-08992860adf5] org.hibernate.SQL - 
    insert 
    into
        ventas
        (actualizado_por, cliente_id, codigo, creado_por, estado, fecha_actualizacion, fecha_creacion, subtotal, total) 
    values
        (?, ?, ?, ?, ?, ?, ?, ?, ?)
2026-08-12 16:29:09.403 TRACE [http-nio-8080-exec-2] [requestId=ff65c1d4-8005-4bb6-b96f-08992860adf5] org.hibernate.orm.jdbc.bind - binding parameter (1:VARCHAR) <- [null]
2026-08-12 16:29:09.403 TRACE [http-nio-8080-exec-2] [requestId=ff65c1d4-8005-4bb6-b96f-08992860adf5] org.hibernate.orm.jdbc.bind - binding parameter (2:BIGINT) <- [2]
2026-08-12 16:29:09.403 TRACE [http-nio-8080-exec-2] [requestId=ff65c1d4-8005-4bb6-b96f-08992860adf5] org.hibernate.orm.jdbc.bind - binding parameter (3:VARCHAR) <- [VEN-9A7E60FD]
2026-08-12 16:29:09.404 TRACE [http-nio-8080-exec-2] [requestId=ff65c1d4-8005-4bb6-b96f-08992860adf5] org.hibernate.orm.jdbc.bind - binding parameter (4:VARCHAR) <- [adminbencol]
2026-08-12 16:29:09.404 TRACE [http-nio-8080-exec-2] [requestId=ff65c1d4-8005-4bb6-b96f-08992860adf5] org.hibernate.orm.jdbc.bind - binding parameter (5:ENUM) <- [EMITIDA]
2026-08-12 16:29:09.404 TRACE [http-nio-8080-exec-2] [requestId=ff65c1d4-8005-4bb6-b96f-08992860adf5] org.hibernate.orm.jdbc.bind - binding parameter (6:TIMESTAMP) <- [null]
2026-08-12 16:29:09.404 TRACE [http-nio-8080-exec-2] [requestId=ff65c1d4-8005-4bb6-b96f-08992860adf5] org.hibernate.orm.jdbc.bind - binding parameter (7:TIMESTAMP) <- [2026-08-12T16:29:09.402630100]
2026-08-12 16:29:09.404 TRACE [http-nio-8080-exec-2] [requestId=ff65c1d4-8005-4bb6-b96f-08992860adf5] org.hibernate.orm.jdbc.bind - binding parameter (8:NUMERIC) <- [90.00]
2026-08-12 16:29:09.404 TRACE [http-nio-8080-exec-2] [requestId=ff65c1d4-8005-4bb6-b96f-08992860adf5] org.hibernate.orm.jdbc.bind - binding parameter (9:NUMERIC) <- [90.00]
2026-08-12 16:29:09.406 DEBUG [http-nio-8080-exec-2] [requestId=ff65c1d4-8005-4bb6-b96f-08992860adf5] org.hibernate.SQL - 
    insert 
    into
        detalles_ventas
        (cantidad, envases_devueltos, modalidad_envase, precio_unitario, producto_id, subtotal, venta_id) 
    values
        (?, ?, ?, ?, ?, ?, ?)
2026-08-12 16:29:09.406 TRACE [http-nio-8080-exec-2] [requestId=ff65c1d4-8005-4bb6-b96f-08992860adf5] org.hibernate.orm.jdbc.bind - binding parameter (1:INTEGER) <- [10]
2026-08-12 16:29:09.406 TRACE [http-nio-8080-exec-2] [requestId=ff65c1d4-8005-4bb6-b96f-08992860adf5] org.hibernate.orm.jdbc.bind - binding parameter (2:INTEGER) <- [0]
2026-08-12 16:29:09.406 TRACE [http-nio-8080-exec-2] [requestId=ff65c1d4-8005-4bb6-b96f-08992860adf5] org.hibernate.orm.jdbc.bind - binding parameter (3:ENUM) <- [COMPRA]
2026-08-12 16:29:09.406 TRACE [http-nio-8080-exec-2] [requestId=ff65c1d4-8005-4bb6-b96f-08992860adf5] org.hibernate.orm.jdbc.bind - binding parameter (4:NUMERIC) <- [9.00]
2026-08-12 16:29:09.406 TRACE [http-nio-8080-exec-2] [requestId=ff65c1d4-8005-4bb6-b96f-08992860adf5] org.hibernate.orm.jdbc.bind - binding parameter (5:BIGINT) <- [1]
2026-08-12 16:29:09.406 TRACE [http-nio-8080-exec-2] [requestId=ff65c1d4-8005-4bb6-b96f-08992860adf5] org.hibernate.orm.jdbc.bind - binding parameter (6:NUMERIC) <- [90.00]
2026-08-12 16:29:09.407 TRACE [http-nio-8080-exec-2] [requestId=ff65c1d4-8005-4bb6-b96f-08992860adf5] org.hibernate.orm.jdbc.bind - binding parameter (7:BIGINT) <- [11]
2026-08-12 16:29:09.410 DEBUG [http-nio-8080-exec-2] [requestId=ff65c1d4-8005-4bb6-b96f-08992860adf5] org.hibernate.SQL - 
    select
        i1_0.id,
        i1_0.fecha_actualizacion,
        i1_0.fecha_creacion,
        i1_0.producto_id,
        i1_0.stock_actual,
        i1_0.stock_maximo,
        i1_0.stock_minimo 
    from
        inventarios i1_0 
    where
        i1_0.producto_id=? 
    for
        updateof i1_0
2026-08-12 16:29:09.410 TRACE [http-nio-8080-exec-2] [requestId=ff65c1d4-8005-4bb6-b96f-08992860adf5] org.hibernate.orm.jdbc.bind - binding parameter (1:BIGINT) <- [1]
2026-08-12 16:29:09.414 DEBUG [http-nio-8080-exec-2] [requestId=ff65c1d4-8005-4bb6-b96f-08992860adf5] org.hibernate.SQL - 
    insert 
    into
        movimientos_inventario
        (cantidad, fecha_creacion, producto_id, referencia, registrado_por, stock_anterior, stock_nuevo, tipo_movimiento) 
    values
        (?, ?, ?, ?, ?, ?, ?, ?)
2026-08-12 16:29:09.415 TRACE [http-nio-8080-exec-2] [requestId=ff65c1d4-8005-4bb6-b96f-08992860adf5] org.hibernate.orm.jdbc.bind - binding parameter (1:INTEGER) <- [10]
2026-08-12 16:29:09.415 TRACE [http-nio-8080-exec-2] [requestId=ff65c1d4-8005-4bb6-b96f-08992860adf5] org.hibernate.orm.jdbc.bind - binding parameter (2:TIMESTAMP) <- [2026-08-12T16:29:09.414790400]
2026-08-12 16:29:09.415 TRACE [http-nio-8080-exec-2] [requestId=ff65c1d4-8005-4bb6-b96f-08992860adf5] org.hibernate.orm.jdbc.bind - binding parameter (3:BIGINT) <- [1]
2026-08-12 16:29:09.415 TRACE [http-nio-8080-exec-2] [requestId=ff65c1d4-8005-4bb6-b96f-08992860adf5] org.hibernate.orm.jdbc.bind - binding parameter (4:VARCHAR) <- [Venta VEN-9A7E60FD]
2026-08-12 16:29:09.415 TRACE [http-nio-8080-exec-2] [requestId=ff65c1d4-8005-4bb6-b96f-08992860adf5] org.hibernate.orm.jdbc.bind - binding parameter (5:VARCHAR) <- [adminbencol]
2026-08-12 16:29:09.415 TRACE [http-nio-8080-exec-2] [requestId=ff65c1d4-8005-4bb6-b96f-08992860adf5] org.hibernate.orm.jdbc.bind - binding parameter (6:INTEGER) <- [265]
2026-08-12 16:29:09.415 TRACE [http-nio-8080-exec-2] [requestId=ff65c1d4-8005-4bb6-b96f-08992860adf5] org.hibernate.orm.jdbc.bind - binding parameter (7:INTEGER) <- [255]
2026-08-12 16:29:09.415 TRACE [http-nio-8080-exec-2] [requestId=ff65c1d4-8005-4bb6-b96f-08992860adf5] org.hibernate.orm.jdbc.bind - binding parameter (8:ENUM) <- [SALIDA]
2026-08-12 16:29:09.420 DEBUG [http-nio-8080-exec-2] [requestId=ff65c1d4-8005-4bb6-b96f-08992860adf5] org.hibernate.SQL - 
    select
        cec1_0.id,
        cec1_0.cantidad_prestados,
        cec1_0.cantidad_propios,
        cec1_0.cliente_id,
        cec1_0.fecha_actualizacion,
        cec1_0.fecha_creacion,
        cec1_0.producto_id 
    from
        cuentas_envases_clientes cec1_0 
    where
        cec1_0.cliente_id=? 
        and cec1_0.producto_id=? 
    for
        updateof cec1_0
2026-08-12 16:29:09.420 TRACE [http-nio-8080-exec-2] [requestId=ff65c1d4-8005-4bb6-b96f-08992860adf5] org.hibernate.orm.jdbc.bind - binding parameter (1:BIGINT) <- [2]
2026-08-12 16:29:09.420 TRACE [http-nio-8080-exec-2] [requestId=ff65c1d4-8005-4bb6-b96f-08992860adf5] org.hibernate.orm.jdbc.bind - binding parameter (2:BIGINT) <- [1]
2026-08-12 16:29:09.422 DEBUG [http-nio-8080-exec-2] [requestId=ff65c1d4-8005-4bb6-b96f-08992860adf5] org.hibernate.SQL - 
    insert 
    into
        movimientos_envases
        (cantidad, cuenta_envase_id, fecha_movimiento, referencia, registrado_por, tipo_movimiento) 
    values
        (?, ?, ?, ?, ?, ?)
2026-08-12 16:29:09.423 TRACE [http-nio-8080-exec-2] [requestId=ff65c1d4-8005-4bb6-b96f-08992860adf5] org.hibernate.orm.jdbc.bind - binding parameter (1:INTEGER) <- [10]
2026-08-12 16:29:09.423 TRACE [http-nio-8080-exec-2] [requestId=ff65c1d4-8005-4bb6-b96f-08992860adf5] org.hibernate.orm.jdbc.bind - binding parameter (2:BIGINT) <- [5]
2026-08-12 16:29:09.423 TRACE [http-nio-8080-exec-2] [requestId=ff65c1d4-8005-4bb6-b96f-08992860adf5] org.hibernate.orm.jdbc.bind - binding parameter (3:TIMESTAMP) <- [2026-08-12T16:29:09.422786200]
2026-08-12 16:29:09.423 TRACE [http-nio-8080-exec-2] [requestId=ff65c1d4-8005-4bb6-b96f-08992860adf5] org.hibernate.orm.jdbc.bind - binding parameter (4:VARCHAR) <- [Venta VEN-9A7E60FD]
2026-08-12 16:29:09.423 TRACE [http-nio-8080-exec-2] [requestId=ff65c1d4-8005-4bb6-b96f-08992860adf5] org.hibernate.orm.jdbc.bind - binding parameter (5:VARCHAR) <- [adminbencol]
2026-08-12 16:29:09.423 TRACE [http-nio-8080-exec-2] [requestId=ff65c1d4-8005-4bb6-b96f-08992860adf5] org.hibernate.orm.jdbc.bind - binding parameter (6:ENUM) <- [COMPRA]
2026-08-12 16:29:09.424 DEBUG [http-nio-8080-exec-2] [requestId=ff65c1d4-8005-4bb6-b96f-08992860adf5] org.hibernate.SQL - 
    insert 
    into
        cuentas_cobrar
        (estado, fecha_actualizacion, fecha_creacion, monto_pagado, monto_total, saldo_pendiente, venta_id) 
    values
        (?, ?, ?, ?, ?, ?, ?)
2026-08-12 16:29:09.425 TRACE [http-nio-8080-exec-2] [requestId=ff65c1d4-8005-4bb6-b96f-08992860adf5] org.hibernate.orm.jdbc.bind - binding parameter (1:ENUM) <- [PENDIENTE]
2026-08-12 16:29:09.425 TRACE [http-nio-8080-exec-2] [requestId=ff65c1d4-8005-4bb6-b96f-08992860adf5] org.hibernate.orm.jdbc.bind - binding parameter (2:TIMESTAMP) <- [null]
2026-08-12 16:29:09.425 TRACE [http-nio-8080-exec-2] [requestId=ff65c1d4-8005-4bb6-b96f-08992860adf5] org.hibernate.orm.jdbc.bind - binding parameter (3:TIMESTAMP) <- [2026-08-12T16:29:09.424307800]
2026-08-12 16:29:09.425 TRACE [http-nio-8080-exec-2] [requestId=ff65c1d4-8005-4bb6-b96f-08992860adf5] org.hibernate.orm.jdbc.bind - binding parameter (4:NUMERIC) <- [0]
2026-08-12 16:29:09.425 TRACE [http-nio-8080-exec-2] [requestId=ff65c1d4-8005-4bb6-b96f-08992860adf5] org.hibernate.orm.jdbc.bind - binding parameter (5:NUMERIC) <- [90.00]
2026-08-12 16:29:09.425 TRACE [http-nio-8080-exec-2] [requestId=ff65c1d4-8005-4bb6-b96f-08992860adf5] org.hibernate.orm.jdbc.bind - binding parameter (6:NUMERIC) <- [90.00]
2026-08-12 16:29:09.425 TRACE [http-nio-8080-exec-2] [requestId=ff65c1d4-8005-4bb6-b96f-08992860adf5] org.hibernate.orm.jdbc.bind - binding parameter (7:BIGINT) <- [11]
2026-08-12 16:29:09.426 INFO  [http-nio-8080-exec-2] [requestId=ff65c1d4-8005-4bb6-b96f-08992860adf5] c.r.b.ventas.service.VentaServiceImpl - Venta creada. id=11, codigo=VEN-9A7E60FD, clienteId=2, total=90.00, usuario=adminbencol
2026-08-12 16:29:09.430 DEBUG [http-nio-8080-exec-2] [requestId=ff65c1d4-8005-4bb6-b96f-08992860adf5] org.hibernate.SQL - 
    update
        inventarios 
    set
        fecha_actualizacion=?,
        fecha_creacion=?,
        producto_id=?,
        stock_actual=?,
        stock_maximo=?,
        stock_minimo=? 
    where
        id=?
2026-08-12 16:29:09.431 TRACE [http-nio-8080-exec-2] [requestId=ff65c1d4-8005-4bb6-b96f-08992860adf5] org.hibernate.orm.jdbc.bind - binding parameter (1:TIMESTAMP) <- [2026-08-12T16:29:09.426304]
2026-08-12 16:29:09.431 TRACE [http-nio-8080-exec-2] [requestId=ff65c1d4-8005-4bb6-b96f-08992860adf5] org.hibernate.orm.jdbc.bind - binding parameter (2:TIMESTAMP) <- [2026-08-11T21:05:17.804805]
2026-08-12 16:29:09.431 TRACE [http-nio-8080-exec-2] [requestId=ff65c1d4-8005-4bb6-b96f-08992860adf5] org.hibernate.orm.jdbc.bind - binding parameter (3:BIGINT) <- [1]
2026-08-12 16:29:09.431 TRACE [http-nio-8080-exec-2] [requestId=ff65c1d4-8005-4bb6-b96f-08992860adf5] org.hibernate.orm.jdbc.bind - binding parameter (4:INTEGER) <- [255]
2026-08-12 16:29:09.431 TRACE [http-nio-8080-exec-2] [requestId=ff65c1d4-8005-4bb6-b96f-08992860adf5] org.hibernate.orm.jdbc.bind - binding parameter (5:INTEGER) <- [3000]
2026-08-12 16:29:09.431 TRACE [http-nio-8080-exec-2] [requestId=ff65c1d4-8005-4bb6-b96f-08992860adf5] org.hibernate.orm.jdbc.bind - binding parameter (6:INTEGER) <- [10]
2026-08-12 16:29:09.431 TRACE [http-nio-8080-exec-2] [requestId=ff65c1d4-8005-4bb6-b96f-08992860adf5] org.hibernate.orm.jdbc.bind - binding parameter (7:BIGINT) <- [1]
2026-08-12 16:29:09.434 DEBUG [http-nio-8080-exec-2] [requestId=ff65c1d4-8005-4bb6-b96f-08992860adf5] org.hibernate.SQL - 
    update
        cuentas_envases_clientes 
    set
        cantidad_prestados=?,
        cantidad_propios=?,
        cliente_id=?,
        fecha_actualizacion=?,
        fecha_creacion=?,
        producto_id=? 
    where
        id=?
2026-08-12 16:29:09.434 TRACE [http-nio-8080-exec-2] [requestId=ff65c1d4-8005-4bb6-b96f-08992860adf5] org.hibernate.orm.jdbc.bind - binding parameter (1:INTEGER) <- [0]
2026-08-12 16:29:09.434 TRACE [http-nio-8080-exec-2] [requestId=ff65c1d4-8005-4bb6-b96f-08992860adf5] org.hibernate.orm.jdbc.bind - binding parameter (2:INTEGER) <- [60]
2026-08-12 16:29:09.434 TRACE [http-nio-8080-exec-2] [requestId=ff65c1d4-8005-4bb6-b96f-08992860adf5] org.hibernate.orm.jdbc.bind - binding parameter (3:BIGINT) <- [2]
2026-08-12 16:29:09.434 TRACE [http-nio-8080-exec-2] [requestId=ff65c1d4-8005-4bb6-b96f-08992860adf5] org.hibernate.orm.jdbc.bind - binding parameter (4:TIMESTAMP) <- [2026-08-12T16:29:09.426304]
2026-08-12 16:29:09.434 TRACE [http-nio-8080-exec-2] [requestId=ff65c1d4-8005-4bb6-b96f-08992860adf5] org.hibernate.orm.jdbc.bind - binding parameter (5:TIMESTAMP) <- [2026-08-12T16:22:16.889477]
2026-08-12 16:29:09.434 TRACE [http-nio-8080-exec-2] [requestId=ff65c1d4-8005-4bb6-b96f-08992860adf5] org.hibernate.orm.jdbc.bind - binding parameter (6:BIGINT) <- [1]
2026-08-12 16:29:09.434 TRACE [http-nio-8080-exec-2] [requestId=ff65c1d4-8005-4bb6-b96f-08992860adf5] org.hibernate.orm.jdbc.bind - binding parameter (7:BIGINT) <- [5]
2026-08-12 16:37:12.141 INFO  [SpringApplicationShutdownHook] [requestId=N/A] o.s.boot.tomcat.GracefulShutdown - Commencing graceful shutdown. Waiting for active requests to complete
2026-08-12 16:37:12.144 INFO  [tomcat-shutdown] [requestId=N/A] o.s.boot.tomcat.GracefulShutdown - Graceful shutdown complete
2026-08-12 16:37:12.158 INFO  [SpringApplicationShutdownHook] [requestId=N/A] o.s.o.j.LocalContainerEntityManagerFactoryBean - Closing JPA EntityManagerFactory for persistence unit 'default'
2026-08-12 16:37:12.161 INFO  [SpringApplicationShutdownHook] [requestId=N/A] com.zaxxer.hikari.HikariDataSource - HikariPool-1 - Shutdown initiated...
2026-08-12 16:37:12.166 INFO  [SpringApplicationShutdownHook] [requestId=N/A] com.zaxxer.hikari.HikariDataSource - HikariPool-1 - Shutdown completed.
2026-08-12 16:42:35.168 INFO  [restartedMain] [requestId=N/A] c.r.bencolapp.BencolAppApplication - Starting BencolAppApplication using Java 21.0.7 with PID 15220 (C:\Users\WILDER\OneDrive\Escritorio\bencol-app\bencol\target\classes started by WILDER in C:\Users\WILDER\OneDrive\Escritorio\bencol-app\bencol)
2026-08-12 16:42:35.170 DEBUG [restartedMain] [requestId=N/A] c.r.bencolapp.BencolAppApplication - Running with Spring Boot v4.1.0, Spring v7.0.8
2026-08-12 16:42:35.171 INFO  [restartedMain] [requestId=N/A] c.r.bencolapp.BencolAppApplication - The following 1 profile is active: "dev"
2026-08-12 16:42:35.207 INFO  [restartedMain] [requestId=N/A] o.s.b.d.e.DevToolsPropertyDefaultsPostProcessor - Devtools property defaults active! Set 'spring.devtools.add-properties' to 'false' to disable
2026-08-12 16:42:35.207 INFO  [restartedMain] [requestId=N/A] o.s.b.d.e.DevToolsPropertyDefaultsPostProcessor - For additional web related logging consider setting the 'logging.level.web' property to 'DEBUG'
2026-08-12 16:42:35.824 INFO  [restartedMain] [requestId=N/A] o.s.d.r.c.RepositoryConfigurationDelegate - Bootstrapping Spring Data JPA repositories in DEFAULT mode.
2026-08-12 16:42:35.977 INFO  [restartedMain] [requestId=N/A] o.s.d.r.c.RepositoryConfigurationDelegate - Finished Spring Data repository scanning in 146 ms. Found 21 JPA repository interfaces.
2026-08-12 16:42:36.430 INFO  [restartedMain] [requestId=N/A] o.s.boot.tomcat.TomcatWebServer - Tomcat initialized with port 8080 (http)
2026-08-12 16:42:36.441 INFO  [restartedMain] [requestId=N/A] o.apache.catalina.core.StandardService - Starting service [Tomcat]
2026-08-12 16:42:36.441 INFO  [restartedMain] [requestId=N/A] org.apache.catalina.core.StandardEngine - Starting Servlet engine: [Apache Tomcat/11.0.22]
2026-08-12 16:42:36.481 INFO  [restartedMain] [requestId=N/A] o.s.b.w.c.s.WebApplicationContextInitializer - Root WebApplicationContext: initialization completed in 1274 ms
2026-08-12 16:42:36.516 DEBUG [restartedMain] [requestId=N/A] c.r.b.utils.logging.RequestIdFilter - Filter 'requestIdFilter' configured for use
2026-08-12 16:42:36.702 INFO  [restartedMain] [requestId=N/A] com.zaxxer.hikari.HikariDataSource - HikariPool-1 - Starting...
2026-08-12 16:42:36.822 INFO  [restartedMain] [requestId=N/A] com.zaxxer.hikari.pool.HikariPool - HikariPool-1 - Added connection com.mysql.cj.jdbc.ConnectionImpl@34f98fd4
2026-08-12 16:42:36.823 INFO  [restartedMain] [requestId=N/A] com.zaxxer.hikari.HikariDataSource - HikariPool-1 - Start completed.
2026-08-12 16:42:36.848 INFO  [restartedMain] [requestId=N/A] org.flywaydb.core.FlywayExecutor - Database: jdbc:mysql://localhost:3306/bencol_system?useSSL=false&serverTimezone=America/Lima&allowPublicKeyRetrieval=true (MySQL 8.0)
2026-08-12 16:42:36.911 INFO  [restartedMain] [requestId=N/A] o.f.core.internal.command.DbValidate - Successfully validated 5 migrations (execution time 00:00.029s)
2026-08-12 16:42:36.924 INFO  [restartedMain] [requestId=N/A] o.f.core.internal.command.DbMigrate - Current version of schema `bencol_system`: 5
2026-08-12 16:42:36.927 INFO  [restartedMain] [requestId=N/A] o.f.core.internal.command.DbMigrate - Schema `bencol_system` is up to date. No migration necessary.
2026-08-12 16:42:37.034 INFO  [restartedMain] [requestId=N/A] org.hibernate.orm.jpa - HHH008540: Processing PersistenceUnitInfo [name: default]
2026-08-12 16:42:37.079 INFO  [restartedMain] [requestId=N/A] org.hibernate.orm.core - HHH000001: Hibernate ORM core version 7.4.1.Final
2026-08-12 16:42:37.461 INFO  [restartedMain] [requestId=N/A] o.s.o.j.p.SpringPersistenceUnitInfo - No LoadTimeWeaver setup: ignoring JPA class transformer
2026-08-12 16:42:37.535 INFO  [restartedMain] [requestId=N/A] org.hibernate.orm.connections.pooling - HHH10001005: Database info:
	Database JDBC URL [jdbc:mysql://localhost:3306/bencol_system?useSSL=false&serverTimezone=America/Lima&allowPublicKeyRetrieval=true]
	Database driver: MySQL Connector/J
	Database dialect: MySQLDialect
	Database version: 8.0.44
	Default catalog/schema: bencol_system/undefined
	Autocommit mode: undefined/unknown
	Isolation level: REPEATABLE_READ [default REPEATABLE_READ]
	JDBC fetch size: none
	Pool: DataSourceConnectionProvider
	Minimum pool size: undefined/unknown
	Maximum pool size: undefined/unknown
2026-08-12 16:42:38.574 INFO  [restartedMain] [requestId=N/A] org.hibernate.orm.core - HHH000489: No JTA platform available (set 'hibernate.transaction.jta.platform' to enable JTA platform integration)
2026-08-12 16:42:38.614 INFO  [restartedMain] [requestId=N/A] o.s.o.j.LocalContainerEntityManagerFactoryBean - Initialized JPA EntityManagerFactory for persistence unit 'default'
2026-08-12 16:42:38.680 INFO  [restartedMain] [requestId=N/A] o.s.d.j.r.query.QueryEnhancerFactories - Hibernate is in classpath; If applicable, HQL parser will be used.
2026-08-12 16:42:40.866 INFO  [restartedMain] [requestId=N/A] o.s.boot.tomcat.TomcatWebServer - Tomcat started on port 8080 (http) with context path '/'
2026-08-12 16:42:40.870 INFO  [restartedMain] [requestId=N/A] c.r.bencolapp.BencolAppApplication - Started BencolAppApplication in 6.221 seconds (process running for 6.71)
2026-08-12 16:42:40.923 DEBUG [restartedMain] [requestId=N/A] org.hibernate.SQL - 
    select
        count(*) 
    from
        usuarios u1_0
2026-08-12 16:42:45.005 INFO  [http-nio-8080-exec-1] [requestId=N/A] o.a.c.c.C.[Tomcat].[localhost].[/] - Initializing Spring DispatcherServlet 'dispatcherServlet'
2026-08-12 16:42:45.005 INFO  [http-nio-8080-exec-1] [requestId=N/A] o.s.web.servlet.DispatcherServlet - Initializing Servlet 'dispatcherServlet'
2026-08-12 16:42:45.006 INFO  [http-nio-8080-exec-1] [requestId=N/A] o.s.web.servlet.DispatcherServlet - Completed initialization in 1 ms
2026-08-12 16:42:45.108 DEBUG [http-nio-8080-exec-1] [requestId=78a7de13-b1a8-40f8-9cfc-a3b6dd1c0ba2] org.hibernate.SQL - 
    select
        u1_0.id,
        u1_0.email,
        u1_0.estado,
        u1_0.fecha_actualizacion,
        u1_0.fecha_creacion,
        u1_0.password,
        u1_0.rol,
        u1_0.username 
    from
        usuarios u1_0 
    where
        u1_0.username=?
2026-08-12 16:42:45.108 TRACE [http-nio-8080-exec-1] [requestId=78a7de13-b1a8-40f8-9cfc-a3b6dd1c0ba2] org.hibernate.orm.jdbc.bind - binding parameter (1:VARCHAR) <- [adminbencol]
2026-08-12 16:43:09.552 WARN  [http-nio-8080-exec-3] [requestId=9210ae56-de20-4935-92aa-6bcbfc756998] o.h.v.i.m.a.CascadingMetaDataBuilder - HV000271: Using `@Valid` on a container (java.util.List) is deprecated. You should apply the annotation on the type argument(s). Affected element: detalles
2026-08-12 16:43:09.596 DEBUG [http-nio-8080-exec-3] [requestId=9210ae56-de20-4935-92aa-6bcbfc756998] org.hibernate.SQL - 
    select
        c1_0.id,
        c1_0.categoria,
        c1_0.direccion,
        c1_0.email,
        c1_0.estado,
        c1_0.nombre,
        c1_0.telefono 
    from
        clients c1_0 
    where
        c1_0.id=?
2026-08-12 16:43:09.597 TRACE [http-nio-8080-exec-3] [requestId=9210ae56-de20-4935-92aa-6bcbfc756998] org.hibernate.orm.jdbc.bind - binding parameter (1:BIGINT) <- [2]
2026-08-12 16:43:09.600 DEBUG [http-nio-8080-exec-3] [requestId=9210ae56-de20-4935-92aa-6bcbfc756998] org.hibernate.SQL - 
    select
        p1_0.id,
        p1_0.categoria,
        p1_0.codigo,
        p1_0.contenido,
        p1_0.descripcion,
        p1_0.estado,
        p1_0.precio_base,
        p1_0.unidad_medida,
        p1_0.unidades_por_paquete 
    from
        productos p1_0 
    where
        p1_0.id=?
2026-08-12 16:43:09.600 TRACE [http-nio-8080-exec-3] [requestId=9210ae56-de20-4935-92aa-6bcbfc756998] org.hibernate.orm.jdbc.bind - binding parameter (1:BIGINT) <- [1]
2026-08-12 16:43:09.622 DEBUG [http-nio-8080-exec-3] [requestId=9210ae56-de20-4935-92aa-6bcbfc756998] org.hibernate.SQL - 
    insert 
    into
        ventas
        (actualizado_por, cliente_id, codigo, creado_por, estado, fecha_actualizacion, fecha_creacion, subtotal, total) 
    values
        (?, ?, ?, ?, ?, ?, ?, ?, ?)
2026-08-12 16:43:09.623 TRACE [http-nio-8080-exec-3] [requestId=9210ae56-de20-4935-92aa-6bcbfc756998] org.hibernate.orm.jdbc.bind - binding parameter (1:VARCHAR) <- [null]
2026-08-12 16:43:09.623 TRACE [http-nio-8080-exec-3] [requestId=9210ae56-de20-4935-92aa-6bcbfc756998] org.hibernate.orm.jdbc.bind - binding parameter (2:BIGINT) <- [2]
2026-08-12 16:43:09.624 TRACE [http-nio-8080-exec-3] [requestId=9210ae56-de20-4935-92aa-6bcbfc756998] org.hibernate.orm.jdbc.bind - binding parameter (3:VARCHAR) <- [VEN-CA4188BA]
2026-08-12 16:43:09.624 TRACE [http-nio-8080-exec-3] [requestId=9210ae56-de20-4935-92aa-6bcbfc756998] org.hibernate.orm.jdbc.bind - binding parameter (4:VARCHAR) <- [adminbencol]
2026-08-12 16:43:09.624 TRACE [http-nio-8080-exec-3] [requestId=9210ae56-de20-4935-92aa-6bcbfc756998] org.hibernate.orm.jdbc.bind - binding parameter (5:ENUM) <- [EMITIDA]
2026-08-12 16:43:09.624 TRACE [http-nio-8080-exec-3] [requestId=9210ae56-de20-4935-92aa-6bcbfc756998] org.hibernate.orm.jdbc.bind - binding parameter (6:TIMESTAMP) <- [null]
2026-08-12 16:43:09.624 TRACE [http-nio-8080-exec-3] [requestId=9210ae56-de20-4935-92aa-6bcbfc756998] org.hibernate.orm.jdbc.bind - binding parameter (7:TIMESTAMP) <- [2026-08-12T16:43:09.605613100]
2026-08-12 16:43:09.624 TRACE [http-nio-8080-exec-3] [requestId=9210ae56-de20-4935-92aa-6bcbfc756998] org.hibernate.orm.jdbc.bind - binding parameter (8:NUMERIC) <- [400.00]
2026-08-12 16:43:09.625 TRACE [http-nio-8080-exec-3] [requestId=9210ae56-de20-4935-92aa-6bcbfc756998] org.hibernate.orm.jdbc.bind - binding parameter (9:NUMERIC) <- [400.00]
2026-08-12 16:43:09.635 DEBUG [http-nio-8080-exec-3] [requestId=9210ae56-de20-4935-92aa-6bcbfc756998] org.hibernate.SQL - 
    insert 
    into
        detalles_ventas
        (cantidad, envases_devueltos, modalidad_envase, precio_unitario, producto_id, subtotal, venta_id) 
    values
        (?, ?, ?, ?, ?, ?, ?)
2026-08-12 16:43:09.635 TRACE [http-nio-8080-exec-3] [requestId=9210ae56-de20-4935-92aa-6bcbfc756998] org.hibernate.orm.jdbc.bind - binding parameter (1:INTEGER) <- [20]
2026-08-12 16:43:09.636 TRACE [http-nio-8080-exec-3] [requestId=9210ae56-de20-4935-92aa-6bcbfc756998] org.hibernate.orm.jdbc.bind - binding parameter (2:INTEGER) <- [0]
2026-08-12 16:43:09.636 TRACE [http-nio-8080-exec-3] [requestId=9210ae56-de20-4935-92aa-6bcbfc756998] org.hibernate.orm.jdbc.bind - binding parameter (3:ENUM) <- [COMPRA]
2026-08-12 16:43:09.636 TRACE [http-nio-8080-exec-3] [requestId=9210ae56-de20-4935-92aa-6bcbfc756998] org.hibernate.orm.jdbc.bind - binding parameter (4:NUMERIC) <- [20.00]
2026-08-12 16:43:09.636 TRACE [http-nio-8080-exec-3] [requestId=9210ae56-de20-4935-92aa-6bcbfc756998] org.hibernate.orm.jdbc.bind - binding parameter (5:BIGINT) <- [1]
2026-08-12 16:43:09.636 TRACE [http-nio-8080-exec-3] [requestId=9210ae56-de20-4935-92aa-6bcbfc756998] org.hibernate.orm.jdbc.bind - binding parameter (6:NUMERIC) <- [400.00]
2026-08-12 16:43:09.636 TRACE [http-nio-8080-exec-3] [requestId=9210ae56-de20-4935-92aa-6bcbfc756998] org.hibernate.orm.jdbc.bind - binding parameter (7:BIGINT) <- [12]
2026-08-12 16:43:09.651 DEBUG [http-nio-8080-exec-3] [requestId=9210ae56-de20-4935-92aa-6bcbfc756998] org.hibernate.SQL - 
    select
        i1_0.id,
        i1_0.fecha_actualizacion,
        i1_0.fecha_creacion,
        i1_0.producto_id,
        i1_0.stock_actual,
        i1_0.stock_maximo,
        i1_0.stock_minimo 
    from
        inventarios i1_0 
    where
        i1_0.producto_id=? 
    for
        updateof i1_0
2026-08-12 16:43:09.651 TRACE [http-nio-8080-exec-3] [requestId=9210ae56-de20-4935-92aa-6bcbfc756998] org.hibernate.orm.jdbc.bind - binding parameter (1:BIGINT) <- [1]
2026-08-12 16:43:09.660 DEBUG [http-nio-8080-exec-3] [requestId=9210ae56-de20-4935-92aa-6bcbfc756998] org.hibernate.SQL - 
    insert 
    into
        movimientos_inventario
        (cantidad, fecha_creacion, producto_id, referencia, registrado_por, stock_anterior, stock_nuevo, tipo_movimiento) 
    values
        (?, ?, ?, ?, ?, ?, ?, ?)
2026-08-12 16:43:09.660 TRACE [http-nio-8080-exec-3] [requestId=9210ae56-de20-4935-92aa-6bcbfc756998] org.hibernate.orm.jdbc.bind - binding parameter (1:INTEGER) <- [20]
2026-08-12 16:43:09.660 TRACE [http-nio-8080-exec-3] [requestId=9210ae56-de20-4935-92aa-6bcbfc756998] org.hibernate.orm.jdbc.bind - binding parameter (2:TIMESTAMP) <- [2026-08-12T16:43:09.659383600]
2026-08-12 16:43:09.660 TRACE [http-nio-8080-exec-3] [requestId=9210ae56-de20-4935-92aa-6bcbfc756998] org.hibernate.orm.jdbc.bind - binding parameter (3:BIGINT) <- [1]
2026-08-12 16:43:09.660 TRACE [http-nio-8080-exec-3] [requestId=9210ae56-de20-4935-92aa-6bcbfc756998] org.hibernate.orm.jdbc.bind - binding parameter (4:VARCHAR) <- [Venta VEN-CA4188BA]
2026-08-12 16:43:09.660 TRACE [http-nio-8080-exec-3] [requestId=9210ae56-de20-4935-92aa-6bcbfc756998] org.hibernate.orm.jdbc.bind - binding parameter (5:VARCHAR) <- [adminbencol]
2026-08-12 16:43:09.661 TRACE [http-nio-8080-exec-3] [requestId=9210ae56-de20-4935-92aa-6bcbfc756998] org.hibernate.orm.jdbc.bind - binding parameter (6:INTEGER) <- [255]
2026-08-12 16:43:09.661 TRACE [http-nio-8080-exec-3] [requestId=9210ae56-de20-4935-92aa-6bcbfc756998] org.hibernate.orm.jdbc.bind - binding parameter (7:INTEGER) <- [235]
2026-08-12 16:43:09.661 TRACE [http-nio-8080-exec-3] [requestId=9210ae56-de20-4935-92aa-6bcbfc756998] org.hibernate.orm.jdbc.bind - binding parameter (8:ENUM) <- [SALIDA]
2026-08-12 16:43:09.667 DEBUG [http-nio-8080-exec-3] [requestId=9210ae56-de20-4935-92aa-6bcbfc756998] org.hibernate.SQL - 
    select
        cec1_0.id,
        cec1_0.cantidad_prestados,
        cec1_0.cantidad_propios,
        cec1_0.cliente_id,
        cec1_0.fecha_actualizacion,
        cec1_0.fecha_creacion,
        cec1_0.producto_id 
    from
        cuentas_envases_clientes cec1_0 
    where
        cec1_0.cliente_id=? 
        and cec1_0.producto_id=? 
    for
        updateof cec1_0
2026-08-12 16:43:09.667 TRACE [http-nio-8080-exec-3] [requestId=9210ae56-de20-4935-92aa-6bcbfc756998] org.hibernate.orm.jdbc.bind - binding parameter (1:BIGINT) <- [2]
2026-08-12 16:43:09.667 TRACE [http-nio-8080-exec-3] [requestId=9210ae56-de20-4935-92aa-6bcbfc756998] org.hibernate.orm.jdbc.bind - binding parameter (2:BIGINT) <- [1]
2026-08-12 16:43:09.671 DEBUG [http-nio-8080-exec-3] [requestId=9210ae56-de20-4935-92aa-6bcbfc756998] org.hibernate.SQL - 
    insert 
    into
        movimientos_envases
        (cantidad, cuenta_envase_id, fecha_movimiento, referencia, registrado_por, tipo_movimiento) 
    values
        (?, ?, ?, ?, ?, ?)
2026-08-12 16:43:09.671 TRACE [http-nio-8080-exec-3] [requestId=9210ae56-de20-4935-92aa-6bcbfc756998] org.hibernate.orm.jdbc.bind - binding parameter (1:INTEGER) <- [20]
2026-08-12 16:43:09.671 TRACE [http-nio-8080-exec-3] [requestId=9210ae56-de20-4935-92aa-6bcbfc756998] org.hibernate.orm.jdbc.bind - binding parameter (2:BIGINT) <- [5]
2026-08-12 16:43:09.671 TRACE [http-nio-8080-exec-3] [requestId=9210ae56-de20-4935-92aa-6bcbfc756998] org.hibernate.orm.jdbc.bind - binding parameter (3:TIMESTAMP) <- [2026-08-12T16:43:09.671905]
2026-08-12 16:43:09.672 TRACE [http-nio-8080-exec-3] [requestId=9210ae56-de20-4935-92aa-6bcbfc756998] org.hibernate.orm.jdbc.bind - binding parameter (4:VARCHAR) <- [Venta VEN-CA4188BA]
2026-08-12 16:43:09.672 TRACE [http-nio-8080-exec-3] [requestId=9210ae56-de20-4935-92aa-6bcbfc756998] org.hibernate.orm.jdbc.bind - binding parameter (5:VARCHAR) <- [adminbencol]
2026-08-12 16:43:09.672 TRACE [http-nio-8080-exec-3] [requestId=9210ae56-de20-4935-92aa-6bcbfc756998] org.hibernate.orm.jdbc.bind - binding parameter (6:ENUM) <- [COMPRA]
2026-08-12 16:43:09.673 DEBUG [http-nio-8080-exec-3] [requestId=9210ae56-de20-4935-92aa-6bcbfc756998] org.hibernate.SQL - 
    insert 
    into
        cuentas_cobrar
        (estado, fecha_actualizacion, fecha_creacion, monto_pagado, monto_total, saldo_pendiente, venta_id) 
    values
        (?, ?, ?, ?, ?, ?, ?)
2026-08-12 16:43:09.673 TRACE [http-nio-8080-exec-3] [requestId=9210ae56-de20-4935-92aa-6bcbfc756998] org.hibernate.orm.jdbc.bind - binding parameter (1:ENUM) <- [PENDIENTE]
2026-08-12 16:43:09.675 TRACE [http-nio-8080-exec-3] [requestId=9210ae56-de20-4935-92aa-6bcbfc756998] org.hibernate.orm.jdbc.bind - binding parameter (2:TIMESTAMP) <- [null]
2026-08-12 16:43:09.675 TRACE [http-nio-8080-exec-3] [requestId=9210ae56-de20-4935-92aa-6bcbfc756998] org.hibernate.orm.jdbc.bind - binding parameter (3:TIMESTAMP) <- [2026-08-12T16:43:09.673907200]
2026-08-12 16:43:09.675 TRACE [http-nio-8080-exec-3] [requestId=9210ae56-de20-4935-92aa-6bcbfc756998] org.hibernate.orm.jdbc.bind - binding parameter (4:NUMERIC) <- [0]
2026-08-12 16:43:09.675 TRACE [http-nio-8080-exec-3] [requestId=9210ae56-de20-4935-92aa-6bcbfc756998] org.hibernate.orm.jdbc.bind - binding parameter (5:NUMERIC) <- [400.00]
2026-08-12 16:43:09.675 TRACE [http-nio-8080-exec-3] [requestId=9210ae56-de20-4935-92aa-6bcbfc756998] org.hibernate.orm.jdbc.bind - binding parameter (6:NUMERIC) <- [400.00]
2026-08-12 16:43:09.675 TRACE [http-nio-8080-exec-3] [requestId=9210ae56-de20-4935-92aa-6bcbfc756998] org.hibernate.orm.jdbc.bind - binding parameter (7:BIGINT) <- [12]
2026-08-12 16:43:09.677 INFO  [http-nio-8080-exec-3] [requestId=9210ae56-de20-4935-92aa-6bcbfc756998] c.r.b.ventas.service.VentaServiceImpl - Venta creada. id=12, codigo=VEN-CA4188BA, clienteId=2, total=400.00, usuario=adminbencol
2026-08-12 16:43:09.681 DEBUG [http-nio-8080-exec-3] [requestId=9210ae56-de20-4935-92aa-6bcbfc756998] org.hibernate.SQL - 
    update
        inventarios 
    set
        fecha_actualizacion=?,
        fecha_creacion=?,
        producto_id=?,
        stock_actual=?,
        stock_maximo=?,
        stock_minimo=? 
    where
        id=?
2026-08-12 16:43:09.682 TRACE [http-nio-8080-exec-3] [requestId=9210ae56-de20-4935-92aa-6bcbfc756998] org.hibernate.orm.jdbc.bind - binding parameter (1:TIMESTAMP) <- [2026-08-12T16:43:09.678144700]
2026-08-12 16:43:09.682 TRACE [http-nio-8080-exec-3] [requestId=9210ae56-de20-4935-92aa-6bcbfc756998] org.hibernate.orm.jdbc.bind - binding parameter (2:TIMESTAMP) <- [2026-08-11T21:05:17.804805]
2026-08-12 16:43:09.682 TRACE [http-nio-8080-exec-3] [requestId=9210ae56-de20-4935-92aa-6bcbfc756998] org.hibernate.orm.jdbc.bind - binding parameter (3:BIGINT) <- [1]
2026-08-12 16:43:09.682 TRACE [http-nio-8080-exec-3] [requestId=9210ae56-de20-4935-92aa-6bcbfc756998] org.hibernate.orm.jdbc.bind - binding parameter (4:INTEGER) <- [235]
2026-08-12 16:43:09.682 TRACE [http-nio-8080-exec-3] [requestId=9210ae56-de20-4935-92aa-6bcbfc756998] org.hibernate.orm.jdbc.bind - binding parameter (5:INTEGER) <- [3000]
2026-08-12 16:43:09.682 TRACE [http-nio-8080-exec-3] [requestId=9210ae56-de20-4935-92aa-6bcbfc756998] org.hibernate.orm.jdbc.bind - binding parameter (6:INTEGER) <- [10]
2026-08-12 16:43:09.683 TRACE [http-nio-8080-exec-3] [requestId=9210ae56-de20-4935-92aa-6bcbfc756998] org.hibernate.orm.jdbc.bind - binding parameter (7:BIGINT) <- [1]
2026-08-12 16:43:09.685 DEBUG [http-nio-8080-exec-3] [requestId=9210ae56-de20-4935-92aa-6bcbfc756998] org.hibernate.SQL - 
    update
        cuentas_envases_clientes 
    set
        cantidad_prestados=?,
        cantidad_propios=?,
        cliente_id=?,
        fecha_actualizacion=?,
        fecha_creacion=?,
        producto_id=? 
    where
        id=?
2026-08-12 16:43:09.685 TRACE [http-nio-8080-exec-3] [requestId=9210ae56-de20-4935-92aa-6bcbfc756998] org.hibernate.orm.jdbc.bind - binding parameter (1:INTEGER) <- [0]
2026-08-12 16:43:09.685 TRACE [http-nio-8080-exec-3] [requestId=9210ae56-de20-4935-92aa-6bcbfc756998] org.hibernate.orm.jdbc.bind - binding parameter (2:INTEGER) <- [80]
2026-08-12 16:43:09.685 TRACE [http-nio-8080-exec-3] [requestId=9210ae56-de20-4935-92aa-6bcbfc756998] org.hibernate.orm.jdbc.bind - binding parameter (3:BIGINT) <- [2]
2026-08-12 16:43:09.685 TRACE [http-nio-8080-exec-3] [requestId=9210ae56-de20-4935-92aa-6bcbfc756998] org.hibernate.orm.jdbc.bind - binding parameter (4:TIMESTAMP) <- [2026-08-12T16:43:09.678144700]
2026-08-12 16:43:09.685 TRACE [http-nio-8080-exec-3] [requestId=9210ae56-de20-4935-92aa-6bcbfc756998] org.hibernate.orm.jdbc.bind - binding parameter (5:TIMESTAMP) <- [2026-08-12T16:22:16.889477]
2026-08-12 16:43:09.685 TRACE [http-nio-8080-exec-3] [requestId=9210ae56-de20-4935-92aa-6bcbfc756998] org.hibernate.orm.jdbc.bind - binding parameter (6:BIGINT) <- [1]
2026-08-12 16:43:09.686 TRACE [http-nio-8080-exec-3] [requestId=9210ae56-de20-4935-92aa-6bcbfc756998] org.hibernate.orm.jdbc.bind - binding parameter (7:BIGINT) <- [5]
2026-08-12 16:44:53.138 DEBUG [http-nio-8080-exec-6] [requestId=7b56e2ed-d18e-4588-b421-6d97b4f8a9c5] org.hibernate.SQL - 
    select
        c1_0.id,
        c1_0.categoria,
        c1_0.direccion,
        c1_0.email,
        c1_0.estado,
        c1_0.nombre,
        c1_0.telefono 
    from
        clients c1_0 
    where
        c1_0.id=?
2026-08-12 16:44:53.138 TRACE [http-nio-8080-exec-6] [requestId=7b56e2ed-d18e-4588-b421-6d97b4f8a9c5] org.hibernate.orm.jdbc.bind - binding parameter (1:BIGINT) <- [2]
2026-08-12 16:44:53.139 DEBUG [http-nio-8080-exec-6] [requestId=7b56e2ed-d18e-4588-b421-6d97b4f8a9c5] org.hibernate.SQL - 
    select
        p1_0.id,
        p1_0.categoria,
        p1_0.codigo,
        p1_0.contenido,
        p1_0.descripcion,
        p1_0.estado,
        p1_0.precio_base,
        p1_0.unidad_medida,
        p1_0.unidades_por_paquete 
    from
        productos p1_0 
    where
        p1_0.id=?
2026-08-12 16:44:53.139 TRACE [http-nio-8080-exec-6] [requestId=7b56e2ed-d18e-4588-b421-6d97b4f8a9c5] org.hibernate.orm.jdbc.bind - binding parameter (1:BIGINT) <- [1]
2026-08-12 16:44:53.142 DEBUG [http-nio-8080-exec-6] [requestId=7b56e2ed-d18e-4588-b421-6d97b4f8a9c5] org.hibernate.SQL - 
    insert 
    into
        ventas
        (actualizado_por, cliente_id, codigo, creado_por, estado, fecha_actualizacion, fecha_creacion, subtotal, total) 
    values
        (?, ?, ?, ?, ?, ?, ?, ?, ?)
2026-08-12 16:44:53.142 TRACE [http-nio-8080-exec-6] [requestId=7b56e2ed-d18e-4588-b421-6d97b4f8a9c5] org.hibernate.orm.jdbc.bind - binding parameter (1:VARCHAR) <- [null]
2026-08-12 16:44:53.142 TRACE [http-nio-8080-exec-6] [requestId=7b56e2ed-d18e-4588-b421-6d97b4f8a9c5] org.hibernate.orm.jdbc.bind - binding parameter (2:BIGINT) <- [2]
2026-08-12 16:44:53.142 TRACE [http-nio-8080-exec-6] [requestId=7b56e2ed-d18e-4588-b421-6d97b4f8a9c5] org.hibernate.orm.jdbc.bind - binding parameter (3:VARCHAR) <- [VEN-9E77EC58]
2026-08-12 16:44:53.142 TRACE [http-nio-8080-exec-6] [requestId=7b56e2ed-d18e-4588-b421-6d97b4f8a9c5] org.hibernate.orm.jdbc.bind - binding parameter (4:VARCHAR) <- [adminbencol]
2026-08-12 16:44:53.142 TRACE [http-nio-8080-exec-6] [requestId=7b56e2ed-d18e-4588-b421-6d97b4f8a9c5] org.hibernate.orm.jdbc.bind - binding parameter (5:ENUM) <- [EMITIDA]
2026-08-12 16:44:53.143 TRACE [http-nio-8080-exec-6] [requestId=7b56e2ed-d18e-4588-b421-6d97b4f8a9c5] org.hibernate.orm.jdbc.bind - binding parameter (6:TIMESTAMP) <- [null]
2026-08-12 16:44:53.143 TRACE [http-nio-8080-exec-6] [requestId=7b56e2ed-d18e-4588-b421-6d97b4f8a9c5] org.hibernate.orm.jdbc.bind - binding parameter (7:TIMESTAMP) <- [2026-08-12T16:44:53.141011700]
2026-08-12 16:44:53.143 TRACE [http-nio-8080-exec-6] [requestId=7b56e2ed-d18e-4588-b421-6d97b4f8a9c5] org.hibernate.orm.jdbc.bind - binding parameter (8:NUMERIC) <- [255.00]
2026-08-12 16:44:53.143 TRACE [http-nio-8080-exec-6] [requestId=7b56e2ed-d18e-4588-b421-6d97b4f8a9c5] org.hibernate.orm.jdbc.bind - binding parameter (9:NUMERIC) <- [255.00]
2026-08-12 16:44:53.144 DEBUG [http-nio-8080-exec-6] [requestId=7b56e2ed-d18e-4588-b421-6d97b4f8a9c5] org.hibernate.SQL - 
    insert 
    into
        detalles_ventas
        (cantidad, envases_devueltos, modalidad_envase, precio_unitario, producto_id, subtotal, venta_id) 
    values
        (?, ?, ?, ?, ?, ?, ?)
2026-08-12 16:44:53.145 TRACE [http-nio-8080-exec-6] [requestId=7b56e2ed-d18e-4588-b421-6d97b4f8a9c5] org.hibernate.orm.jdbc.bind - binding parameter (1:INTEGER) <- [15]
2026-08-12 16:44:53.145 TRACE [http-nio-8080-exec-6] [requestId=7b56e2ed-d18e-4588-b421-6d97b4f8a9c5] org.hibernate.orm.jdbc.bind - binding parameter (2:INTEGER) <- [0]
2026-08-12 16:44:53.145 TRACE [http-nio-8080-exec-6] [requestId=7b56e2ed-d18e-4588-b421-6d97b4f8a9c5] org.hibernate.orm.jdbc.bind - binding parameter (3:ENUM) <- [COMPRA]
2026-08-12 16:44:53.145 TRACE [http-nio-8080-exec-6] [requestId=7b56e2ed-d18e-4588-b421-6d97b4f8a9c5] org.hibernate.orm.jdbc.bind - binding parameter (4:NUMERIC) <- [17.00]
2026-08-12 16:44:53.145 TRACE [http-nio-8080-exec-6] [requestId=7b56e2ed-d18e-4588-b421-6d97b4f8a9c5] org.hibernate.orm.jdbc.bind - binding parameter (5:BIGINT) <- [1]
2026-08-12 16:44:53.145 TRACE [http-nio-8080-exec-6] [requestId=7b56e2ed-d18e-4588-b421-6d97b4f8a9c5] org.hibernate.orm.jdbc.bind - binding parameter (6:NUMERIC) <- [255.00]
2026-08-12 16:44:53.145 TRACE [http-nio-8080-exec-6] [requestId=7b56e2ed-d18e-4588-b421-6d97b4f8a9c5] org.hibernate.orm.jdbc.bind - binding parameter (7:BIGINT) <- [13]
2026-08-12 16:44:53.148 DEBUG [http-nio-8080-exec-6] [requestId=7b56e2ed-d18e-4588-b421-6d97b4f8a9c5] org.hibernate.SQL - 
    select
        i1_0.id,
        i1_0.fecha_actualizacion,
        i1_0.fecha_creacion,
        i1_0.producto_id,
        i1_0.stock_actual,
        i1_0.stock_maximo,
        i1_0.stock_minimo 
    from
        inventarios i1_0 
    where
        i1_0.producto_id=? 
    for
        updateof i1_0
2026-08-12 16:44:53.148 TRACE [http-nio-8080-exec-6] [requestId=7b56e2ed-d18e-4588-b421-6d97b4f8a9c5] org.hibernate.orm.jdbc.bind - binding parameter (1:BIGINT) <- [1]
2026-08-12 16:44:53.150 DEBUG [http-nio-8080-exec-6] [requestId=7b56e2ed-d18e-4588-b421-6d97b4f8a9c5] org.hibernate.SQL - 
    insert 
    into
        movimientos_inventario
        (cantidad, fecha_creacion, producto_id, referencia, registrado_por, stock_anterior, stock_nuevo, tipo_movimiento) 
    values
        (?, ?, ?, ?, ?, ?, ?, ?)
2026-08-12 16:44:53.151 TRACE [http-nio-8080-exec-6] [requestId=7b56e2ed-d18e-4588-b421-6d97b4f8a9c5] org.hibernate.orm.jdbc.bind - binding parameter (1:INTEGER) <- [15]
2026-08-12 16:44:53.151 TRACE [http-nio-8080-exec-6] [requestId=7b56e2ed-d18e-4588-b421-6d97b4f8a9c5] org.hibernate.orm.jdbc.bind - binding parameter (2:TIMESTAMP) <- [2026-08-12T16:44:53.150548]
2026-08-12 16:44:53.151 TRACE [http-nio-8080-exec-6] [requestId=7b56e2ed-d18e-4588-b421-6d97b4f8a9c5] org.hibernate.orm.jdbc.bind - binding parameter (3:BIGINT) <- [1]
2026-08-12 16:44:53.151 TRACE [http-nio-8080-exec-6] [requestId=7b56e2ed-d18e-4588-b421-6d97b4f8a9c5] org.hibernate.orm.jdbc.bind - binding parameter (4:VARCHAR) <- [Venta VEN-9E77EC58]
2026-08-12 16:44:53.151 TRACE [http-nio-8080-exec-6] [requestId=7b56e2ed-d18e-4588-b421-6d97b4f8a9c5] org.hibernate.orm.jdbc.bind - binding parameter (5:VARCHAR) <- [adminbencol]
2026-08-12 16:44:53.151 TRACE [http-nio-8080-exec-6] [requestId=7b56e2ed-d18e-4588-b421-6d97b4f8a9c5] org.hibernate.orm.jdbc.bind - binding parameter (6:INTEGER) <- [235]
2026-08-12 16:44:53.151 TRACE [http-nio-8080-exec-6] [requestId=7b56e2ed-d18e-4588-b421-6d97b4f8a9c5] org.hibernate.orm.jdbc.bind - binding parameter (7:INTEGER) <- [220]
2026-08-12 16:44:53.151 TRACE [http-nio-8080-exec-6] [requestId=7b56e2ed-d18e-4588-b421-6d97b4f8a9c5] org.hibernate.orm.jdbc.bind - binding parameter (8:ENUM) <- [SALIDA]
2026-08-12 16:44:53.154 DEBUG [http-nio-8080-exec-6] [requestId=7b56e2ed-d18e-4588-b421-6d97b4f8a9c5] org.hibernate.SQL - 
    select
        cec1_0.id,
        cec1_0.cantidad_prestados,
        cec1_0.cantidad_propios,
        cec1_0.cliente_id,
        cec1_0.fecha_actualizacion,
        cec1_0.fecha_creacion,
        cec1_0.producto_id 
    from
        cuentas_envases_clientes cec1_0 
    where
        cec1_0.cliente_id=? 
        and cec1_0.producto_id=? 
    for
        updateof cec1_0
2026-08-12 16:44:53.154 TRACE [http-nio-8080-exec-6] [requestId=7b56e2ed-d18e-4588-b421-6d97b4f8a9c5] org.hibernate.orm.jdbc.bind - binding parameter (1:BIGINT) <- [2]
2026-08-12 16:44:53.154 TRACE [http-nio-8080-exec-6] [requestId=7b56e2ed-d18e-4588-b421-6d97b4f8a9c5] org.hibernate.orm.jdbc.bind - binding parameter (2:BIGINT) <- [1]
2026-08-12 16:44:53.156 DEBUG [http-nio-8080-exec-6] [requestId=7b56e2ed-d18e-4588-b421-6d97b4f8a9c5] org.hibernate.SQL - 
    insert 
    into
        movimientos_envases
        (cantidad, cuenta_envase_id, fecha_movimiento, referencia, registrado_por, tipo_movimiento) 
    values
        (?, ?, ?, ?, ?, ?)
2026-08-12 16:44:53.156 TRACE [http-nio-8080-exec-6] [requestId=7b56e2ed-d18e-4588-b421-6d97b4f8a9c5] org.hibernate.orm.jdbc.bind - binding parameter (1:INTEGER) <- [15]
2026-08-12 16:44:53.156 TRACE [http-nio-8080-exec-6] [requestId=7b56e2ed-d18e-4588-b421-6d97b4f8a9c5] org.hibernate.orm.jdbc.bind - binding parameter (2:BIGINT) <- [5]
2026-08-12 16:44:53.156 TRACE [http-nio-8080-exec-6] [requestId=7b56e2ed-d18e-4588-b421-6d97b4f8a9c5] org.hibernate.orm.jdbc.bind - binding parameter (3:TIMESTAMP) <- [2026-08-12T16:44:53.156552500]
2026-08-12 16:44:53.156 TRACE [http-nio-8080-exec-6] [requestId=7b56e2ed-d18e-4588-b421-6d97b4f8a9c5] org.hibernate.orm.jdbc.bind - binding parameter (4:VARCHAR) <- [Venta VEN-9E77EC58]
2026-08-12 16:44:53.157 TRACE [http-nio-8080-exec-6] [requestId=7b56e2ed-d18e-4588-b421-6d97b4f8a9c5] org.hibernate.orm.jdbc.bind - binding parameter (5:VARCHAR) <- [adminbencol]
2026-08-12 16:44:53.157 TRACE [http-nio-8080-exec-6] [requestId=7b56e2ed-d18e-4588-b421-6d97b4f8a9c5] org.hibernate.orm.jdbc.bind - binding parameter (6:ENUM) <- [COMPRA]
2026-08-12 16:44:53.158 DEBUG [http-nio-8080-exec-6] [requestId=7b56e2ed-d18e-4588-b421-6d97b4f8a9c5] org.hibernate.SQL - 
    insert 
    into
        cuentas_cobrar
        (estado, fecha_actualizacion, fecha_creacion, monto_pagado, monto_total, saldo_pendiente, venta_id) 
    values
        (?, ?, ?, ?, ?, ?, ?)
2026-08-12 16:44:53.159 TRACE [http-nio-8080-exec-6] [requestId=7b56e2ed-d18e-4588-b421-6d97b4f8a9c5] org.hibernate.orm.jdbc.bind - binding parameter (1:ENUM) <- [PENDIENTE]
2026-08-12 16:44:53.159 TRACE [http-nio-8080-exec-6] [requestId=7b56e2ed-d18e-4588-b421-6d97b4f8a9c5] org.hibernate.orm.jdbc.bind - binding parameter (2:TIMESTAMP) <- [null]
2026-08-12 16:44:53.159 TRACE [http-nio-8080-exec-6] [requestId=7b56e2ed-d18e-4588-b421-6d97b4f8a9c5] org.hibernate.orm.jdbc.bind - binding parameter (3:TIMESTAMP) <- [2026-08-12T16:44:53.158637600]
2026-08-12 16:44:53.159 TRACE [http-nio-8080-exec-6] [requestId=7b56e2ed-d18e-4588-b421-6d97b4f8a9c5] org.hibernate.orm.jdbc.bind - binding parameter (4:NUMERIC) <- [0]
2026-08-12 16:44:53.159 TRACE [http-nio-8080-exec-6] [requestId=7b56e2ed-d18e-4588-b421-6d97b4f8a9c5] org.hibernate.orm.jdbc.bind - binding parameter (5:NUMERIC) <- [255.00]
2026-08-12 16:44:53.159 TRACE [http-nio-8080-exec-6] [requestId=7b56e2ed-d18e-4588-b421-6d97b4f8a9c5] org.hibernate.orm.jdbc.bind - binding parameter (6:NUMERIC) <- [255.00]
2026-08-12 16:44:53.159 TRACE [http-nio-8080-exec-6] [requestId=7b56e2ed-d18e-4588-b421-6d97b4f8a9c5] org.hibernate.orm.jdbc.bind - binding parameter (7:BIGINT) <- [13]
2026-08-12 16:44:53.160 INFO  [http-nio-8080-exec-6] [requestId=7b56e2ed-d18e-4588-b421-6d97b4f8a9c5] c.r.b.ventas.service.VentaServiceImpl - Venta creada. id=13, codigo=VEN-9E77EC58, clienteId=2, total=255.00, usuario=adminbencol
2026-08-12 16:44:53.161 DEBUG [http-nio-8080-exec-6] [requestId=7b56e2ed-d18e-4588-b421-6d97b4f8a9c5] org.hibernate.SQL - 
    update
        inventarios 
    set
        fecha_actualizacion=?,
        fecha_creacion=?,
        producto_id=?,
        stock_actual=?,
        stock_maximo=?,
        stock_minimo=? 
    where
        id=?
2026-08-12 16:44:53.162 TRACE [http-nio-8080-exec-6] [requestId=7b56e2ed-d18e-4588-b421-6d97b4f8a9c5] org.hibernate.orm.jdbc.bind - binding parameter (1:TIMESTAMP) <- [2026-08-12T16:44:53.161632300]
2026-08-12 16:44:53.162 TRACE [http-nio-8080-exec-6] [requestId=7b56e2ed-d18e-4588-b421-6d97b4f8a9c5] org.hibernate.orm.jdbc.bind - binding parameter (2:TIMESTAMP) <- [2026-08-11T21:05:17.804805]
2026-08-12 16:44:53.162 TRACE [http-nio-8080-exec-6] [requestId=7b56e2ed-d18e-4588-b421-6d97b4f8a9c5] org.hibernate.orm.jdbc.bind - binding parameter (3:BIGINT) <- [1]
2026-08-12 16:44:53.162 TRACE [http-nio-8080-exec-6] [requestId=7b56e2ed-d18e-4588-b421-6d97b4f8a9c5] org.hibernate.orm.jdbc.bind - binding parameter (4:INTEGER) <- [220]
2026-08-12 16:44:53.163 TRACE [http-nio-8080-exec-6] [requestId=7b56e2ed-d18e-4588-b421-6d97b4f8a9c5] org.hibernate.orm.jdbc.bind - binding parameter (5:INTEGER) <- [3000]
2026-08-12 16:44:53.163 TRACE [http-nio-8080-exec-6] [requestId=7b56e2ed-d18e-4588-b421-6d97b4f8a9c5] org.hibernate.orm.jdbc.bind - binding parameter (6:INTEGER) <- [10]
2026-08-12 16:44:53.163 TRACE [http-nio-8080-exec-6] [requestId=7b56e2ed-d18e-4588-b421-6d97b4f8a9c5] org.hibernate.orm.jdbc.bind - binding parameter (7:BIGINT) <- [1]
2026-08-12 16:44:53.164 DEBUG [http-nio-8080-exec-6] [requestId=7b56e2ed-d18e-4588-b421-6d97b4f8a9c5] org.hibernate.SQL - 
    update
        cuentas_envases_clientes 
    set
        cantidad_prestados=?,
        cantidad_propios=?,
        cliente_id=?,
        fecha_actualizacion=?,
        fecha_creacion=?,
        producto_id=? 
    where
        id=?
2026-08-12 16:44:53.164 TRACE [http-nio-8080-exec-6] [requestId=7b56e2ed-d18e-4588-b421-6d97b4f8a9c5] org.hibernate.orm.jdbc.bind - binding parameter (1:INTEGER) <- [0]
2026-08-12 16:44:53.164 TRACE [http-nio-8080-exec-6] [requestId=7b56e2ed-d18e-4588-b421-6d97b4f8a9c5] org.hibernate.orm.jdbc.bind - binding parameter (2:INTEGER) <- [95]
2026-08-12 16:44:53.164 TRACE [http-nio-8080-exec-6] [requestId=7b56e2ed-d18e-4588-b421-6d97b4f8a9c5] org.hibernate.orm.jdbc.bind - binding parameter (3:BIGINT) <- [2]
2026-08-12 16:44:53.164 TRACE [http-nio-8080-exec-6] [requestId=7b56e2ed-d18e-4588-b421-6d97b4f8a9c5] org.hibernate.orm.jdbc.bind - binding parameter (4:TIMESTAMP) <- [2026-08-12T16:44:53.161632300]
2026-08-12 16:44:53.164 TRACE [http-nio-8080-exec-6] [requestId=7b56e2ed-d18e-4588-b421-6d97b4f8a9c5] org.hibernate.orm.jdbc.bind - binding parameter (5:TIMESTAMP) <- [2026-08-12T16:22:16.889477]
2026-08-12 16:44:53.164 TRACE [http-nio-8080-exec-6] [requestId=7b56e2ed-d18e-4588-b421-6d97b4f8a9c5] org.hibernate.orm.jdbc.bind - binding parameter (6:BIGINT) <- [1]
2026-08-12 16:44:53.165 TRACE [http-nio-8080-exec-6] [requestId=7b56e2ed-d18e-4588-b421-6d97b4f8a9c5] org.hibernate.orm.jdbc.bind - binding parameter (7:BIGINT) <- [5]
2026-08-12 16:47:37.831 DEBUG [http-nio-8080-exec-9] [requestId=92bad6b7-f726-4a79-bccb-58bae662cdfb] org.hibernate.SQL - 
    select
        v1_0.id,
        v1_0.actualizado_por,
        v1_0.cliente_id,
        c1_0.id,
        c1_0.categoria,
        c1_0.direccion,
        c1_0.email,
        c1_0.estado,
        c1_0.nombre,
        c1_0.telefono,
        v1_0.codigo,
        v1_0.creado_por,
        v1_0.estado,
        v1_0.fecha_actualizacion,
        v1_0.fecha_creacion,
        v1_0.subtotal,
        v1_0.total 
    from
        ventas v1_0 
    join
        clients c1_0 
            on c1_0.id=v1_0.cliente_id 
    where
        v1_0.id=?
2026-08-12 16:47:37.832 TRACE [http-nio-8080-exec-9] [requestId=92bad6b7-f726-4a79-bccb-58bae662cdfb] org.hibernate.orm.jdbc.bind - binding parameter (1:BIGINT) <- [13]
2026-08-12 16:47:37.842 DEBUG [http-nio-8080-exec-9] [requestId=92bad6b7-f726-4a79-bccb-58bae662cdfb] org.hibernate.SQL - 
    select
        cc1_0.id,
        cc1_0.estado,
        cc1_0.fecha_actualizacion,
        cc1_0.fecha_creacion,
        cc1_0.monto_pagado,
        cc1_0.monto_total,
        cc1_0.saldo_pendiente,
        cc1_0.venta_id 
    from
        cuentas_cobrar cc1_0 
    where
        cc1_0.venta_id=?
2026-08-12 16:47:37.842 TRACE [http-nio-8080-exec-9] [requestId=92bad6b7-f726-4a79-bccb-58bae662cdfb] org.hibernate.orm.jdbc.bind - binding parameter (1:BIGINT) <- [13]
2026-08-12 16:47:37.845 DEBUG [http-nio-8080-exec-9] [requestId=92bad6b7-f726-4a79-bccb-58bae662cdfb] org.hibernate.SQL - 
    select
        d1_0.venta_id,
        d1_0.id,
        d1_0.cantidad,
        d1_0.envases_devueltos,
        d1_0.modalidad_envase,
        d1_0.precio_unitario,
        d1_0.producto_id,
        p1_0.id,
        p1_0.categoria,
        p1_0.codigo,
        p1_0.contenido,
        p1_0.descripcion,
        p1_0.estado,
        p1_0.precio_base,
        p1_0.unidad_medida,
        p1_0.unidades_por_paquete,
        d1_0.subtotal 
    from
        detalles_ventas d1_0 
    left join
        productos p1_0 
            on p1_0.id=d1_0.producto_id 
    where
        d1_0.venta_id=?
2026-08-12 16:47:37.845 TRACE [http-nio-8080-exec-9] [requestId=92bad6b7-f726-4a79-bccb-58bae662cdfb] org.hibernate.orm.jdbc.bind - binding parameter (1:BIGINT) <- [13]
2026-08-12 16:47:37.850 DEBUG [http-nio-8080-exec-9] [requestId=92bad6b7-f726-4a79-bccb-58bae662cdfb] org.hibernate.SQL - 
    select
        i1_0.id,
        i1_0.fecha_actualizacion,
        i1_0.fecha_creacion,
        i1_0.producto_id,
        i1_0.stock_actual,
        i1_0.stock_maximo,
        i1_0.stock_minimo 
    from
        inventarios i1_0 
    where
        i1_0.producto_id=? 
    for
        updateof i1_0
2026-08-12 16:47:37.850 TRACE [http-nio-8080-exec-9] [requestId=92bad6b7-f726-4a79-bccb-58bae662cdfb] org.hibernate.orm.jdbc.bind - binding parameter (1:BIGINT) <- [1]
2026-08-12 16:47:37.854 DEBUG [http-nio-8080-exec-9] [requestId=92bad6b7-f726-4a79-bccb-58bae662cdfb] org.hibernate.SQL - 
    insert 
    into
        movimientos_inventario
        (cantidad, fecha_creacion, producto_id, referencia, registrado_por, stock_anterior, stock_nuevo, tipo_movimiento) 
    values
        (?, ?, ?, ?, ?, ?, ?, ?)
2026-08-12 16:47:37.855 TRACE [http-nio-8080-exec-9] [requestId=92bad6b7-f726-4a79-bccb-58bae662cdfb] org.hibernate.orm.jdbc.bind - binding parameter (1:INTEGER) <- [15]
2026-08-12 16:47:37.855 TRACE [http-nio-8080-exec-9] [requestId=92bad6b7-f726-4a79-bccb-58bae662cdfb] org.hibernate.orm.jdbc.bind - binding parameter (2:TIMESTAMP) <- [2026-08-12T16:47:37.852763500]
2026-08-12 16:47:37.855 TRACE [http-nio-8080-exec-9] [requestId=92bad6b7-f726-4a79-bccb-58bae662cdfb] org.hibernate.orm.jdbc.bind - binding parameter (3:BIGINT) <- [1]
2026-08-12 16:47:37.855 TRACE [http-nio-8080-exec-9] [requestId=92bad6b7-f726-4a79-bccb-58bae662cdfb] org.hibernate.orm.jdbc.bind - binding parameter (4:VARCHAR) <- [Anulación venta VEN-9E77EC58]
2026-08-12 16:47:37.855 TRACE [http-nio-8080-exec-9] [requestId=92bad6b7-f726-4a79-bccb-58bae662cdfb] org.hibernate.orm.jdbc.bind - binding parameter (5:VARCHAR) <- [adminbencol]
2026-08-12 16:47:37.855 TRACE [http-nio-8080-exec-9] [requestId=92bad6b7-f726-4a79-bccb-58bae662cdfb] org.hibernate.orm.jdbc.bind - binding parameter (6:INTEGER) <- [220]
2026-08-12 16:47:37.855 TRACE [http-nio-8080-exec-9] [requestId=92bad6b7-f726-4a79-bccb-58bae662cdfb] org.hibernate.orm.jdbc.bind - binding parameter (7:INTEGER) <- [235]
2026-08-12 16:47:37.856 TRACE [http-nio-8080-exec-9] [requestId=92bad6b7-f726-4a79-bccb-58bae662cdfb] org.hibernate.orm.jdbc.bind - binding parameter (8:ENUM) <- [ENTRADA]
2026-08-12 16:47:37.860 DEBUG [http-nio-8080-exec-9] [requestId=92bad6b7-f726-4a79-bccb-58bae662cdfb] org.hibernate.SQL - 
    select
        cec1_0.id,
        cec1_0.cantidad_prestados,
        cec1_0.cantidad_propios,
        cec1_0.cliente_id,
        cec1_0.fecha_actualizacion,
        cec1_0.fecha_creacion,
        cec1_0.producto_id 
    from
        cuentas_envases_clientes cec1_0 
    where
        cec1_0.cliente_id=? 
        and cec1_0.producto_id=? 
    for
        updateof cec1_0
2026-08-12 16:47:37.860 TRACE [http-nio-8080-exec-9] [requestId=92bad6b7-f726-4a79-bccb-58bae662cdfb] org.hibernate.orm.jdbc.bind - binding parameter (1:BIGINT) <- [2]
2026-08-12 16:47:37.860 TRACE [http-nio-8080-exec-9] [requestId=92bad6b7-f726-4a79-bccb-58bae662cdfb] org.hibernate.orm.jdbc.bind - binding parameter (2:BIGINT) <- [1]
2026-08-12 16:47:37.864 DEBUG [http-nio-8080-exec-9] [requestId=92bad6b7-f726-4a79-bccb-58bae662cdfb] org.hibernate.SQL - 
    insert 
    into
        movimientos_envases
        (cantidad, cuenta_envase_id, fecha_movimiento, referencia, registrado_por, tipo_movimiento) 
    values
        (?, ?, ?, ?, ?, ?)
2026-08-12 16:47:37.864 TRACE [http-nio-8080-exec-9] [requestId=92bad6b7-f726-4a79-bccb-58bae662cdfb] org.hibernate.orm.jdbc.bind - binding parameter (1:INTEGER) <- [15]
2026-08-12 16:47:37.864 TRACE [http-nio-8080-exec-9] [requestId=92bad6b7-f726-4a79-bccb-58bae662cdfb] org.hibernate.orm.jdbc.bind - binding parameter (2:BIGINT) <- [5]
2026-08-12 16:47:37.864 TRACE [http-nio-8080-exec-9] [requestId=92bad6b7-f726-4a79-bccb-58bae662cdfb] org.hibernate.orm.jdbc.bind - binding parameter (3:TIMESTAMP) <- [2026-08-12T16:47:37.862866100]
2026-08-12 16:47:37.865 TRACE [http-nio-8080-exec-9] [requestId=92bad6b7-f726-4a79-bccb-58bae662cdfb] org.hibernate.orm.jdbc.bind - binding parameter (4:VARCHAR) <- [Anulación venta VEN-9E77EC58]
2026-08-12 16:47:37.865 TRACE [http-nio-8080-exec-9] [requestId=92bad6b7-f726-4a79-bccb-58bae662cdfb] org.hibernate.orm.jdbc.bind - binding parameter (5:VARCHAR) <- [adminbencol]
2026-08-12 16:47:37.865 TRACE [http-nio-8080-exec-9] [requestId=92bad6b7-f726-4a79-bccb-58bae662cdfb] org.hibernate.orm.jdbc.bind - binding parameter (6:ENUM) <- [AJUSTE]
2026-08-12 16:47:37.867 DEBUG [http-nio-8080-exec-9] [requestId=92bad6b7-f726-4a79-bccb-58bae662cdfb] org.hibernate.SQL - 
    select
        cc1_0.id,
        cc1_0.estado,
        cc1_0.fecha_actualizacion,
        cc1_0.fecha_creacion,
        cc1_0.monto_pagado,
        cc1_0.monto_total,
        cc1_0.saldo_pendiente,
        cc1_0.venta_id 
    from
        cuentas_cobrar cc1_0 
    where
        cc1_0.venta_id=?
2026-08-12 16:47:37.868 TRACE [http-nio-8080-exec-9] [requestId=92bad6b7-f726-4a79-bccb-58bae662cdfb] org.hibernate.orm.jdbc.bind - binding parameter (1:BIGINT) <- [13]
2026-08-12 16:47:37.870 INFO  [http-nio-8080-exec-9] [requestId=92bad6b7-f726-4a79-bccb-58bae662cdfb] c.r.b.ventas.service.VentaServiceImpl - Venta anulada. id=13, codigo=VEN-9E77EC58, usuario=adminbencol
2026-08-12 16:47:37.873 DEBUG [http-nio-8080-exec-9] [requestId=92bad6b7-f726-4a79-bccb-58bae662cdfb] org.hibernate.SQL - 
    update
        ventas 
    set
        actualizado_por=?,
        cliente_id=?,
        codigo=?,
        creado_por=?,
        estado=?,
        fecha_actualizacion=?,
        fecha_creacion=?,
        subtotal=?,
        total=? 
    where
        id=?
2026-08-12 16:47:37.873 TRACE [http-nio-8080-exec-9] [requestId=92bad6b7-f726-4a79-bccb-58bae662cdfb] org.hibernate.orm.jdbc.bind - binding parameter (1:VARCHAR) <- [adminbencol]
2026-08-12 16:47:37.873 TRACE [http-nio-8080-exec-9] [requestId=92bad6b7-f726-4a79-bccb-58bae662cdfb] org.hibernate.orm.jdbc.bind - binding parameter (2:BIGINT) <- [2]
2026-08-12 16:47:37.873 TRACE [http-nio-8080-exec-9] [requestId=92bad6b7-f726-4a79-bccb-58bae662cdfb] org.hibernate.orm.jdbc.bind - binding parameter (3:VARCHAR) <- [VEN-9E77EC58]
2026-08-12 16:47:37.873 TRACE [http-nio-8080-exec-9] [requestId=92bad6b7-f726-4a79-bccb-58bae662cdfb] org.hibernate.orm.jdbc.bind - binding parameter (4:VARCHAR) <- [adminbencol]
2026-08-12 16:47:37.873 TRACE [http-nio-8080-exec-9] [requestId=92bad6b7-f726-4a79-bccb-58bae662cdfb] org.hibernate.orm.jdbc.bind - binding parameter (5:ENUM) <- [ANULADA]
2026-08-12 16:47:37.873 TRACE [http-nio-8080-exec-9] [requestId=92bad6b7-f726-4a79-bccb-58bae662cdfb] org.hibernate.orm.jdbc.bind - binding parameter (6:TIMESTAMP) <- [2026-08-12T16:47:37.870372400]
2026-08-12 16:47:37.873 TRACE [http-nio-8080-exec-9] [requestId=92bad6b7-f726-4a79-bccb-58bae662cdfb] org.hibernate.orm.jdbc.bind - binding parameter (7:TIMESTAMP) <- [2026-08-12T16:44:53.141012]
2026-08-12 16:47:37.873 TRACE [http-nio-8080-exec-9] [requestId=92bad6b7-f726-4a79-bccb-58bae662cdfb] org.hibernate.orm.jdbc.bind - binding parameter (8:NUMERIC) <- [255.00]
2026-08-12 16:47:37.873 TRACE [http-nio-8080-exec-9] [requestId=92bad6b7-f726-4a79-bccb-58bae662cdfb] org.hibernate.orm.jdbc.bind - binding parameter (9:NUMERIC) <- [255.00]
2026-08-12 16:47:37.873 TRACE [http-nio-8080-exec-9] [requestId=92bad6b7-f726-4a79-bccb-58bae662cdfb] org.hibernate.orm.jdbc.bind - binding parameter (10:BIGINT) <- [13]
2026-08-12 16:47:37.876 DEBUG [http-nio-8080-exec-9] [requestId=92bad6b7-f726-4a79-bccb-58bae662cdfb] org.hibernate.SQL - 
    update
        cuentas_cobrar 
    set
        estado=?,
        fecha_actualizacion=?,
        fecha_creacion=?,
        monto_pagado=?,
        monto_total=?,
        saldo_pendiente=?,
        venta_id=? 
    where
        id=?
2026-08-12 16:47:37.877 TRACE [http-nio-8080-exec-9] [requestId=92bad6b7-f726-4a79-bccb-58bae662cdfb] org.hibernate.orm.jdbc.bind - binding parameter (1:ENUM) <- [ANULADA]
2026-08-12 16:47:37.877 TRACE [http-nio-8080-exec-9] [requestId=92bad6b7-f726-4a79-bccb-58bae662cdfb] org.hibernate.orm.jdbc.bind - binding parameter (2:TIMESTAMP) <- [2026-08-12T16:47:37.871382200]
2026-08-12 16:47:37.877 TRACE [http-nio-8080-exec-9] [requestId=92bad6b7-f726-4a79-bccb-58bae662cdfb] org.hibernate.orm.jdbc.bind - binding parameter (3:TIMESTAMP) <- [2026-08-12T16:44:53.158638]
2026-08-12 16:47:37.877 TRACE [http-nio-8080-exec-9] [requestId=92bad6b7-f726-4a79-bccb-58bae662cdfb] org.hibernate.orm.jdbc.bind - binding parameter (4:NUMERIC) <- [0.00]
2026-08-12 16:47:37.877 TRACE [http-nio-8080-exec-9] [requestId=92bad6b7-f726-4a79-bccb-58bae662cdfb] org.hibernate.orm.jdbc.bind - binding parameter (5:NUMERIC) <- [255.00]
2026-08-12 16:47:37.878 TRACE [http-nio-8080-exec-9] [requestId=92bad6b7-f726-4a79-bccb-58bae662cdfb] org.hibernate.orm.jdbc.bind - binding parameter (6:NUMERIC) <- [255.00]
2026-08-12 16:47:37.878 TRACE [http-nio-8080-exec-9] [requestId=92bad6b7-f726-4a79-bccb-58bae662cdfb] org.hibernate.orm.jdbc.bind - binding parameter (7:BIGINT) <- [13]
2026-08-12 16:47:37.878 TRACE [http-nio-8080-exec-9] [requestId=92bad6b7-f726-4a79-bccb-58bae662cdfb] org.hibernate.orm.jdbc.bind - binding parameter (8:BIGINT) <- [8]
2026-08-12 16:47:37.880 DEBUG [http-nio-8080-exec-9] [requestId=92bad6b7-f726-4a79-bccb-58bae662cdfb] org.hibernate.SQL - 
    update
        inventarios 
    set
        fecha_actualizacion=?,
        fecha_creacion=?,
        producto_id=?,
        stock_actual=?,
        stock_maximo=?,
        stock_minimo=? 
    where
        id=?
2026-08-12 16:47:37.880 TRACE [http-nio-8080-exec-9] [requestId=92bad6b7-f726-4a79-bccb-58bae662cdfb] org.hibernate.orm.jdbc.bind - binding parameter (1:TIMESTAMP) <- [2026-08-12T16:47:37.871382200]
2026-08-12 16:47:37.880 TRACE [http-nio-8080-exec-9] [requestId=92bad6b7-f726-4a79-bccb-58bae662cdfb] org.hibernate.orm.jdbc.bind - binding parameter (2:TIMESTAMP) <- [2026-08-11T21:05:17.804805]
2026-08-12 16:47:37.880 TRACE [http-nio-8080-exec-9] [requestId=92bad6b7-f726-4a79-bccb-58bae662cdfb] org.hibernate.orm.jdbc.bind - binding parameter (3:BIGINT) <- [1]
2026-08-12 16:47:37.880 TRACE [http-nio-8080-exec-9] [requestId=92bad6b7-f726-4a79-bccb-58bae662cdfb] org.hibernate.orm.jdbc.bind - binding parameter (4:INTEGER) <- [235]
2026-08-12 16:47:37.880 TRACE [http-nio-8080-exec-9] [requestId=92bad6b7-f726-4a79-bccb-58bae662cdfb] org.hibernate.orm.jdbc.bind - binding parameter (5:INTEGER) <- [3000]
2026-08-12 16:47:37.880 TRACE [http-nio-8080-exec-9] [requestId=92bad6b7-f726-4a79-bccb-58bae662cdfb] org.hibernate.orm.jdbc.bind - binding parameter (6:INTEGER) <- [10]
2026-08-12 16:47:37.880 TRACE [http-nio-8080-exec-9] [requestId=92bad6b7-f726-4a79-bccb-58bae662cdfb] org.hibernate.orm.jdbc.bind - binding parameter (7:BIGINT) <- [1]
2026-08-12 16:47:37.882 DEBUG [http-nio-8080-exec-9] [requestId=92bad6b7-f726-4a79-bccb-58bae662cdfb] org.hibernate.SQL - 
    update
        cuentas_envases_clientes 
    set
        cantidad_prestados=?,
        cantidad_propios=?,
        cliente_id=?,
        fecha_actualizacion=?,
        fecha_creacion=?,
        producto_id=? 
    where
        id=?
2026-08-12 16:47:37.882 TRACE [http-nio-8080-exec-9] [requestId=92bad6b7-f726-4a79-bccb-58bae662cdfb] org.hibernate.orm.jdbc.bind - binding parameter (1:INTEGER) <- [0]
2026-08-12 16:47:37.882 TRACE [http-nio-8080-exec-9] [requestId=92bad6b7-f726-4a79-bccb-58bae662cdfb] org.hibernate.orm.jdbc.bind - binding parameter (2:INTEGER) <- [80]
2026-08-12 16:47:37.882 TRACE [http-nio-8080-exec-9] [requestId=92bad6b7-f726-4a79-bccb-58bae662cdfb] org.hibernate.orm.jdbc.bind - binding parameter (3:BIGINT) <- [2]
2026-08-12 16:47:37.882 TRACE [http-nio-8080-exec-9] [requestId=92bad6b7-f726-4a79-bccb-58bae662cdfb] org.hibernate.orm.jdbc.bind - binding parameter (4:TIMESTAMP) <- [2026-08-12T16:47:37.871382200]
2026-08-12 16:47:37.883 TRACE [http-nio-8080-exec-9] [requestId=92bad6b7-f726-4a79-bccb-58bae662cdfb] org.hibernate.orm.jdbc.bind - binding parameter (5:TIMESTAMP) <- [2026-08-12T16:22:16.889477]
2026-08-12 16:47:37.883 TRACE [http-nio-8080-exec-9] [requestId=92bad6b7-f726-4a79-bccb-58bae662cdfb] org.hibernate.orm.jdbc.bind - binding parameter (6:BIGINT) <- [1]
2026-08-12 16:47:37.883 TRACE [http-nio-8080-exec-9] [requestId=92bad6b7-f726-4a79-bccb-58bae662cdfb] org.hibernate.orm.jdbc.bind - binding parameter (7:BIGINT) <- [5]
2026-08-12 16:48:46.025 INFO  [SpringApplicationShutdownHook] [requestId=N/A] o.s.boot.tomcat.GracefulShutdown - Commencing graceful shutdown. Waiting for active requests to complete
2026-08-12 16:48:46.029 INFO  [tomcat-shutdown] [requestId=N/A] o.s.boot.tomcat.GracefulShutdown - Graceful shutdown complete
2026-08-12 16:48:46.034 INFO  [SpringApplicationShutdownHook] [requestId=N/A] o.s.o.j.LocalContainerEntityManagerFactoryBean - Closing JPA EntityManagerFactory for persistence unit 'default'
2026-08-12 16:48:46.037 INFO  [SpringApplicationShutdownHook] [requestId=N/A] com.zaxxer.hikari.HikariDataSource - HikariPool-1 - Shutdown initiated...
2026-08-12 16:48:46.042 INFO  [SpringApplicationShutdownHook] [requestId=N/A] com.zaxxer.hikari.HikariDataSource - HikariPool-1 - Shutdown completed.
2026-08-12 16:49:06.182 INFO  [restartedMain] [requestId=N/A] c.r.bencolapp.BencolAppApplication - Starting BencolAppApplication using Java 21.0.7 with PID 7548 (C:\Users\WILDER\OneDrive\Escritorio\bencol-app\bencol\target\classes started by WILDER in C:\Users\WILDER\OneDrive\Escritorio\bencol-app\bencol)
2026-08-12 16:49:06.184 DEBUG [restartedMain] [requestId=N/A] c.r.bencolapp.BencolAppApplication - Running with Spring Boot v4.1.0, Spring v7.0.8
2026-08-12 16:49:06.185 INFO  [restartedMain] [requestId=N/A] c.r.bencolapp.BencolAppApplication - The following 1 profile is active: "dev"
2026-08-12 16:49:06.217 INFO  [restartedMain] [requestId=N/A] o.s.b.d.e.DevToolsPropertyDefaultsPostProcessor - Devtools property defaults active! Set 'spring.devtools.add-properties' to 'false' to disable
2026-08-12 16:49:06.217 INFO  [restartedMain] [requestId=N/A] o.s.b.d.e.DevToolsPropertyDefaultsPostProcessor - For additional web related logging consider setting the 'logging.level.web' property to 'DEBUG'
2026-08-12 16:49:06.808 INFO  [restartedMain] [requestId=N/A] o.s.d.r.c.RepositoryConfigurationDelegate - Bootstrapping Spring Data JPA repositories in DEFAULT mode.
2026-08-12 16:49:06.953 INFO  [restartedMain] [requestId=N/A] o.s.d.r.c.RepositoryConfigurationDelegate - Finished Spring Data repository scanning in 137 ms. Found 21 JPA repository interfaces.
2026-08-12 16:49:07.387 INFO  [restartedMain] [requestId=N/A] o.s.boot.tomcat.TomcatWebServer - Tomcat initialized with port 8080 (http)
2026-08-12 16:49:07.399 INFO  [restartedMain] [requestId=N/A] o.apache.catalina.core.StandardService - Starting service [Tomcat]
2026-08-12 16:49:07.399 INFO  [restartedMain] [requestId=N/A] org.apache.catalina.core.StandardEngine - Starting Servlet engine: [Apache Tomcat/11.0.22]
2026-08-12 16:49:07.438 INFO  [restartedMain] [requestId=N/A] o.s.b.w.c.s.WebApplicationContextInitializer - Root WebApplicationContext: initialization completed in 1220 ms
2026-08-12 16:49:07.472 DEBUG [restartedMain] [requestId=N/A] c.r.b.utils.logging.RequestIdFilter - Filter 'requestIdFilter' configured for use
2026-08-12 16:49:07.649 INFO  [restartedMain] [requestId=N/A] com.zaxxer.hikari.HikariDataSource - HikariPool-1 - Starting...
2026-08-12 16:49:07.768 INFO  [restartedMain] [requestId=N/A] com.zaxxer.hikari.pool.HikariPool - HikariPool-1 - Added connection com.mysql.cj.jdbc.ConnectionImpl@1a6dd1d
2026-08-12 16:49:07.769 INFO  [restartedMain] [requestId=N/A] com.zaxxer.hikari.HikariDataSource - HikariPool-1 - Start completed.
2026-08-12 16:49:07.794 INFO  [restartedMain] [requestId=N/A] org.flywaydb.core.FlywayExecutor - Database: jdbc:mysql://localhost:3306/bencol_system?useSSL=false&serverTimezone=America/Lima&allowPublicKeyRetrieval=true (MySQL 8.0)
2026-08-12 16:49:07.849 INFO  [restartedMain] [requestId=N/A] o.f.core.internal.command.DbValidate - Successfully validated 5 migrations (execution time 00:00.023s)
2026-08-12 16:49:07.861 INFO  [restartedMain] [requestId=N/A] o.f.core.internal.command.DbMigrate - Current version of schema `bencol_system`: 5
2026-08-12 16:49:07.863 INFO  [restartedMain] [requestId=N/A] o.f.core.internal.command.DbMigrate - Schema `bencol_system` is up to date. No migration necessary.
2026-08-12 16:49:07.970 INFO  [restartedMain] [requestId=N/A] org.hibernate.orm.jpa - HHH008540: Processing PersistenceUnitInfo [name: default]
2026-08-12 16:49:08.014 INFO  [restartedMain] [requestId=N/A] org.hibernate.orm.core - HHH000001: Hibernate ORM core version 7.4.1.Final
2026-08-12 16:49:08.371 INFO  [restartedMain] [requestId=N/A] o.s.o.j.p.SpringPersistenceUnitInfo - No LoadTimeWeaver setup: ignoring JPA class transformer
2026-08-12 16:49:08.441 INFO  [restartedMain] [requestId=N/A] org.hibernate.orm.connections.pooling - HHH10001005: Database info:
	Database JDBC URL [jdbc:mysql://localhost:3306/bencol_system?useSSL=false&serverTimezone=America/Lima&allowPublicKeyRetrieval=true]
	Database driver: MySQL Connector/J
	Database dialect: MySQLDialect
	Database version: 8.0.44
	Default catalog/schema: bencol_system/undefined
	Autocommit mode: undefined/unknown
	Isolation level: REPEATABLE_READ [default REPEATABLE_READ]
	JDBC fetch size: none
	Pool: DataSourceConnectionProvider
	Minimum pool size: undefined/unknown
	Maximum pool size: undefined/unknown
2026-08-12 16:49:09.428 INFO  [restartedMain] [requestId=N/A] org.hibernate.orm.core - HHH000489: No JTA platform available (set 'hibernate.transaction.jta.platform' to enable JTA platform integration)
2026-08-12 16:49:09.465 INFO  [restartedMain] [requestId=N/A] o.s.o.j.LocalContainerEntityManagerFactoryBean - Initialized JPA EntityManagerFactory for persistence unit 'default'
2026-08-12 16:49:09.526 INFO  [restartedMain] [requestId=N/A] o.s.d.j.r.query.QueryEnhancerFactories - Hibernate is in classpath; If applicable, HQL parser will be used.
2026-08-12 16:49:11.638 INFO  [restartedMain] [requestId=N/A] o.s.boot.tomcat.TomcatWebServer - Tomcat started on port 8080 (http) with context path '/'
2026-08-12 16:49:11.643 INFO  [restartedMain] [requestId=N/A] c.r.bencolapp.BencolAppApplication - Started BencolAppApplication in 5.95 seconds (process running for 6.399)
2026-08-12 16:49:11.693 DEBUG [restartedMain] [requestId=N/A] org.hibernate.SQL - 
    select
        count(*) 
    from
        usuarios u1_0
2026-08-12 16:49:17.248 INFO  [http-nio-8080-exec-2] [requestId=N/A] o.a.c.c.C.[Tomcat].[localhost].[/] - Initializing Spring DispatcherServlet 'dispatcherServlet'
2026-08-12 16:49:17.248 INFO  [http-nio-8080-exec-2] [requestId=N/A] o.s.web.servlet.DispatcherServlet - Initializing Servlet 'dispatcherServlet'
2026-08-12 16:49:17.249 INFO  [http-nio-8080-exec-2] [requestId=N/A] o.s.web.servlet.DispatcherServlet - Completed initialization in 1 ms
2026-08-12 16:49:17.352 DEBUG [http-nio-8080-exec-2] [requestId=9025ba25-3ec4-4ac7-b184-a0e9a465c8d9] org.hibernate.SQL - 
    select
        u1_0.id,
        u1_0.email,
        u1_0.estado,
        u1_0.fecha_actualizacion,
        u1_0.fecha_creacion,
        u1_0.password,
        u1_0.rol,
        u1_0.username 
    from
        usuarios u1_0 
    where
        u1_0.username=?
2026-08-12 16:49:17.353 TRACE [http-nio-8080-exec-2] [requestId=9025ba25-3ec4-4ac7-b184-a0e9a465c8d9] org.hibernate.orm.jdbc.bind - binding parameter (1:VARCHAR) <- [adminbencol]
2026-08-12 16:50:14.006 DEBUG [http-nio-8080-exec-3] [requestId=53a4600d-3e16-4936-89ab-75d9e3ad352e] org.hibernate.SQL - 
    select
        c1_0.id,
        c1_0.abierta_por,
        c1_0.cerrada_por,
        c1_0.diferencia,
        c1_0.estado,
        c1_0.fecha_apertura,
        c1_0.fecha_cierre,
        c1_0.saldo_actual,
        c1_0.saldo_esperado,
        c1_0.saldo_inicial,
        c1_0.saldo_real,
        c1_0.total_egresos,
        c1_0.total_ingresos 
    from
        cajas c1_0 
    where
        (
            ? is null 
            or c1_0.estado=?
        ) 
        and (
            ? is null 
            or c1_0.fecha_apertura>=?
        ) 
        and (
            ? is null 
            or c1_0.fecha_apertura<?
        ) 
    order by
        c1_0.fecha_apertura desc 
    limit
        ?
2026-08-12 16:50:14.007 TRACE [http-nio-8080-exec-3] [requestId=53a4600d-3e16-4936-89ab-75d9e3ad352e] org.hibernate.orm.jdbc.bind - binding parameter (1:ENUM) <- [null]
2026-08-12 16:50:14.007 TRACE [http-nio-8080-exec-3] [requestId=53a4600d-3e16-4936-89ab-75d9e3ad352e] org.hibernate.orm.jdbc.bind - binding parameter (2:ENUM) <- [null]
2026-08-12 16:50:14.007 TRACE [http-nio-8080-exec-3] [requestId=53a4600d-3e16-4936-89ab-75d9e3ad352e] org.hibernate.orm.jdbc.bind - binding parameter (3:TIMESTAMP) <- [null]
2026-08-12 16:50:14.007 TRACE [http-nio-8080-exec-3] [requestId=53a4600d-3e16-4936-89ab-75d9e3ad352e] org.hibernate.orm.jdbc.bind - binding parameter (4:TIMESTAMP) <- [null]
2026-08-12 16:50:14.007 TRACE [http-nio-8080-exec-3] [requestId=53a4600d-3e16-4936-89ab-75d9e3ad352e] org.hibernate.orm.jdbc.bind - binding parameter (5:TIMESTAMP) <- [null]
2026-08-12 16:50:14.007 TRACE [http-nio-8080-exec-3] [requestId=53a4600d-3e16-4936-89ab-75d9e3ad352e] org.hibernate.orm.jdbc.bind - binding parameter (6:TIMESTAMP) <- [null]
2026-08-12 16:50:14.007 TRACE [http-nio-8080-exec-3] [requestId=53a4600d-3e16-4936-89ab-75d9e3ad352e] org.hibernate.orm.jdbc.bind - binding parameter (7:INTEGER) <- [20]
2026-08-12 16:50:51.246 ERROR [http-nio-8080-exec-4] [requestId=4643d972-db85-42e5-ac30-8943390700c8] c.r.b.u.e.GlobalExceptionHandler - Error interno no controlado. path=/bencol.agua/caja
org.springframework.web.HttpRequestMethodNotSupportedException: Request method 'POST' is not supported
	at org.springframework.web.servlet.mvc.method.RequestMappingInfoHandlerMapping.handleNoMatch(RequestMappingInfoHandlerMapping.java:260)
	at org.springframework.web.servlet.handler.AbstractHandlerMethodMapping.lookupHandlerMethod(AbstractHandlerMethodMapping.java:434)
	at org.springframework.web.servlet.handler.AbstractHandlerMethodMapping.getHandlerInternal(AbstractHandlerMethodMapping.java:376)
	at org.springframework.web.servlet.mvc.method.RequestMappingInfoHandlerMapping.getHandlerInternal(RequestMappingInfoHandlerMapping.java:116)
	at org.springframework.web.servlet.mvc.method.RequestMappingInfoHandlerMapping.getHandlerInternal(RequestMappingInfoHandlerMapping.java:68)
	at org.springframework.web.servlet.handler.AbstractHandlerMapping.getHandler(AbstractHandlerMapping.java:544)
	at org.springframework.web.servlet.DispatcherServlet.getHandler(DispatcherServlet.java:1157)
	at org.springframework.web.servlet.DispatcherServlet.doDispatch(DispatcherServlet.java:951)
	at org.springframework.web.servlet.DispatcherServlet.doService(DispatcherServlet.java:866)
	at org.springframework.web.servlet.FrameworkServlet.processRequest(FrameworkServlet.java:1000)
	at org.springframework.web.servlet.FrameworkServlet.doPost(FrameworkServlet.java:903)
	at jakarta.servlet.http.HttpServlet.service(HttpServlet.java:649)
	at org.springframework.web.servlet.FrameworkServlet.service(FrameworkServlet.java:874)
	at jakarta.servlet.http.HttpServlet.service(HttpServlet.java:710)
	at org.apache.catalina.core.ApplicationFilterChain.doFilter(ApplicationFilterChain.java:128)
	at org.apache.tomcat.websocket.server.WsFilter.doFilter(WsFilter.java:53)
	at org.apache.catalina.core.ApplicationFilterChain.doFilter(ApplicationFilterChain.java:107)
	at com.runicsoft.bencolapp.utils.logging.RequestIdFilter.doFilterInternal(RequestIdFilter.java:35)
	at org.springframework.web.filter.OncePerRequestFilter.doFilter(OncePerRequestFilter.java:116)
	at org.apache.catalina.core.ApplicationFilterChain.doFilter(ApplicationFilterChain.java:107)
	at org.springframework.web.filter.CompositeFilter$VirtualFilterChain.doFilter(CompositeFilter.java:108)
	at org.springframework.security.web.FilterChainProxy.lambda$doFilterInternal$2(FilterChainProxy.java:235)
	at org.springframework.security.web.FilterChainProxy$VirtualFilterChain.doFilter(FilterChainProxy.java:376)
	at org.springframework.security.web.access.intercept.AuthorizationFilter.doFilter(AuthorizationFilter.java:101)
	at org.springframework.security.web.FilterChainProxy$VirtualFilterChain.doFilter(FilterChainProxy.java:385)
	at org.springframework.security.web.access.ExceptionTranslationFilter.doFilter(ExceptionTranslationFilter.java:126)
	at org.springframework.security.web.access.ExceptionTranslationFilter.doFilter(ExceptionTranslationFilter.java:120)
	at org.springframework.security.web.FilterChainProxy$VirtualFilterChain.doFilter(FilterChainProxy.java:385)
	at org.springframework.security.web.session.SessionManagementFilter.doFilter(SessionManagementFilter.java:132)
	at org.springframework.security.web.session.SessionManagementFilter.doFilter(SessionManagementFilter.java:86)
	at org.springframework.security.web.FilterChainProxy$VirtualFilterChain.doFilter(FilterChainProxy.java:385)
	at org.springframework.security.web.authentication.AnonymousAuthenticationFilter.doFilter(AnonymousAuthenticationFilter.java:100)
	at org.springframework.security.web.FilterChainProxy$VirtualFilterChain.doFilter(FilterChainProxy.java:385)
	at org.springframework.security.web.servletapi.SecurityContextHolderAwareRequestFilter.doFilter(SecurityContextHolderAwareRequestFilter.java:181)
	at org.springframework.security.web.FilterChainProxy$VirtualFilterChain.doFilter(FilterChainProxy.java:385)
	at org.springframework.security.web.savedrequest.RequestCacheAwareFilter.doFilter(RequestCacheAwareFilter.java:63)
	at org.springframework.security.web.FilterChainProxy$VirtualFilterChain.doFilter(FilterChainProxy.java:385)
	at org.springframework.security.oauth2.server.resource.web.authentication.BearerTokenAuthenticationFilter.doFilterInternal(BearerTokenAuthenticationFilter.java:207)
	at org.springframework.web.filter.OncePerRequestFilter.doFilter(OncePerRequestFilter.java:116)
	at org.springframework.security.web.FilterChainProxy$VirtualFilterChain.doFilter(FilterChainProxy.java:385)
	at org.springframework.security.oauth2.server.resource.web.OAuth2ProtectedResourceMetadataFilter.doFilterInternal(OAuth2ProtectedResourceMetadataFilter.java:98)
	at org.springframework.web.filter.OncePerRequestFilter.doFilter(OncePerRequestFilter.java:116)
	at org.springframework.security.web.FilterChainProxy$VirtualFilterChain.doFilter(FilterChainProxy.java:385)
	at org.springframework.security.web.authentication.logout.LogoutFilter.doFilter(LogoutFilter.java:110)
	at org.springframework.security.web.authentication.logout.LogoutFilter.doFilter(LogoutFilter.java:96)
	at org.springframework.security.web.FilterChainProxy$VirtualFilterChain.doFilter(FilterChainProxy.java:385)
	at org.springframework.security.web.header.HeaderWriterFilter.doHeadersAfter(HeaderWriterFilter.java:90)
	at org.springframework.security.web.header.HeaderWriterFilter.doFilterInternal(HeaderWriterFilter.java:75)
	at org.springframework.web.filter.OncePerRequestFilter.doFilter(OncePerRequestFilter.java:116)
	at org.springframework.security.web.FilterChainProxy$VirtualFilterChain.doFilter(FilterChainProxy.java:385)
	at org.springframework.security.web.context.SecurityContextHolderFilter.doFilter(SecurityContextHolderFilter.java:82)
	at org.springframework.security.web.context.SecurityContextHolderFilter.doFilter(SecurityContextHolderFilter.java:69)
	at org.springframework.security.web.FilterChainProxy$VirtualFilterChain.doFilter(FilterChainProxy.java:385)
	at org.springframework.security.web.context.request.async.WebAsyncManagerIntegrationFilter.doFilterInternal(WebAsyncManagerIntegrationFilter.java:62)
	at org.springframework.web.filter.OncePerRequestFilter.doFilter(OncePerRequestFilter.java:116)
	at org.springframework.security.web.FilterChainProxy$VirtualFilterChain.doFilter(FilterChainProxy.java:385)
	at org.springframework.security.web.session.DisableEncodeUrlFilter.doFilterInternal(DisableEncodeUrlFilter.java:42)
	at org.springframework.web.filter.OncePerRequestFilter.doFilter(OncePerRequestFilter.java:116)
	at org.springframework.security.web.FilterChainProxy$VirtualFilterChain.doFilter(FilterChainProxy.java:385)
	at org.springframework.security.web.FilterChainProxy.doFilterInternal(FilterChainProxy.java:237)
	at org.springframework.security.web.FilterChainProxy.doFilter(FilterChainProxy.java:195)
	at org.springframework.web.filter.CompositeFilter$VirtualFilterChain.doFilter(CompositeFilter.java:113)
	at org.springframework.web.filter.ServletRequestPathFilter.doFilter(ServletRequestPathFilter.java:52)
	at org.springframework.web.filter.CompositeFilter$VirtualFilterChain.doFilter(CompositeFilter.java:113)
	at org.springframework.web.filter.CompositeFilter.doFilter(CompositeFilter.java:74)
	at org.springframework.security.config.annotation.web.configuration.WebSecurityConfiguration$CompositeFilterChainProxy.doFilter(WebSecurityConfiguration.java:317)
	at org.springframework.web.filter.DelegatingFilterProxy.invokeDelegate(DelegatingFilterProxy.java:355)
	at org.springframework.web.filter.DelegatingFilterProxy.doFilter(DelegatingFilterProxy.java:272)
	at org.apache.catalina.core.ApplicationFilterChain.doFilter(ApplicationFilterChain.java:107)
	at org.springframework.web.filter.RequestContextFilter.doFilterInternal(RequestContextFilter.java:100)
	at org.springframework.web.filter.OncePerRequestFilter.doFilter(OncePerRequestFilter.java:116)
	at org.apache.catalina.core.ApplicationFilterChain.doFilter(ApplicationFilterChain.java:107)
	at org.springframework.web.filter.FormContentFilter.doFilterInternal(FormContentFilter.java:93)
	at org.springframework.web.filter.OncePerRequestFilter.doFilter(OncePerRequestFilter.java:116)
	at org.apache.catalina.core.ApplicationFilterChain.doFilter(ApplicationFilterChain.java:107)
	at org.springframework.web.filter.CharacterEncodingFilter.doFilterInternal(CharacterEncodingFilter.java:199)
	at org.springframework.web.filter.OncePerRequestFilter.doFilter(OncePerRequestFilter.java:116)
	at org.apache.catalina.core.ApplicationFilterChain.doFilter(ApplicationFilterChain.java:107)
	at org.apache.catalina.core.StandardWrapperValve.invoke(StandardWrapperValve.java:165)
	at org.apache.catalina.core.StandardContextValve.invoke(StandardContextValve.java:77)
	at org.apache.catalina.authenticator.AuthenticatorBase.invoke(AuthenticatorBase.java:492)
	at org.apache.catalina.core.StandardHostValve.invoke(StandardHostValve.java:113)
	at org.apache.catalina.valves.ErrorReportValve.invoke(ErrorReportValve.java:83)
	at org.apache.catalina.core.StandardEngineValve.invoke(StandardEngineValve.java:72)
	at org.apache.catalina.connector.CoyoteAdapter.service(CoyoteAdapter.java:341)
	at org.apache.coyote.http11.Http11Processor.service(Http11Processor.java:397)
	at org.apache.coyote.AbstractProcessorLight.process(AbstractProcessorLight.java:63)
	at org.apache.coyote.AbstractProtocol$ConnectionHandler.process(AbstractProtocol.java:1272)
	at org.apache.tomcat.util.net.NioEndpoint$SocketProcessor.doRun(NioEndpoint.java:1801)
	at org.apache.tomcat.util.net.SocketProcessorBase.run(SocketProcessorBase.java:52)
	at org.apache.tomcat.util.threads.ThreadPoolExecutor.runWorker(ThreadPoolExecutor.java:946)
	at org.apache.tomcat.util.threads.ThreadPoolExecutor$Worker.run(ThreadPoolExecutor.java:480)
	at org.apache.tomcat.util.threads.TaskThread$WrappingRunnable.run(TaskThread.java:57)
	at java.base/java.lang.Thread.run(Thread.java:1583)
2026-08-12 16:50:51.252 WARN  [http-nio-8080-exec-4] [requestId=4643d972-db85-42e5-ac30-8943390700c8] o.s.w.s.m.m.a.ExceptionHandlerExceptionResolver - Resolved [org.springframework.web.HttpRequestMethodNotSupportedException: Request method 'POST' is not supported]
2026-08-12 16:51:24.332 DEBUG [http-nio-8080-exec-5] [requestId=22e26ca1-a6d4-4fd4-954d-7734e927dc59] org.hibernate.SQL - 
    select
        c1_0.id 
    from
        cajas c1_0 
    where
        c1_0.estado=? 
    limit
        ?
2026-08-12 16:51:24.332 TRACE [http-nio-8080-exec-5] [requestId=22e26ca1-a6d4-4fd4-954d-7734e927dc59] org.hibernate.orm.jdbc.bind - binding parameter (1:ENUM) <- [ABIERTA]
2026-08-12 16:51:24.333 TRACE [http-nio-8080-exec-5] [requestId=22e26ca1-a6d4-4fd4-954d-7734e927dc59] org.hibernate.orm.jdbc.bind - binding parameter (2:INTEGER) <- [1]
2026-08-12 16:51:24.356 DEBUG [http-nio-8080-exec-5] [requestId=22e26ca1-a6d4-4fd4-954d-7734e927dc59] org.hibernate.SQL - 
    insert 
    into
        cajas
        (abierta_por, cerrada_por, diferencia, estado, fecha_apertura, fecha_cierre, saldo_actual, saldo_esperado, saldo_inicial, saldo_real, total_egresos, total_ingresos) 
    values
        (?, ?, ?, ?, ?, ?, ?, ?, ?, ?, ?, ?)
2026-08-12 16:51:24.358 TRACE [http-nio-8080-exec-5] [requestId=22e26ca1-a6d4-4fd4-954d-7734e927dc59] org.hibernate.orm.jdbc.bind - binding parameter (1:VARCHAR) <- [adminbencol]
2026-08-12 16:51:24.358 TRACE [http-nio-8080-exec-5] [requestId=22e26ca1-a6d4-4fd4-954d-7734e927dc59] org.hibernate.orm.jdbc.bind - binding parameter (2:VARCHAR) <- [null]
2026-08-12 16:51:24.358 TRACE [http-nio-8080-exec-5] [requestId=22e26ca1-a6d4-4fd4-954d-7734e927dc59] org.hibernate.orm.jdbc.bind - binding parameter (3:NUMERIC) <- [null]
2026-08-12 16:51:24.358 TRACE [http-nio-8080-exec-5] [requestId=22e26ca1-a6d4-4fd4-954d-7734e927dc59] org.hibernate.orm.jdbc.bind - binding parameter (4:ENUM) <- [ABIERTA]
2026-08-12 16:51:24.358 TRACE [http-nio-8080-exec-5] [requestId=22e26ca1-a6d4-4fd4-954d-7734e927dc59] org.hibernate.orm.jdbc.bind - binding parameter (5:TIMESTAMP) <- [2026-08-12T16:51:24.340194400]
2026-08-12 16:51:24.359 TRACE [http-nio-8080-exec-5] [requestId=22e26ca1-a6d4-4fd4-954d-7734e927dc59] org.hibernate.orm.jdbc.bind - binding parameter (6:TIMESTAMP) <- [null]
2026-08-12 16:51:24.359 TRACE [http-nio-8080-exec-5] [requestId=22e26ca1-a6d4-4fd4-954d-7734e927dc59] org.hibernate.orm.jdbc.bind - binding parameter (7:NUMERIC) <- [500.00]
2026-08-12 16:51:24.359 TRACE [http-nio-8080-exec-5] [requestId=22e26ca1-a6d4-4fd4-954d-7734e927dc59] org.hibernate.orm.jdbc.bind - binding parameter (8:NUMERIC) <- [null]
2026-08-12 16:51:24.359 TRACE [http-nio-8080-exec-5] [requestId=22e26ca1-a6d4-4fd4-954d-7734e927dc59] org.hibernate.orm.jdbc.bind - binding parameter (9:NUMERIC) <- [500.00]
2026-08-12 16:51:24.359 TRACE [http-nio-8080-exec-5] [requestId=22e26ca1-a6d4-4fd4-954d-7734e927dc59] org.hibernate.orm.jdbc.bind - binding parameter (10:NUMERIC) <- [null]
2026-08-12 16:51:24.359 TRACE [http-nio-8080-exec-5] [requestId=22e26ca1-a6d4-4fd4-954d-7734e927dc59] org.hibernate.orm.jdbc.bind - binding parameter (11:NUMERIC) <- [0]
2026-08-12 16:51:24.359 TRACE [http-nio-8080-exec-5] [requestId=22e26ca1-a6d4-4fd4-954d-7734e927dc59] org.hibernate.orm.jdbc.bind - binding parameter (12:NUMERIC) <- [0]
2026-08-12 16:51:24.369 INFO  [http-nio-8080-exec-5] [requestId=22e26ca1-a6d4-4fd4-954d-7734e927dc59] c.r.b.caja.service.CajaServiceImpl - Caja abierta. id=1, saldoInicial=500.00, usuario=adminbencol
2026-08-12 16:52:27.592 DEBUG [http-nio-8080-exec-9] [requestId=b11aade5-0d77-4203-adf6-dc42c997ae4d] org.hibernate.SQL - 
    select
        c1_0.id,
        c1_0.categoria,
        c1_0.direccion,
        c1_0.email,
        c1_0.estado,
        c1_0.nombre,
        c1_0.telefono 
    from
        clients c1_0 
    where
        (
            ? is null 
            or lower(c1_0.nombre) like lower(concat('%', ?, '%')) escape '' 
            or lower(c1_0.telefono) like lower(concat('%', ?, '%')) escape '' 
            or lower(c1_0.email) like lower(concat('%', ?, '%')) escape ''
        ) 
        and (
            ? is null 
            or c1_0.estado=?
        ) 
        and (
            ? is null 
            or c1_0.categoria=?
        ) 
    order by
        c1_0.nombre 
    limit
        ?
2026-08-12 16:52:27.592 TRACE [http-nio-8080-exec-9] [requestId=b11aade5-0d77-4203-adf6-dc42c997ae4d] org.hibernate.orm.jdbc.bind - binding parameter (1:JAVA_OBJECT) <- [null]
2026-08-12 16:52:27.592 TRACE [http-nio-8080-exec-9] [requestId=b11aade5-0d77-4203-adf6-dc42c997ae4d] org.hibernate.orm.jdbc.bind - binding parameter (2:JAVA_OBJECT) <- [null]
2026-08-12 16:52:27.592 TRACE [http-nio-8080-exec-9] [requestId=b11aade5-0d77-4203-adf6-dc42c997ae4d] org.hibernate.orm.jdbc.bind - binding parameter (3:JAVA_OBJECT) <- [null]
2026-08-12 16:52:27.592 TRACE [http-nio-8080-exec-9] [requestId=b11aade5-0d77-4203-adf6-dc42c997ae4d] org.hibernate.orm.jdbc.bind - binding parameter (4:JAVA_OBJECT) <- [null]
2026-08-12 16:52:27.593 TRACE [http-nio-8080-exec-9] [requestId=b11aade5-0d77-4203-adf6-dc42c997ae4d] org.hibernate.orm.jdbc.bind - binding parameter (5:ENUM) <- [null]
2026-08-12 16:52:27.593 TRACE [http-nio-8080-exec-9] [requestId=b11aade5-0d77-4203-adf6-dc42c997ae4d] org.hibernate.orm.jdbc.bind - binding parameter (6:ENUM) <- [null]
2026-08-12 16:52:27.593 TRACE [http-nio-8080-exec-9] [requestId=b11aade5-0d77-4203-adf6-dc42c997ae4d] org.hibernate.orm.jdbc.bind - binding parameter (7:ENUM) <- [null]
2026-08-12 16:52:27.593 TRACE [http-nio-8080-exec-9] [requestId=b11aade5-0d77-4203-adf6-dc42c997ae4d] org.hibernate.orm.jdbc.bind - binding parameter (8:ENUM) <- [null]
2026-08-12 16:52:27.593 TRACE [http-nio-8080-exec-9] [requestId=b11aade5-0d77-4203-adf6-dc42c997ae4d] org.hibernate.orm.jdbc.bind - binding parameter (9:INTEGER) <- [20]
2026-08-12 16:52:31.901 DEBUG [http-nio-8080-exec-10] [requestId=c63f4420-227f-45cb-a03a-ae05b39d65a8] org.hibernate.SQL - 
    select
        c1_0.id,
        c1_0.categoria,
        c1_0.direccion,
        c1_0.email,
        c1_0.estado,
        c1_0.nombre,
        c1_0.telefono 
    from
        clients c1_0 
    where
        c1_0.id=?
2026-08-12 16:52:31.901 TRACE [http-nio-8080-exec-10] [requestId=c63f4420-227f-45cb-a03a-ae05b39d65a8] org.hibernate.orm.jdbc.bind - binding parameter (1:BIGINT) <- [2]
2026-08-12 16:54:27.542 WARN  [http-nio-8080-exec-3] [requestId=787d2649-0ae2-4ebe-b09e-add7249d6e64] o.h.v.i.m.a.CascadingMetaDataBuilder - HV000271: Using `@Valid` on a container (java.util.List) is deprecated. You should apply the annotation on the type argument(s). Affected element: detalles
2026-08-12 16:54:27.572 DEBUG [http-nio-8080-exec-3] [requestId=787d2649-0ae2-4ebe-b09e-add7249d6e64] org.hibernate.SQL - 
    select
        c1_0.id,
        c1_0.categoria,
        c1_0.direccion,
        c1_0.email,
        c1_0.estado,
        c1_0.nombre,
        c1_0.telefono 
    from
        clients c1_0 
    where
        c1_0.id=?
2026-08-12 16:54:27.572 TRACE [http-nio-8080-exec-3] [requestId=787d2649-0ae2-4ebe-b09e-add7249d6e64] org.hibernate.orm.jdbc.bind - binding parameter (1:BIGINT) <- [2]
2026-08-12 16:54:27.575 DEBUG [http-nio-8080-exec-3] [requestId=787d2649-0ae2-4ebe-b09e-add7249d6e64] org.hibernate.SQL - 
    select
        p1_0.id,
        p1_0.categoria,
        p1_0.codigo,
        p1_0.contenido,
        p1_0.descripcion,
        p1_0.estado,
        p1_0.precio_base,
        p1_0.unidad_medida,
        p1_0.unidades_por_paquete 
    from
        productos p1_0 
    where
        p1_0.id=?
2026-08-12 16:54:27.576 TRACE [http-nio-8080-exec-3] [requestId=787d2649-0ae2-4ebe-b09e-add7249d6e64] org.hibernate.orm.jdbc.bind - binding parameter (1:BIGINT) <- [1]
2026-08-12 16:54:27.582 DEBUG [http-nio-8080-exec-3] [requestId=787d2649-0ae2-4ebe-b09e-add7249d6e64] org.hibernate.SQL - 
    select
        cp1_0.id,
        cp1_0.cliente_id,
        cp1_0.fecha_actualizacion,
        cp1_0.fecha_creacion,
        cp1_0.precio,
        cp1_0.producto_id 
    from
        clientes_precios cp1_0 
    where
        cp1_0.cliente_id=? 
        and cp1_0.producto_id=?
2026-08-12 16:54:27.583 TRACE [http-nio-8080-exec-3] [requestId=787d2649-0ae2-4ebe-b09e-add7249d6e64] org.hibernate.orm.jdbc.bind - binding parameter (1:BIGINT) <- [2]
2026-08-12 16:54:27.583 TRACE [http-nio-8080-exec-3] [requestId=787d2649-0ae2-4ebe-b09e-add7249d6e64] org.hibernate.orm.jdbc.bind - binding parameter (2:BIGINT) <- [1]
2026-08-12 16:54:27.590 DEBUG [http-nio-8080-exec-3] [requestId=787d2649-0ae2-4ebe-b09e-add7249d6e64] org.hibernate.SQL - 
    insert 
    into
        ventas
        (actualizado_por, cliente_id, codigo, creado_por, estado, fecha_actualizacion, fecha_creacion, subtotal, total) 
    values
        (?, ?, ?, ?, ?, ?, ?, ?, ?)
2026-08-12 16:54:27.590 TRACE [http-nio-8080-exec-3] [requestId=787d2649-0ae2-4ebe-b09e-add7249d6e64] org.hibernate.orm.jdbc.bind - binding parameter (1:VARCHAR) <- [null]
2026-08-12 16:54:27.590 TRACE [http-nio-8080-exec-3] [requestId=787d2649-0ae2-4ebe-b09e-add7249d6e64] org.hibernate.orm.jdbc.bind - binding parameter (2:BIGINT) <- [2]
2026-08-12 16:54:27.590 TRACE [http-nio-8080-exec-3] [requestId=787d2649-0ae2-4ebe-b09e-add7249d6e64] org.hibernate.orm.jdbc.bind - binding parameter (3:VARCHAR) <- [VEN-76F60066]
2026-08-12 16:54:27.590 TRACE [http-nio-8080-exec-3] [requestId=787d2649-0ae2-4ebe-b09e-add7249d6e64] org.hibernate.orm.jdbc.bind - binding parameter (4:VARCHAR) <- [adminbencol]
2026-08-12 16:54:27.590 TRACE [http-nio-8080-exec-3] [requestId=787d2649-0ae2-4ebe-b09e-add7249d6e64] org.hibernate.orm.jdbc.bind - binding parameter (5:ENUM) <- [EMITIDA]
2026-08-12 16:54:27.591 TRACE [http-nio-8080-exec-3] [requestId=787d2649-0ae2-4ebe-b09e-add7249d6e64] org.hibernate.orm.jdbc.bind - binding parameter (6:TIMESTAMP) <- [null]
2026-08-12 16:54:27.591 TRACE [http-nio-8080-exec-3] [requestId=787d2649-0ae2-4ebe-b09e-add7249d6e64] org.hibernate.orm.jdbc.bind - binding parameter (7:TIMESTAMP) <- [2026-08-12T16:54:27.587880700]
2026-08-12 16:54:27.591 TRACE [http-nio-8080-exec-3] [requestId=787d2649-0ae2-4ebe-b09e-add7249d6e64] org.hibernate.orm.jdbc.bind - binding parameter (8:NUMERIC) <- [180.00]
2026-08-12 16:54:27.591 TRACE [http-nio-8080-exec-3] [requestId=787d2649-0ae2-4ebe-b09e-add7249d6e64] org.hibernate.orm.jdbc.bind - binding parameter (9:NUMERIC) <- [180.00]
2026-08-12 16:54:27.594 DEBUG [http-nio-8080-exec-3] [requestId=787d2649-0ae2-4ebe-b09e-add7249d6e64] org.hibernate.SQL - 
    insert 
    into
        detalles_ventas
        (cantidad, envases_devueltos, modalidad_envase, precio_unitario, producto_id, subtotal, venta_id) 
    values
        (?, ?, ?, ?, ?, ?, ?)
2026-08-12 16:54:27.595 TRACE [http-nio-8080-exec-3] [requestId=787d2649-0ae2-4ebe-b09e-add7249d6e64] org.hibernate.orm.jdbc.bind - binding parameter (1:INTEGER) <- [20]
2026-08-12 16:54:27.595 TRACE [http-nio-8080-exec-3] [requestId=787d2649-0ae2-4ebe-b09e-add7249d6e64] org.hibernate.orm.jdbc.bind - binding parameter (2:INTEGER) <- [20]
2026-08-12 16:54:27.595 TRACE [http-nio-8080-exec-3] [requestId=787d2649-0ae2-4ebe-b09e-add7249d6e64] org.hibernate.orm.jdbc.bind - binding parameter (3:ENUM) <- [INTERCAMBIO]
2026-08-12 16:54:27.595 TRACE [http-nio-8080-exec-3] [requestId=787d2649-0ae2-4ebe-b09e-add7249d6e64] org.hibernate.orm.jdbc.bind - binding parameter (4:NUMERIC) <- [9.00]
2026-08-12 16:54:27.595 TRACE [http-nio-8080-exec-3] [requestId=787d2649-0ae2-4ebe-b09e-add7249d6e64] org.hibernate.orm.jdbc.bind - binding parameter (5:BIGINT) <- [1]
2026-08-12 16:54:27.595 TRACE [http-nio-8080-exec-3] [requestId=787d2649-0ae2-4ebe-b09e-add7249d6e64] org.hibernate.orm.jdbc.bind - binding parameter (6:NUMERIC) <- [180.00]
2026-08-12 16:54:27.595 TRACE [http-nio-8080-exec-3] [requestId=787d2649-0ae2-4ebe-b09e-add7249d6e64] org.hibernate.orm.jdbc.bind - binding parameter (7:BIGINT) <- [14]
2026-08-12 16:54:27.605 DEBUG [http-nio-8080-exec-3] [requestId=787d2649-0ae2-4ebe-b09e-add7249d6e64] org.hibernate.SQL - 
    select
        cec1_0.id,
        cec1_0.cantidad_prestados,
        cec1_0.cantidad_propios,
        cec1_0.cliente_id,
        cec1_0.fecha_actualizacion,
        cec1_0.fecha_creacion,
        cec1_0.producto_id 
    from
        cuentas_envases_clientes cec1_0 
    where
        cec1_0.cliente_id=? 
        and cec1_0.producto_id=? 
    for
        updateof cec1_0
2026-08-12 16:54:27.605 TRACE [http-nio-8080-exec-3] [requestId=787d2649-0ae2-4ebe-b09e-add7249d6e64] org.hibernate.orm.jdbc.bind - binding parameter (1:BIGINT) <- [2]
2026-08-12 16:54:27.605 TRACE [http-nio-8080-exec-3] [requestId=787d2649-0ae2-4ebe-b09e-add7249d6e64] org.hibernate.orm.jdbc.bind - binding parameter (2:BIGINT) <- [1]
2026-08-12 16:54:27.612 DEBUG [http-nio-8080-exec-3] [requestId=787d2649-0ae2-4ebe-b09e-add7249d6e64] org.hibernate.SQL - 
    insert 
    into
        movimientos_envases
        (cantidad, cuenta_envase_id, fecha_movimiento, referencia, registrado_por, tipo_movimiento) 
    values
        (?, ?, ?, ?, ?, ?)
2026-08-12 16:54:27.612 TRACE [http-nio-8080-exec-3] [requestId=787d2649-0ae2-4ebe-b09e-add7249d6e64] org.hibernate.orm.jdbc.bind - binding parameter (1:INTEGER) <- [20]
2026-08-12 16:54:27.612 TRACE [http-nio-8080-exec-3] [requestId=787d2649-0ae2-4ebe-b09e-add7249d6e64] org.hibernate.orm.jdbc.bind - binding parameter (2:BIGINT) <- [5]
2026-08-12 16:54:27.612 TRACE [http-nio-8080-exec-3] [requestId=787d2649-0ae2-4ebe-b09e-add7249d6e64] org.hibernate.orm.jdbc.bind - binding parameter (3:TIMESTAMP) <- [2026-08-12T16:54:27.611779700]
2026-08-12 16:54:27.613 TRACE [http-nio-8080-exec-3] [requestId=787d2649-0ae2-4ebe-b09e-add7249d6e64] org.hibernate.orm.jdbc.bind - binding parameter (4:VARCHAR) <- [Venta VEN-76F60066]
2026-08-12 16:54:27.613 TRACE [http-nio-8080-exec-3] [requestId=787d2649-0ae2-4ebe-b09e-add7249d6e64] org.hibernate.orm.jdbc.bind - binding parameter (5:VARCHAR) <- [adminbencol]
2026-08-12 16:54:27.613 TRACE [http-nio-8080-exec-3] [requestId=787d2649-0ae2-4ebe-b09e-add7249d6e64] org.hibernate.orm.jdbc.bind - binding parameter (6:ENUM) <- [INTERCAMBIO]
2026-08-12 16:54:27.616 DEBUG [http-nio-8080-exec-3] [requestId=787d2649-0ae2-4ebe-b09e-add7249d6e64] org.hibernate.SQL - 
    insert 
    into
        cuentas_cobrar
        (estado, fecha_actualizacion, fecha_creacion, monto_pagado, monto_total, saldo_pendiente, venta_id) 
    values
        (?, ?, ?, ?, ?, ?, ?)
2026-08-12 16:54:27.617 TRACE [http-nio-8080-exec-3] [requestId=787d2649-0ae2-4ebe-b09e-add7249d6e64] org.hibernate.orm.jdbc.bind - binding parameter (1:ENUM) <- [PENDIENTE]
2026-08-12 16:54:27.617 TRACE [http-nio-8080-exec-3] [requestId=787d2649-0ae2-4ebe-b09e-add7249d6e64] org.hibernate.orm.jdbc.bind - binding parameter (2:TIMESTAMP) <- [null]
2026-08-12 16:54:27.617 TRACE [http-nio-8080-exec-3] [requestId=787d2649-0ae2-4ebe-b09e-add7249d6e64] org.hibernate.orm.jdbc.bind - binding parameter (3:TIMESTAMP) <- [2026-08-12T16:54:27.615777500]
2026-08-12 16:54:27.617 TRACE [http-nio-8080-exec-3] [requestId=787d2649-0ae2-4ebe-b09e-add7249d6e64] org.hibernate.orm.jdbc.bind - binding parameter (4:NUMERIC) <- [0]
2026-08-12 16:54:27.617 TRACE [http-nio-8080-exec-3] [requestId=787d2649-0ae2-4ebe-b09e-add7249d6e64] org.hibernate.orm.jdbc.bind - binding parameter (5:NUMERIC) <- [180.00]
2026-08-12 16:54:27.617 TRACE [http-nio-8080-exec-3] [requestId=787d2649-0ae2-4ebe-b09e-add7249d6e64] org.hibernate.orm.jdbc.bind - binding parameter (6:NUMERIC) <- [180.00]
2026-08-12 16:54:27.617 TRACE [http-nio-8080-exec-3] [requestId=787d2649-0ae2-4ebe-b09e-add7249d6e64] org.hibernate.orm.jdbc.bind - binding parameter (7:BIGINT) <- [14]
2026-08-12 16:54:27.618 INFO  [http-nio-8080-exec-3] [requestId=787d2649-0ae2-4ebe-b09e-add7249d6e64] c.r.b.ventas.service.VentaServiceImpl - Venta creada. id=14, codigo=VEN-76F60066, clienteId=2, total=180.00, usuario=adminbencol
2026-08-12 16:58:10.431 DEBUG [http-nio-8080-exec-5] [requestId=8b228a31-56f4-41bc-8b33-05716a746127] org.hibernate.SQL - 
    select
        cc1_0.id,
        cc1_0.estado,
        cc1_0.fecha_actualizacion,
        cc1_0.fecha_creacion,
        cc1_0.monto_pagado,
        cc1_0.monto_total,
        cc1_0.saldo_pendiente,
        cc1_0.venta_id,
        v1_0.id,
        v1_0.actualizado_por,
        v1_0.cliente_id,
        c1_0.id,
        c1_0.categoria,
        c1_0.direccion,
        c1_0.email,
        c1_0.estado,
        c1_0.nombre,
        c1_0.telefono,
        v1_0.codigo,
        v1_0.creado_por,
        v1_0.estado,
        v1_0.fecha_actualizacion,
        v1_0.fecha_creacion,
        v1_0.subtotal,
        v1_0.total 
    from
        cuentas_cobrar cc1_0 
    join
        ventas v1_0 
            on v1_0.id=cc1_0.venta_id 
    join
        clients c1_0 
            on c1_0.id=v1_0.cliente_id 
    where
        cc1_0.id=?
2026-08-12 16:58:10.433 TRACE [http-nio-8080-exec-5] [requestId=8b228a31-56f4-41bc-8b33-05716a746127] org.hibernate.orm.jdbc.bind - binding parameter (1:BIGINT) <- [9]
2026-08-12 16:58:10.438 DEBUG [http-nio-8080-exec-5] [requestId=8b228a31-56f4-41bc-8b33-05716a746127] org.hibernate.SQL - 
    insert 
    into
        pagos
        (cuenta_cobrar_id, fecha_pago, metodo_pago, monto, referencia, registrado_por) 
    values
        (?, ?, ?, ?, ?, ?)
2026-08-12 16:58:10.439 TRACE [http-nio-8080-exec-5] [requestId=8b228a31-56f4-41bc-8b33-05716a746127] org.hibernate.orm.jdbc.bind - binding parameter (1:BIGINT) <- [9]
2026-08-12 16:58:10.439 TRACE [http-nio-8080-exec-5] [requestId=8b228a31-56f4-41bc-8b33-05716a746127] org.hibernate.orm.jdbc.bind - binding parameter (2:TIMESTAMP) <- [2026-08-12T16:58:10.437190400]
2026-08-12 16:58:10.439 TRACE [http-nio-8080-exec-5] [requestId=8b228a31-56f4-41bc-8b33-05716a746127] org.hibernate.orm.jdbc.bind - binding parameter (3:ENUM) <- [EFECTIVO]
2026-08-12 16:58:10.439 TRACE [http-nio-8080-exec-5] [requestId=8b228a31-56f4-41bc-8b33-05716a746127] org.hibernate.orm.jdbc.bind - binding parameter (4:NUMERIC) <- [100.00]
2026-08-12 16:58:10.439 TRACE [http-nio-8080-exec-5] [requestId=8b228a31-56f4-41bc-8b33-05716a746127] org.hibernate.orm.jdbc.bind - binding parameter (5:VARCHAR) <- [VEN-76F60066]
2026-08-12 16:58:10.439 TRACE [http-nio-8080-exec-5] [requestId=8b228a31-56f4-41bc-8b33-05716a746127] org.hibernate.orm.jdbc.bind - binding parameter (6:VARCHAR) <- [adminbencol]
2026-08-12 16:58:10.459 DEBUG [http-nio-8080-exec-5] [requestId=8b228a31-56f4-41bc-8b33-05716a746127] org.hibernate.SQL - 
    select
        c1_0.id,
        c1_0.abierta_por,
        c1_0.cerrada_por,
        c1_0.diferencia,
        c1_0.estado,
        c1_0.fecha_apertura,
        c1_0.fecha_cierre,
        c1_0.saldo_actual,
        c1_0.saldo_esperado,
        c1_0.saldo_inicial,
        c1_0.saldo_real,
        c1_0.total_egresos,
        c1_0.total_ingresos 
    from
        cajas c1_0 
    where
        c1_0.estado=? 
    order by
        c1_0.fecha_apertura desc 
    limit
        ? 
    for
        updateof c1_0
2026-08-12 16:58:10.460 TRACE [http-nio-8080-exec-5] [requestId=8b228a31-56f4-41bc-8b33-05716a746127] org.hibernate.orm.jdbc.bind - binding parameter (1:ENUM) <- [ABIERTA]
2026-08-12 16:58:10.460 TRACE [http-nio-8080-exec-5] [requestId=8b228a31-56f4-41bc-8b33-05716a746127] org.hibernate.orm.jdbc.bind - binding parameter (2:INTEGER) <- [1]
2026-08-12 16:58:10.464 DEBUG [http-nio-8080-exec-5] [requestId=8b228a31-56f4-41bc-8b33-05716a746127] org.hibernate.SQL - 
    insert 
    into
        movimientos_caja
        (caja_id, concepto, fecha_movimiento, monto, referencia, registrado_por, tipo_movimiento) 
    values
        (?, ?, ?, ?, ?, ?, ?)
2026-08-12 16:58:10.464 TRACE [http-nio-8080-exec-5] [requestId=8b228a31-56f4-41bc-8b33-05716a746127] org.hibernate.orm.jdbc.bind - binding parameter (1:BIGINT) <- [1]
2026-08-12 16:58:10.464 TRACE [http-nio-8080-exec-5] [requestId=8b228a31-56f4-41bc-8b33-05716a746127] org.hibernate.orm.jdbc.bind - binding parameter (2:VARCHAR) <- [Pago de venta VEN-76F60066]
2026-08-12 16:58:10.465 TRACE [http-nio-8080-exec-5] [requestId=8b228a31-56f4-41bc-8b33-05716a746127] org.hibernate.orm.jdbc.bind - binding parameter (3:TIMESTAMP) <- [2026-08-12T16:58:10.462599800]
2026-08-12 16:58:10.465 TRACE [http-nio-8080-exec-5] [requestId=8b228a31-56f4-41bc-8b33-05716a746127] org.hibernate.orm.jdbc.bind - binding parameter (4:NUMERIC) <- [100.00]
2026-08-12 16:58:10.465 TRACE [http-nio-8080-exec-5] [requestId=8b228a31-56f4-41bc-8b33-05716a746127] org.hibernate.orm.jdbc.bind - binding parameter (5:VARCHAR) <- [VEN-76F60066]
2026-08-12 16:58:10.465 TRACE [http-nio-8080-exec-5] [requestId=8b228a31-56f4-41bc-8b33-05716a746127] org.hibernate.orm.jdbc.bind - binding parameter (6:VARCHAR) <- [adminbencol]
2026-08-12 16:58:10.465 TRACE [http-nio-8080-exec-5] [requestId=8b228a31-56f4-41bc-8b33-05716a746127] org.hibernate.orm.jdbc.bind - binding parameter (7:ENUM) <- [INGRESO]
2026-08-12 16:58:10.470 DEBUG [http-nio-8080-exec-5] [requestId=8b228a31-56f4-41bc-8b33-05716a746127] org.hibernate.SQL - 
    select
        p1_0.cuenta_cobrar_id,
        p1_0.id,
        p1_0.fecha_pago,
        p1_0.metodo_pago,
        p1_0.monto,
        p1_0.referencia,
        p1_0.registrado_por 
    from
        pagos p1_0 
    where
        p1_0.cuenta_cobrar_id=?
2026-08-12 16:58:10.470 TRACE [http-nio-8080-exec-5] [requestId=8b228a31-56f4-41bc-8b33-05716a746127] org.hibernate.orm.jdbc.bind - binding parameter (1:BIGINT) <- [9]
2026-08-12 16:58:10.478 DEBUG [http-nio-8080-exec-5] [requestId=8b228a31-56f4-41bc-8b33-05716a746127] org.hibernate.SQL - 
    update
        cuentas_cobrar 
    set
        estado=?,
        fecha_actualizacion=?,
        fecha_creacion=?,
        monto_pagado=?,
        monto_total=?,
        saldo_pendiente=?,
        venta_id=? 
    where
        id=?
2026-08-12 16:58:10.478 TRACE [http-nio-8080-exec-5] [requestId=8b228a31-56f4-41bc-8b33-05716a746127] org.hibernate.orm.jdbc.bind - binding parameter (1:ENUM) <- [PARCIAL]
2026-08-12 16:58:10.478 TRACE [http-nio-8080-exec-5] [requestId=8b228a31-56f4-41bc-8b33-05716a746127] org.hibernate.orm.jdbc.bind - binding parameter (2:TIMESTAMP) <- [2026-08-12T16:58:10.474170400]
2026-08-12 16:58:10.478 TRACE [http-nio-8080-exec-5] [requestId=8b228a31-56f4-41bc-8b33-05716a746127] org.hibernate.orm.jdbc.bind - binding parameter (3:TIMESTAMP) <- [2026-08-12T16:54:27.615778]
2026-08-12 16:58:10.479 TRACE [http-nio-8080-exec-5] [requestId=8b228a31-56f4-41bc-8b33-05716a746127] org.hibernate.orm.jdbc.bind - binding parameter (4:NUMERIC) <- [100.00]
2026-08-12 16:58:10.479 TRACE [http-nio-8080-exec-5] [requestId=8b228a31-56f4-41bc-8b33-05716a746127] org.hibernate.orm.jdbc.bind - binding parameter (5:NUMERIC) <- [180.00]
2026-08-12 16:58:10.479 TRACE [http-nio-8080-exec-5] [requestId=8b228a31-56f4-41bc-8b33-05716a746127] org.hibernate.orm.jdbc.bind - binding parameter (6:NUMERIC) <- [80.00]
2026-08-12 16:58:10.479 TRACE [http-nio-8080-exec-5] [requestId=8b228a31-56f4-41bc-8b33-05716a746127] org.hibernate.orm.jdbc.bind - binding parameter (7:BIGINT) <- [14]
2026-08-12 16:58:10.479 TRACE [http-nio-8080-exec-5] [requestId=8b228a31-56f4-41bc-8b33-05716a746127] org.hibernate.orm.jdbc.bind - binding parameter (8:BIGINT) <- [9]
2026-08-12 16:58:10.483 DEBUG [http-nio-8080-exec-5] [requestId=8b228a31-56f4-41bc-8b33-05716a746127] org.hibernate.SQL - 
    update
        cajas 
    set
        abierta_por=?,
        cerrada_por=?,
        diferencia=?,
        estado=?,
        fecha_apertura=?,
        fecha_cierre=?,
        saldo_actual=?,
        saldo_esperado=?,
        saldo_inicial=?,
        saldo_real=?,
        total_egresos=?,
        total_ingresos=? 
    where
        id=?
2026-08-12 16:58:10.483 TRACE [http-nio-8080-exec-5] [requestId=8b228a31-56f4-41bc-8b33-05716a746127] org.hibernate.orm.jdbc.bind - binding parameter (1:VARCHAR) <- [adminbencol]
2026-08-12 16:58:10.483 TRACE [http-nio-8080-exec-5] [requestId=8b228a31-56f4-41bc-8b33-05716a746127] org.hibernate.orm.jdbc.bind - binding parameter (2:VARCHAR) <- [null]
2026-08-12 16:58:10.483 TRACE [http-nio-8080-exec-5] [requestId=8b228a31-56f4-41bc-8b33-05716a746127] org.hibernate.orm.jdbc.bind - binding parameter (3:NUMERIC) <- [null]
2026-08-12 16:58:10.483 TRACE [http-nio-8080-exec-5] [requestId=8b228a31-56f4-41bc-8b33-05716a746127] org.hibernate.orm.jdbc.bind - binding parameter (4:ENUM) <- [ABIERTA]
2026-08-12 16:58:10.484 TRACE [http-nio-8080-exec-5] [requestId=8b228a31-56f4-41bc-8b33-05716a746127] org.hibernate.orm.jdbc.bind - binding parameter (5:TIMESTAMP) <- [2026-08-12T16:51:24.340194]
2026-08-12 16:58:10.484 TRACE [http-nio-8080-exec-5] [requestId=8b228a31-56f4-41bc-8b33-05716a746127] org.hibernate.orm.jdbc.bind - binding parameter (6:TIMESTAMP) <- [null]
2026-08-12 16:58:10.484 TRACE [http-nio-8080-exec-5] [requestId=8b228a31-56f4-41bc-8b33-05716a746127] org.hibernate.orm.jdbc.bind - binding parameter (7:NUMERIC) <- [600.00]
2026-08-12 16:58:10.484 TRACE [http-nio-8080-exec-5] [requestId=8b228a31-56f4-41bc-8b33-05716a746127] org.hibernate.orm.jdbc.bind - binding parameter (8:NUMERIC) <- [null]
2026-08-12 16:58:10.484 TRACE [http-nio-8080-exec-5] [requestId=8b228a31-56f4-41bc-8b33-05716a746127] org.hibernate.orm.jdbc.bind - binding parameter (9:NUMERIC) <- [500.00]
2026-08-12 16:58:10.484 TRACE [http-nio-8080-exec-5] [requestId=8b228a31-56f4-41bc-8b33-05716a746127] org.hibernate.orm.jdbc.bind - binding parameter (10:NUMERIC) <- [null]
2026-08-12 16:58:10.484 TRACE [http-nio-8080-exec-5] [requestId=8b228a31-56f4-41bc-8b33-05716a746127] org.hibernate.orm.jdbc.bind - binding parameter (11:NUMERIC) <- [0.00]
2026-08-12 16:58:10.484 TRACE [http-nio-8080-exec-5] [requestId=8b228a31-56f4-41bc-8b33-05716a746127] org.hibernate.orm.jdbc.bind - binding parameter (12:NUMERIC) <- [100.00]
2026-08-12 16:58:10.484 TRACE [http-nio-8080-exec-5] [requestId=8b228a31-56f4-41bc-8b33-05716a746127] org.hibernate.orm.jdbc.bind - binding parameter (13:BIGINT) <- [1]
2026-08-12 16:59:11.324 DEBUG [http-nio-8080-exec-9] [requestId=61c99c87-d00a-4738-9f5d-d5bcd0630e5c] org.hibernate.SQL - 
    select
        c1_0.id,
        c1_0.abierta_por,
        c1_0.cerrada_por,
        c1_0.diferencia,
        c1_0.estado,
        c1_0.fecha_apertura,
        c1_0.fecha_cierre,
        c1_0.saldo_actual,
        c1_0.saldo_esperado,
        c1_0.saldo_inicial,
        c1_0.saldo_real,
        c1_0.total_egresos,
        c1_0.total_ingresos 
    from
        cajas c1_0 
    where
        (
            ? is null 
            or c1_0.estado=?
        ) 
        and (
            ? is null 
            or c1_0.fecha_apertura>=?
        ) 
        and (
            ? is null 
            or c1_0.fecha_apertura<?
        ) 
    order by
        c1_0.fecha_apertura desc 
    limit
        ?
2026-08-12 16:59:11.324 TRACE [http-nio-8080-exec-9] [requestId=61c99c87-d00a-4738-9f5d-d5bcd0630e5c] org.hibernate.orm.jdbc.bind - binding parameter (1:ENUM) <- [null]
2026-08-12 16:59:11.324 TRACE [http-nio-8080-exec-9] [requestId=61c99c87-d00a-4738-9f5d-d5bcd0630e5c] org.hibernate.orm.jdbc.bind - binding parameter (2:ENUM) <- [null]
2026-08-12 16:59:11.324 TRACE [http-nio-8080-exec-9] [requestId=61c99c87-d00a-4738-9f5d-d5bcd0630e5c] org.hibernate.orm.jdbc.bind - binding parameter (3:TIMESTAMP) <- [null]
2026-08-12 16:59:11.324 TRACE [http-nio-8080-exec-9] [requestId=61c99c87-d00a-4738-9f5d-d5bcd0630e5c] org.hibernate.orm.jdbc.bind - binding parameter (4:TIMESTAMP) <- [null]
2026-08-12 16:59:11.324 TRACE [http-nio-8080-exec-9] [requestId=61c99c87-d00a-4738-9f5d-d5bcd0630e5c] org.hibernate.orm.jdbc.bind - binding parameter (5:TIMESTAMP) <- [null]
2026-08-12 16:59:11.324 TRACE [http-nio-8080-exec-9] [requestId=61c99c87-d00a-4738-9f5d-d5bcd0630e5c] org.hibernate.orm.jdbc.bind - binding parameter (6:TIMESTAMP) <- [null]
2026-08-12 16:59:11.324 TRACE [http-nio-8080-exec-9] [requestId=61c99c87-d00a-4738-9f5d-d5bcd0630e5c] org.hibernate.orm.jdbc.bind - binding parameter (7:INTEGER) <- [20]
2026-08-12 16:59:11.326 DEBUG [http-nio-8080-exec-9] [requestId=61c99c87-d00a-4738-9f5d-d5bcd0630e5c] org.hibernate.SQL - 
    select
        m1_0.caja_id,
        m1_0.id,
        m1_0.concepto,
        m1_0.fecha_movimiento,
        m1_0.monto,
        m1_0.referencia,
        m1_0.registrado_por,
        m1_0.tipo_movimiento 
    from
        movimientos_caja m1_0 
    where
        m1_0.caja_id=?
2026-08-12 16:59:11.326 TRACE [http-nio-8080-exec-9] [requestId=61c99c87-d00a-4738-9f5d-d5bcd0630e5c] org.hibernate.orm.jdbc.bind - binding parameter (1:BIGINT) <- [1]
2026-08-12 17:01:40.758 DEBUG [http-nio-8080-exec-2] [requestId=3c56bde7-1fa3-4b4a-9e24-bfbb8729ee1c] org.hibernate.SQL - 
    select
        cc1_0.id,
        cc1_0.estado,
        cc1_0.fecha_actualizacion,
        cc1_0.fecha_creacion,
        cc1_0.monto_pagado,
        cc1_0.monto_total,
        cc1_0.saldo_pendiente,
        cc1_0.venta_id,
        v1_0.id,
        v1_0.actualizado_por,
        v1_0.cliente_id,
        c1_0.id,
        c1_0.categoria,
        c1_0.direccion,
        c1_0.email,
        c1_0.estado,
        c1_0.nombre,
        c1_0.telefono,
        v1_0.codigo,
        v1_0.creado_por,
        v1_0.estado,
        v1_0.fecha_actualizacion,
        v1_0.fecha_creacion,
        v1_0.subtotal,
        v1_0.total 
    from
        cuentas_cobrar cc1_0 
    join
        ventas v1_0 
            on v1_0.id=cc1_0.venta_id 
    join
        clients c1_0 
            on c1_0.id=v1_0.cliente_id 
    where
        cc1_0.id=?
2026-08-12 17:01:40.759 TRACE [http-nio-8080-exec-2] [requestId=3c56bde7-1fa3-4b4a-9e24-bfbb8729ee1c] org.hibernate.orm.jdbc.bind - binding parameter (1:BIGINT) <- [9]
2026-08-12 17:01:40.761 DEBUG [http-nio-8080-exec-2] [requestId=3c56bde7-1fa3-4b4a-9e24-bfbb8729ee1c] org.hibernate.SQL - 
    insert 
    into
        pagos
        (cuenta_cobrar_id, fecha_pago, metodo_pago, monto, referencia, registrado_por) 
    values
        (?, ?, ?, ?, ?, ?)
2026-08-12 17:01:40.761 TRACE [http-nio-8080-exec-2] [requestId=3c56bde7-1fa3-4b4a-9e24-bfbb8729ee1c] org.hibernate.orm.jdbc.bind - binding parameter (1:BIGINT) <- [9]
2026-08-12 17:01:40.761 TRACE [http-nio-8080-exec-2] [requestId=3c56bde7-1fa3-4b4a-9e24-bfbb8729ee1c] org.hibernate.orm.jdbc.bind - binding parameter (2:TIMESTAMP) <- [2026-08-12T17:01:40.761628700]
2026-08-12 17:01:40.762 TRACE [http-nio-8080-exec-2] [requestId=3c56bde7-1fa3-4b4a-9e24-bfbb8729ee1c] org.hibernate.orm.jdbc.bind - binding parameter (3:ENUM) <- [EFECTIVO]
2026-08-12 17:01:40.762 TRACE [http-nio-8080-exec-2] [requestId=3c56bde7-1fa3-4b4a-9e24-bfbb8729ee1c] org.hibernate.orm.jdbc.bind - binding parameter (4:NUMERIC) <- [80.00]
2026-08-12 17:01:40.762 TRACE [http-nio-8080-exec-2] [requestId=3c56bde7-1fa3-4b4a-9e24-bfbb8729ee1c] org.hibernate.orm.jdbc.bind - binding parameter (5:VARCHAR) <- [VEN-76F60066]
2026-08-12 17:01:40.762 TRACE [http-nio-8080-exec-2] [requestId=3c56bde7-1fa3-4b4a-9e24-bfbb8729ee1c] org.hibernate.orm.jdbc.bind - binding parameter (6:VARCHAR) <- [adminbencol]
2026-08-12 17:01:40.764 DEBUG [http-nio-8080-exec-2] [requestId=3c56bde7-1fa3-4b4a-9e24-bfbb8729ee1c] org.hibernate.SQL - 
    select
        c1_0.id,
        c1_0.abierta_por,
        c1_0.cerrada_por,
        c1_0.diferencia,
        c1_0.estado,
        c1_0.fecha_apertura,
        c1_0.fecha_cierre,
        c1_0.saldo_actual,
        c1_0.saldo_esperado,
        c1_0.saldo_inicial,
        c1_0.saldo_real,
        c1_0.total_egresos,
        c1_0.total_ingresos 
    from
        cajas c1_0 
    where
        c1_0.estado=? 
    order by
        c1_0.fecha_apertura desc 
    limit
        ? 
    for
        updateof c1_0
2026-08-12 17:01:40.765 TRACE [http-nio-8080-exec-2] [requestId=3c56bde7-1fa3-4b4a-9e24-bfbb8729ee1c] org.hibernate.orm.jdbc.bind - binding parameter (1:ENUM) <- [ABIERTA]
2026-08-12 17:01:40.765 TRACE [http-nio-8080-exec-2] [requestId=3c56bde7-1fa3-4b4a-9e24-bfbb8729ee1c] org.hibernate.orm.jdbc.bind - binding parameter (2:INTEGER) <- [1]
2026-08-12 17:01:40.766 DEBUG [http-nio-8080-exec-2] [requestId=3c56bde7-1fa3-4b4a-9e24-bfbb8729ee1c] org.hibernate.SQL - 
    insert 
    into
        movimientos_caja
        (caja_id, concepto, fecha_movimiento, monto, referencia, registrado_por, tipo_movimiento) 
    values
        (?, ?, ?, ?, ?, ?, ?)
2026-08-12 17:01:40.767 TRACE [http-nio-8080-exec-2] [requestId=3c56bde7-1fa3-4b4a-9e24-bfbb8729ee1c] org.hibernate.orm.jdbc.bind - binding parameter (1:BIGINT) <- [1]
2026-08-12 17:01:40.767 TRACE [http-nio-8080-exec-2] [requestId=3c56bde7-1fa3-4b4a-9e24-bfbb8729ee1c] org.hibernate.orm.jdbc.bind - binding parameter (2:VARCHAR) <- [Pago de venta VEN-76F60066]
2026-08-12 17:01:40.767 TRACE [http-nio-8080-exec-2] [requestId=3c56bde7-1fa3-4b4a-9e24-bfbb8729ee1c] org.hibernate.orm.jdbc.bind - binding parameter (3:TIMESTAMP) <- [2026-08-12T17:01:40.766626500]
2026-08-12 17:01:40.767 TRACE [http-nio-8080-exec-2] [requestId=3c56bde7-1fa3-4b4a-9e24-bfbb8729ee1c] org.hibernate.orm.jdbc.bind - binding parameter (4:NUMERIC) <- [80.00]
2026-08-12 17:01:40.767 TRACE [http-nio-8080-exec-2] [requestId=3c56bde7-1fa3-4b4a-9e24-bfbb8729ee1c] org.hibernate.orm.jdbc.bind - binding parameter (5:VARCHAR) <- [VEN-76F60066]
2026-08-12 17:01:40.767 TRACE [http-nio-8080-exec-2] [requestId=3c56bde7-1fa3-4b4a-9e24-bfbb8729ee1c] org.hibernate.orm.jdbc.bind - binding parameter (6:VARCHAR) <- [adminbencol]
2026-08-12 17:01:40.767 TRACE [http-nio-8080-exec-2] [requestId=3c56bde7-1fa3-4b4a-9e24-bfbb8729ee1c] org.hibernate.orm.jdbc.bind - binding parameter (7:ENUM) <- [INGRESO]
2026-08-12 17:01:40.769 DEBUG [http-nio-8080-exec-2] [requestId=3c56bde7-1fa3-4b4a-9e24-bfbb8729ee1c] org.hibernate.SQL - 
    select
        p1_0.cuenta_cobrar_id,
        p1_0.id,
        p1_0.fecha_pago,
        p1_0.metodo_pago,
        p1_0.monto,
        p1_0.referencia,
        p1_0.registrado_por 
    from
        pagos p1_0 
    where
        p1_0.cuenta_cobrar_id=?
2026-08-12 17:01:40.769 TRACE [http-nio-8080-exec-2] [requestId=3c56bde7-1fa3-4b4a-9e24-bfbb8729ee1c] org.hibernate.orm.jdbc.bind - binding parameter (1:BIGINT) <- [9]
2026-08-12 17:01:40.771 DEBUG [http-nio-8080-exec-2] [requestId=3c56bde7-1fa3-4b4a-9e24-bfbb8729ee1c] org.hibernate.SQL - 
    update
        cuentas_cobrar 
    set
        estado=?,
        fecha_actualizacion=?,
        fecha_creacion=?,
        monto_pagado=?,
        monto_total=?,
        saldo_pendiente=?,
        venta_id=? 
    where
        id=?
2026-08-12 17:01:40.771 TRACE [http-nio-8080-exec-2] [requestId=3c56bde7-1fa3-4b4a-9e24-bfbb8729ee1c] org.hibernate.orm.jdbc.bind - binding parameter (1:ENUM) <- [PAGADA]
2026-08-12 17:01:40.771 TRACE [http-nio-8080-exec-2] [requestId=3c56bde7-1fa3-4b4a-9e24-bfbb8729ee1c] org.hibernate.orm.jdbc.bind - binding parameter (2:TIMESTAMP) <- [2026-08-12T17:01:40.770783100]
2026-08-12 17:01:40.771 TRACE [http-nio-8080-exec-2] [requestId=3c56bde7-1fa3-4b4a-9e24-bfbb8729ee1c] org.hibernate.orm.jdbc.bind - binding parameter (3:TIMESTAMP) <- [2026-08-12T16:54:27.615778]
2026-08-12 17:01:40.771 TRACE [http-nio-8080-exec-2] [requestId=3c56bde7-1fa3-4b4a-9e24-bfbb8729ee1c] org.hibernate.orm.jdbc.bind - binding parameter (4:NUMERIC) <- [180.00]
2026-08-12 17:01:40.771 TRACE [http-nio-8080-exec-2] [requestId=3c56bde7-1fa3-4b4a-9e24-bfbb8729ee1c] org.hibernate.orm.jdbc.bind - binding parameter (5:NUMERIC) <- [180.00]
2026-08-12 17:01:40.771 TRACE [http-nio-8080-exec-2] [requestId=3c56bde7-1fa3-4b4a-9e24-bfbb8729ee1c] org.hibernate.orm.jdbc.bind - binding parameter (6:NUMERIC) <- [0.00]
2026-08-12 17:01:40.771 TRACE [http-nio-8080-exec-2] [requestId=3c56bde7-1fa3-4b4a-9e24-bfbb8729ee1c] org.hibernate.orm.jdbc.bind - binding parameter (7:BIGINT) <- [14]
2026-08-12 17:01:40.771 TRACE [http-nio-8080-exec-2] [requestId=3c56bde7-1fa3-4b4a-9e24-bfbb8729ee1c] org.hibernate.orm.jdbc.bind - binding parameter (8:BIGINT) <- [9]
2026-08-12 17:01:40.772 DEBUG [http-nio-8080-exec-2] [requestId=3c56bde7-1fa3-4b4a-9e24-bfbb8729ee1c] org.hibernate.SQL - 
    update
        cajas 
    set
        abierta_por=?,
        cerrada_por=?,
        diferencia=?,
        estado=?,
        fecha_apertura=?,
        fecha_cierre=?,
        saldo_actual=?,
        saldo_esperado=?,
        saldo_inicial=?,
        saldo_real=?,
        total_egresos=?,
        total_ingresos=? 
    where
        id=?
2026-08-12 17:01:40.773 TRACE [http-nio-8080-exec-2] [requestId=3c56bde7-1fa3-4b4a-9e24-bfbb8729ee1c] org.hibernate.orm.jdbc.bind - binding parameter (1:VARCHAR) <- [adminbencol]
2026-08-12 17:01:40.773 TRACE [http-nio-8080-exec-2] [requestId=3c56bde7-1fa3-4b4a-9e24-bfbb8729ee1c] org.hibernate.orm.jdbc.bind - binding parameter (2:VARCHAR) <- [null]
2026-08-12 17:01:40.773 TRACE [http-nio-8080-exec-2] [requestId=3c56bde7-1fa3-4b4a-9e24-bfbb8729ee1c] org.hibernate.orm.jdbc.bind - binding parameter (3:NUMERIC) <- [null]
2026-08-12 17:01:40.773 TRACE [http-nio-8080-exec-2] [requestId=3c56bde7-1fa3-4b4a-9e24-bfbb8729ee1c] org.hibernate.orm.jdbc.bind - binding parameter (4:ENUM) <- [ABIERTA]
2026-08-12 17:01:40.773 TRACE [http-nio-8080-exec-2] [requestId=3c56bde7-1fa3-4b4a-9e24-bfbb8729ee1c] org.hibernate.orm.jdbc.bind - binding parameter (5:TIMESTAMP) <- [2026-08-12T16:51:24.340194]
2026-08-12 17:01:40.773 TRACE [http-nio-8080-exec-2] [requestId=3c56bde7-1fa3-4b4a-9e24-bfbb8729ee1c] org.hibernate.orm.jdbc.bind - binding parameter (6:TIMESTAMP) <- [null]
2026-08-12 17:01:40.773 TRACE [http-nio-8080-exec-2] [requestId=3c56bde7-1fa3-4b4a-9e24-bfbb8729ee1c] org.hibernate.orm.jdbc.bind - binding parameter (7:NUMERIC) <- [680.00]
2026-08-12 17:01:40.773 TRACE [http-nio-8080-exec-2] [requestId=3c56bde7-1fa3-4b4a-9e24-bfbb8729ee1c] org.hibernate.orm.jdbc.bind - binding parameter (8:NUMERIC) <- [null]
2026-08-12 17:01:40.773 TRACE [http-nio-8080-exec-2] [requestId=3c56bde7-1fa3-4b4a-9e24-bfbb8729ee1c] org.hibernate.orm.jdbc.bind - binding parameter (9:NUMERIC) <- [500.00]
2026-08-12 17:01:40.773 TRACE [http-nio-8080-exec-2] [requestId=3c56bde7-1fa3-4b4a-9e24-bfbb8729ee1c] org.hibernate.orm.jdbc.bind - binding parameter (10:NUMERIC) <- [null]
2026-08-12 17:01:40.773 TRACE [http-nio-8080-exec-2] [requestId=3c56bde7-1fa3-4b4a-9e24-bfbb8729ee1c] org.hibernate.orm.jdbc.bind - binding parameter (11:NUMERIC) <- [0.00]
2026-08-12 17:01:40.773 TRACE [http-nio-8080-exec-2] [requestId=3c56bde7-1fa3-4b4a-9e24-bfbb8729ee1c] org.hibernate.orm.jdbc.bind - binding parameter (12:NUMERIC) <- [180.00]
2026-08-12 17:01:40.773 TRACE [http-nio-8080-exec-2] [requestId=3c56bde7-1fa3-4b4a-9e24-bfbb8729ee1c] org.hibernate.orm.jdbc.bind - binding parameter (13:BIGINT) <- [1]
2026-08-12 17:02:02.010 DEBUG [http-nio-8080-exec-3] [requestId=c89054ec-f843-4286-80c8-6880d32fa319] org.hibernate.SQL - 
    select
        c1_0.id,
        c1_0.abierta_por,
        c1_0.cerrada_por,
        c1_0.diferencia,
        c1_0.estado,
        c1_0.fecha_apertura,
        c1_0.fecha_cierre,
        c1_0.saldo_actual,
        c1_0.saldo_esperado,
        c1_0.saldo_inicial,
        c1_0.saldo_real,
        c1_0.total_egresos,
        c1_0.total_ingresos 
    from
        cajas c1_0 
    where
        (
            ? is null 
            or c1_0.estado=?
        ) 
        and (
            ? is null 
            or c1_0.fecha_apertura>=?
        ) 
        and (
            ? is null 
            or c1_0.fecha_apertura<?
        ) 
    order by
        c1_0.fecha_apertura desc 
    limit
        ?
2026-08-12 17:02:02.011 TRACE [http-nio-8080-exec-3] [requestId=c89054ec-f843-4286-80c8-6880d32fa319] org.hibernate.orm.jdbc.bind - binding parameter (1:ENUM) <- [null]
2026-08-12 17:02:02.011 TRACE [http-nio-8080-exec-3] [requestId=c89054ec-f843-4286-80c8-6880d32fa319] org.hibernate.orm.jdbc.bind - binding parameter (2:ENUM) <- [null]
2026-08-12 17:02:02.011 TRACE [http-nio-8080-exec-3] [requestId=c89054ec-f843-4286-80c8-6880d32fa319] org.hibernate.orm.jdbc.bind - binding parameter (3:TIMESTAMP) <- [null]
2026-08-12 17:02:02.011 TRACE [http-nio-8080-exec-3] [requestId=c89054ec-f843-4286-80c8-6880d32fa319] org.hibernate.orm.jdbc.bind - binding parameter (4:TIMESTAMP) <- [null]
2026-08-12 17:02:02.011 TRACE [http-nio-8080-exec-3] [requestId=c89054ec-f843-4286-80c8-6880d32fa319] org.hibernate.orm.jdbc.bind - binding parameter (5:TIMESTAMP) <- [null]
2026-08-12 17:02:02.011 TRACE [http-nio-8080-exec-3] [requestId=c89054ec-f843-4286-80c8-6880d32fa319] org.hibernate.orm.jdbc.bind - binding parameter (6:TIMESTAMP) <- [null]
2026-08-12 17:02:02.011 TRACE [http-nio-8080-exec-3] [requestId=c89054ec-f843-4286-80c8-6880d32fa319] org.hibernate.orm.jdbc.bind - binding parameter (7:INTEGER) <- [20]
2026-08-12 17:02:02.013 DEBUG [http-nio-8080-exec-3] [requestId=c89054ec-f843-4286-80c8-6880d32fa319] org.hibernate.SQL - 
    select
        m1_0.caja_id,
        m1_0.id,
        m1_0.concepto,
        m1_0.fecha_movimiento,
        m1_0.monto,
        m1_0.referencia,
        m1_0.registrado_por,
        m1_0.tipo_movimiento 
    from
        movimientos_caja m1_0 
    where
        m1_0.caja_id=?
2026-08-12 17:02:02.013 TRACE [http-nio-8080-exec-3] [requestId=c89054ec-f843-4286-80c8-6880d32fa319] org.hibernate.orm.jdbc.bind - binding parameter (1:BIGINT) <- [1]
2026-08-12 17:03:47.157 DEBUG [http-nio-8080-exec-5] [requestId=342f94fa-89c5-406b-bde3-c1d564f573db] org.hibernate.SQL - 
    select
        cc1_0.id,
        cc1_0.estado,
        cc1_0.fecha_actualizacion,
        cc1_0.fecha_creacion,
        cc1_0.monto_pagado,
        cc1_0.monto_total,
        cc1_0.saldo_pendiente,
        cc1_0.venta_id,
        v1_0.id,
        v1_0.actualizado_por,
        v1_0.cliente_id,
        c1_0.id,
        c1_0.categoria,
        c1_0.direccion,
        c1_0.email,
        c1_0.estado,
        c1_0.nombre,
        c1_0.telefono,
        v1_0.codigo,
        v1_0.creado_por,
        v1_0.estado,
        v1_0.fecha_actualizacion,
        v1_0.fecha_creacion,
        v1_0.subtotal,
        v1_0.total 
    from
        cuentas_cobrar cc1_0 
    join
        ventas v1_0 
            on v1_0.id=cc1_0.venta_id 
    join
        clients c1_0 
            on c1_0.id=v1_0.cliente_id 
    where
        cc1_0.id=?
2026-08-12 17:03:47.158 TRACE [http-nio-8080-exec-5] [requestId=342f94fa-89c5-406b-bde3-c1d564f573db] org.hibernate.orm.jdbc.bind - binding parameter (1:BIGINT) <- [9]
2026-08-12 17:03:47.166 WARN  [http-nio-8080-exec-5] [requestId=342f94fa-89c5-406b-bde3-c1d564f573db] c.r.b.u.e.GlobalExceptionHandler - Regla de negocio rechazada. path=/bencol.agua/finanzas/cuentas/pagos, mensaje=La cuenta por cobrar ya se encuentra pagada.
2026-08-12 17:03:47.167 WARN  [http-nio-8080-exec-5] [requestId=342f94fa-89c5-406b-bde3-c1d564f573db] o.s.w.s.m.m.a.ExceptionHandlerExceptionResolver - Resolved [com.runicsoft.bencolapp.utils.exceptions.BusinessException: La cuenta por cobrar ya se encuentra pagada.]
2026-08-12 17:04:05.776 DEBUG [http-nio-8080-exec-8] [requestId=149bfde0-aaae-41ef-be8e-8e2c1c4ab4de] org.hibernate.SQL - 
    select
        c1_0.id,
        c1_0.abierta_por,
        c1_0.cerrada_por,
        c1_0.diferencia,
        c1_0.estado,
        c1_0.fecha_apertura,
        c1_0.fecha_cierre,
        c1_0.saldo_actual,
        c1_0.saldo_esperado,
        c1_0.saldo_inicial,
        c1_0.saldo_real,
        c1_0.total_egresos,
        c1_0.total_ingresos 
    from
        cajas c1_0 
    where
        (
            ? is null 
            or c1_0.estado=?
        ) 
        and (
            ? is null 
            or c1_0.fecha_apertura>=?
        ) 
        and (
            ? is null 
            or c1_0.fecha_apertura<?
        ) 
    order by
        c1_0.fecha_apertura desc 
    limit
        ?
2026-08-12 17:04:05.777 TRACE [http-nio-8080-exec-8] [requestId=149bfde0-aaae-41ef-be8e-8e2c1c4ab4de] org.hibernate.orm.jdbc.bind - binding parameter (1:ENUM) <- [null]
2026-08-12 17:04:05.777 TRACE [http-nio-8080-exec-8] [requestId=149bfde0-aaae-41ef-be8e-8e2c1c4ab4de] org.hibernate.orm.jdbc.bind - binding parameter (2:ENUM) <- [null]
2026-08-12 17:04:05.777 TRACE [http-nio-8080-exec-8] [requestId=149bfde0-aaae-41ef-be8e-8e2c1c4ab4de] org.hibernate.orm.jdbc.bind - binding parameter (3:TIMESTAMP) <- [null]
2026-08-12 17:04:05.777 TRACE [http-nio-8080-exec-8] [requestId=149bfde0-aaae-41ef-be8e-8e2c1c4ab4de] org.hibernate.orm.jdbc.bind - binding parameter (4:TIMESTAMP) <- [null]
2026-08-12 17:04:05.777 TRACE [http-nio-8080-exec-8] [requestId=149bfde0-aaae-41ef-be8e-8e2c1c4ab4de] org.hibernate.orm.jdbc.bind - binding parameter (5:TIMESTAMP) <- [null]
2026-08-12 17:04:05.777 TRACE [http-nio-8080-exec-8] [requestId=149bfde0-aaae-41ef-be8e-8e2c1c4ab4de] org.hibernate.orm.jdbc.bind - binding parameter (6:TIMESTAMP) <- [null]
2026-08-12 17:04:05.777 TRACE [http-nio-8080-exec-8] [requestId=149bfde0-aaae-41ef-be8e-8e2c1c4ab4de] org.hibernate.orm.jdbc.bind - binding parameter (7:INTEGER) <- [20]
2026-08-12 17:04:05.778 DEBUG [http-nio-8080-exec-8] [requestId=149bfde0-aaae-41ef-be8e-8e2c1c4ab4de] org.hibernate.SQL - 
    select
        m1_0.caja_id,
        m1_0.id,
        m1_0.concepto,
        m1_0.fecha_movimiento,
        m1_0.monto,
        m1_0.referencia,
        m1_0.registrado_por,
        m1_0.tipo_movimiento 
    from
        movimientos_caja m1_0 
    where
        m1_0.caja_id=?
2026-08-12 17:04:05.778 TRACE [http-nio-8080-exec-8] [requestId=149bfde0-aaae-41ef-be8e-8e2c1c4ab4de] org.hibernate.orm.jdbc.bind - binding parameter (1:BIGINT) <- [1]
2026-08-12 17:04:12.074 DEBUG [http-nio-8080-exec-9] [requestId=5bbf41e8-b366-43e5-bed8-19ad9feb018d] org.hibernate.SQL - 
    select
        c1_0.id,
        c1_0.abierta_por,
        c1_0.cerrada_por,
        c1_0.diferencia,
        c1_0.estado,
        c1_0.fecha_apertura,
        c1_0.fecha_cierre,
        c1_0.saldo_actual,
        c1_0.saldo_esperado,
        c1_0.saldo_inicial,
        c1_0.saldo_real,
        c1_0.total_egresos,
        c1_0.total_ingresos 
    from
        cajas c1_0 
    where
        (
            ? is null 
            or c1_0.estado=?
        ) 
        and (
            ? is null 
            or c1_0.fecha_apertura>=?
        ) 
        and (
            ? is null 
            or c1_0.fecha_apertura<?
        ) 
    order by
        c1_0.fecha_apertura desc 
    limit
        ?
2026-08-12 17:04:12.074 TRACE [http-nio-8080-exec-9] [requestId=5bbf41e8-b366-43e5-bed8-19ad9feb018d] org.hibernate.orm.jdbc.bind - binding parameter (1:ENUM) <- [null]
2026-08-12 17:04:12.075 TRACE [http-nio-8080-exec-9] [requestId=5bbf41e8-b366-43e5-bed8-19ad9feb018d] org.hibernate.orm.jdbc.bind - binding parameter (2:ENUM) <- [null]
2026-08-12 17:04:12.075 TRACE [http-nio-8080-exec-9] [requestId=5bbf41e8-b366-43e5-bed8-19ad9feb018d] org.hibernate.orm.jdbc.bind - binding parameter (3:TIMESTAMP) <- [null]
2026-08-12 17:04:12.075 TRACE [http-nio-8080-exec-9] [requestId=5bbf41e8-b366-43e5-bed8-19ad9feb018d] org.hibernate.orm.jdbc.bind - binding parameter (4:TIMESTAMP) <- [null]
2026-08-12 17:04:12.075 TRACE [http-nio-8080-exec-9] [requestId=5bbf41e8-b366-43e5-bed8-19ad9feb018d] org.hibernate.orm.jdbc.bind - binding parameter (5:TIMESTAMP) <- [null]
2026-08-12 17:04:12.075 TRACE [http-nio-8080-exec-9] [requestId=5bbf41e8-b366-43e5-bed8-19ad9feb018d] org.hibernate.orm.jdbc.bind - binding parameter (6:TIMESTAMP) <- [null]
2026-08-12 17:04:12.075 TRACE [http-nio-8080-exec-9] [requestId=5bbf41e8-b366-43e5-bed8-19ad9feb018d] org.hibernate.orm.jdbc.bind - binding parameter (7:INTEGER) <- [20]
2026-08-12 17:04:12.076 DEBUG [http-nio-8080-exec-9] [requestId=5bbf41e8-b366-43e5-bed8-19ad9feb018d] org.hibernate.SQL - 
    select
        m1_0.caja_id,
        m1_0.id,
        m1_0.concepto,
        m1_0.fecha_movimiento,
        m1_0.monto,
        m1_0.referencia,
        m1_0.registrado_por,
        m1_0.tipo_movimiento 
    from
        movimientos_caja m1_0 
    where
        m1_0.caja_id=?
2026-08-12 17:04:12.077 TRACE [http-nio-8080-exec-9] [requestId=5bbf41e8-b366-43e5-bed8-19ad9feb018d] org.hibernate.orm.jdbc.bind - binding parameter (1:BIGINT) <- [1]
2026-08-12 17:09:57.208 DEBUG [http-nio-8080-exec-2] [requestId=e0f5aa75-210d-4e45-8f14-ddfd214cb858] org.hibernate.SQL - 
    select
        p1_0.id 
    from
        proveedores p1_0 
    where
        p1_0.ruc=? 
    limit
        ?
2026-08-12 17:09:57.208 TRACE [http-nio-8080-exec-2] [requestId=e0f5aa75-210d-4e45-8f14-ddfd214cb858] org.hibernate.orm.jdbc.bind - binding parameter (1:VARCHAR) <- [20601234567]
2026-08-12 17:09:57.208 TRACE [http-nio-8080-exec-2] [requestId=e0f5aa75-210d-4e45-8f14-ddfd214cb858] org.hibernate.orm.jdbc.bind - binding parameter (2:INTEGER) <- [1]
2026-08-12 17:09:57.227 DEBUG [http-nio-8080-exec-2] [requestId=e0f5aa75-210d-4e45-8f14-ddfd214cb858] org.hibernate.SQL - 
    insert 
    into
        proveedores
        (contacto, direccion, email, estado, razon_social, ruc, telefono) 
    values
        (?, ?, ?, ?, ?, ?, ?)
2026-08-12 17:09:57.228 TRACE [http-nio-8080-exec-2] [requestId=e0f5aa75-210d-4e45-8f14-ddfd214cb858] org.hibernate.orm.jdbc.bind - binding parameter (1:VARCHAR) <- [Carlos Mendoza]
2026-08-12 17:09:57.228 TRACE [http-nio-8080-exec-2] [requestId=e0f5aa75-210d-4e45-8f14-ddfd214cb858] org.hibernate.orm.jdbc.bind - binding parameter (2:VARCHAR) <- [Av. Industrial 450, Lima]
2026-08-12 17:09:57.228 TRACE [http-nio-8080-exec-2] [requestId=e0f5aa75-210d-4e45-8f14-ddfd214cb858] org.hibernate.orm.jdbc.bind - binding parameter (3:VARCHAR) <- [ventas@aguanorte.com]
2026-08-12 17:09:57.228 TRACE [http-nio-8080-exec-2] [requestId=e0f5aa75-210d-4e45-8f14-ddfd214cb858] org.hibernate.orm.jdbc.bind - binding parameter (4:ENUM) <- [ACTIVO]
2026-08-12 17:09:57.228 TRACE [http-nio-8080-exec-2] [requestId=e0f5aa75-210d-4e45-8f14-ddfd214cb858] org.hibernate.orm.jdbc.bind - binding parameter (5:VARCHAR) <- [Distribuidora Agua Norte SAC]
2026-08-12 17:09:57.228 TRACE [http-nio-8080-exec-2] [requestId=e0f5aa75-210d-4e45-8f14-ddfd214cb858] org.hibernate.orm.jdbc.bind - binding parameter (6:VARCHAR) <- [20601234567]
2026-08-12 17:09:57.228 TRACE [http-nio-8080-exec-2] [requestId=e0f5aa75-210d-4e45-8f14-ddfd214cb858] org.hibernate.orm.jdbc.bind - binding parameter (7:VARCHAR) <- [987654321]
2026-08-12 17:10:37.747 WARN  [http-nio-8080-exec-3] [requestId=a0c298d1-5d61-407a-8de8-3fb1099a813f] o.h.v.i.m.a.CascadingMetaDataBuilder - HV000271: Using `@Valid` on a container (java.util.List) is deprecated. You should apply the annotation on the type argument(s). Affected element: detalles
2026-08-12 17:10:37.760 DEBUG [http-nio-8080-exec-3] [requestId=a0c298d1-5d61-407a-8de8-3fb1099a813f] org.hibernate.SQL - 
    select
        p1_0.id,
        p1_0.contacto,
        p1_0.direccion,
        p1_0.email,
        p1_0.estado,
        p1_0.razon_social,
        p1_0.ruc,
        p1_0.telefono 
    from
        proveedores p1_0 
    where
        p1_0.id=?
2026-08-12 17:10:37.761 TRACE [http-nio-8080-exec-3] [requestId=a0c298d1-5d61-407a-8de8-3fb1099a813f] org.hibernate.orm.jdbc.bind - binding parameter (1:BIGINT) <- [1]
2026-08-12 17:10:37.762 DEBUG [http-nio-8080-exec-3] [requestId=a0c298d1-5d61-407a-8de8-3fb1099a813f] org.hibernate.SQL - 
    select
        p1_0.id,
        p1_0.categoria,
        p1_0.codigo,
        p1_0.contenido,
        p1_0.descripcion,
        p1_0.estado,
        p1_0.precio_base,
        p1_0.unidad_medida,
        p1_0.unidades_por_paquete 
    from
        productos p1_0 
    where
        p1_0.id=?
2026-08-12 17:10:37.763 TRACE [http-nio-8080-exec-3] [requestId=a0c298d1-5d61-407a-8de8-3fb1099a813f] org.hibernate.orm.jdbc.bind - binding parameter (1:BIGINT) <- [1]
2026-08-12 17:10:37.766 DEBUG [http-nio-8080-exec-3] [requestId=a0c298d1-5d61-407a-8de8-3fb1099a813f] org.hibernate.SQL - 
    insert 
    into
        compras
        (actualizado_por, codigo, creado_por, estado, fecha_actualizacion, fecha_creacion, proveedor_id, subtotal, total) 
    values
        (?, ?, ?, ?, ?, ?, ?, ?, ?)
2026-08-12 17:10:37.766 TRACE [http-nio-8080-exec-3] [requestId=a0c298d1-5d61-407a-8de8-3fb1099a813f] org.hibernate.orm.jdbc.bind - binding parameter (1:VARCHAR) <- [null]
2026-08-12 17:10:37.766 TRACE [http-nio-8080-exec-3] [requestId=a0c298d1-5d61-407a-8de8-3fb1099a813f] org.hibernate.orm.jdbc.bind - binding parameter (2:VARCHAR) <- [COM-415916EA]
2026-08-12 17:10:37.766 TRACE [http-nio-8080-exec-3] [requestId=a0c298d1-5d61-407a-8de8-3fb1099a813f] org.hibernate.orm.jdbc.bind - binding parameter (3:VARCHAR) <- [adminbencol]
2026-08-12 17:10:37.766 TRACE [http-nio-8080-exec-3] [requestId=a0c298d1-5d61-407a-8de8-3fb1099a813f] org.hibernate.orm.jdbc.bind - binding parameter (4:ENUM) <- [REGISTRADA]
2026-08-12 17:10:37.766 TRACE [http-nio-8080-exec-3] [requestId=a0c298d1-5d61-407a-8de8-3fb1099a813f] org.hibernate.orm.jdbc.bind - binding parameter (5:TIMESTAMP) <- [null]
2026-08-12 17:10:37.766 TRACE [http-nio-8080-exec-3] [requestId=a0c298d1-5d61-407a-8de8-3fb1099a813f] org.hibernate.orm.jdbc.bind - binding parameter (6:TIMESTAMP) <- [2026-08-12T17:10:37.764389700]
2026-08-12 17:10:37.766 TRACE [http-nio-8080-exec-3] [requestId=a0c298d1-5d61-407a-8de8-3fb1099a813f] org.hibernate.orm.jdbc.bind - binding parameter (7:BIGINT) <- [1]
2026-08-12 17:10:37.766 TRACE [http-nio-8080-exec-3] [requestId=a0c298d1-5d61-407a-8de8-3fb1099a813f] org.hibernate.orm.jdbc.bind - binding parameter (8:NUMERIC) <- [1200.00]
2026-08-12 17:10:37.766 TRACE [http-nio-8080-exec-3] [requestId=a0c298d1-5d61-407a-8de8-3fb1099a813f] org.hibernate.orm.jdbc.bind - binding parameter (9:NUMERIC) <- [1200.00]
2026-08-12 17:10:38.120 WARN  [http-nio-8080-exec-3] [requestId=a0c298d1-5d61-407a-8de8-3fb1099a813f] org.hibernate.orm.jdbc.error - HHH000247: ErrorCode: 1265, SQLState: 01000
2026-08-12 17:10:38.120 WARN  [http-nio-8080-exec-3] [requestId=a0c298d1-5d61-407a-8de8-3fb1099a813f] org.hibernate.orm.jdbc.error - Data truncated for column 'estado' at row 1
2026-08-12 17:10:38.127 ERROR [http-nio-8080-exec-3] [requestId=a0c298d1-5d61-407a-8de8-3fb1099a813f] c.r.b.u.e.GlobalExceptionHandler - Error interno no controlado. path=/bencol.agua/compras
org.springframework.orm.jpa.JpaSystemException: could not execute statement [Data truncated for column 'estado' at row 1] [insert into compras (actualizado_por,codigo,creado_por,estado,fecha_actualizacion,fecha_creacion,proveedor_id,subtotal,total) values (?,?,?,?,?,?,?,?,?)]
	at org.springframework.orm.jpa.hibernate.HibernateExceptionTranslator.convertHibernateAccessException(HibernateExceptionTranslator.java:223)
	at org.springframework.orm.jpa.hibernate.HibernateExceptionTranslator.convertHibernateAccessException(HibernateExceptionTranslator.java:131)
	at org.springframework.orm.jpa.hibernate.HibernateExceptionTranslator.translateExceptionIfPossible(HibernateExceptionTranslator.java:105)
	at org.springframework.orm.jpa.vendor.HibernateJpaDialect.translateExceptionIfPossible(HibernateJpaDialect.java:223)
	at org.springframework.orm.jpa.AbstractEntityManagerFactoryBean.translateExceptionIfPossible(AbstractEntityManagerFactoryBean.java:577)
	at org.springframework.dao.support.ChainedPersistenceExceptionTranslator.translateExceptionIfPossible(ChainedPersistenceExceptionTranslator.java:61)
	at org.springframework.dao.support.DataAccessUtils.translateIfNecessary(DataAccessUtils.java:346)
	at org.springframework.dao.support.PersistenceExceptionTranslationInterceptor.invoke(PersistenceExceptionTranslationInterceptor.java:157)
	at org.springframework.aop.framework.ReflectiveMethodInvocation.proceed(ReflectiveMethodInvocation.java:179)
	at org.springframework.data.jpa.repository.support.CrudMethodMetadataPostProcessor$CrudMethodMetadataPopulatingMethodInterceptor.invoke(CrudMethodMetadataPostProcessor.java:166)
	at org.springframework.aop.framework.ReflectiveMethodInvocation.proceed(ReflectiveMethodInvocation.java:179)
	at org.springframework.aop.framework.JdkDynamicAopProxy.invoke(JdkDynamicAopProxy.java:222)
	at jdk.proxy4/jdk.proxy4.$Proxy155.save(Unknown Source)
	at com.runicsoft.bencolapp.compras.service.CompraServiceImpl.create(CompraServiceImpl.java:173)
	at java.base/jdk.internal.reflect.DirectMethodHandleAccessor.invoke(DirectMethodHandleAccessor.java:103)
	at java.base/java.lang.reflect.Method.invoke(Method.java:580)
	at org.springframework.aop.support.AopUtils.invokeJoinpointUsingReflection(AopUtils.java:359)
	at org.springframework.aop.framework.ReflectiveMethodInvocation.invokeJoinpoint(ReflectiveMethodInvocation.java:190)
	at org.springframework.aop.framework.ReflectiveMethodInvocation.proceed(ReflectiveMethodInvocation.java:158)
	at org.springframework.transaction.interceptor.TransactionInterceptor$1.proceedWithInvocation(TransactionInterceptor.java:133)
	at org.springframework.transaction.interceptor.TransactionAspectSupport.invokeWithinTransaction(TransactionAspectSupport.java:371)
	at org.springframework.transaction.interceptor.TransactionInterceptor.invoke(TransactionInterceptor.java:130)
	at org.springframework.aop.framework.ReflectiveMethodInvocation.proceed(ReflectiveMethodInvocation.java:179)
	at org.springframework.aop.framework.CglibAopProxy$DynamicAdvisedInterceptor.intercept(CglibAopProxy.java:719)
	at com.runicsoft.bencolapp.compras.service.CompraServiceImpl$$SpringCGLIB$$0.create(<generated>)
	at com.runicsoft.bencolapp.compras.controller.CompraController.create(CompraController.java:55)
	at java.base/jdk.internal.reflect.DirectMethodHandleAccessor.invoke(DirectMethodHandleAccessor.java:103)
	at java.base/java.lang.reflect.Method.invoke(Method.java:580)
	at org.springframework.web.method.support.InvocableHandlerMethod.doInvoke(InvocableHandlerMethod.java:252)
	at org.springframework.web.method.support.InvocableHandlerMethod.invokeForRequest(InvocableHandlerMethod.java:184)
	at org.springframework.web.servlet.mvc.method.annotation.ServletInvocableHandlerMethod.invokeAndHandle(ServletInvocableHandlerMethod.java:117)
	at org.springframework.web.servlet.mvc.method.annotation.RequestMappingHandlerAdapter.invokeHandlerMethod(RequestMappingHandlerAdapter.java:934)
	at org.springframework.web.servlet.mvc.method.annotation.RequestMappingHandlerAdapter.handleInternal(RequestMappingHandlerAdapter.java:853)
	at org.springframework.web.servlet.mvc.method.AbstractHandlerMethodAdapter.handle(AbstractHandlerMethodAdapter.java:86)
	at org.springframework.web.servlet.DispatcherServlet.doDispatch(DispatcherServlet.java:963)
	at org.springframework.web.servlet.DispatcherServlet.doService(DispatcherServlet.java:866)
	at org.springframework.web.servlet.FrameworkServlet.processRequest(FrameworkServlet.java:1000)
	at org.springframework.web.servlet.FrameworkServlet.doPost(FrameworkServlet.java:903)
	at jakarta.servlet.http.HttpServlet.service(HttpServlet.java:649)
	at org.springframework.web.servlet.FrameworkServlet.service(FrameworkServlet.java:874)
	at jakarta.servlet.http.HttpServlet.service(HttpServlet.java:710)
	at org.apache.catalina.core.ApplicationFilterChain.doFilter(ApplicationFilterChain.java:128)
	at org.apache.tomcat.websocket.server.WsFilter.doFilter(WsFilter.java:53)
	at org.apache.catalina.core.ApplicationFilterChain.doFilter(ApplicationFilterChain.java:107)
	at com.runicsoft.bencolapp.utils.logging.RequestIdFilter.doFilterInternal(RequestIdFilter.java:35)
	at org.springframework.web.filter.OncePerRequestFilter.doFilter(OncePerRequestFilter.java:116)
	at org.apache.catalina.core.ApplicationFilterChain.doFilter(ApplicationFilterChain.java:107)
	at org.springframework.web.filter.CompositeFilter$VirtualFilterChain.doFilter(CompositeFilter.java:108)
	at org.springframework.security.web.FilterChainProxy.lambda$doFilterInternal$2(FilterChainProxy.java:235)
	at org.springframework.security.web.FilterChainProxy$VirtualFilterChain.doFilter(FilterChainProxy.java:376)
	at org.springframework.security.web.access.intercept.AuthorizationFilter.doFilter(AuthorizationFilter.java:101)
	at org.springframework.security.web.FilterChainProxy$VirtualFilterChain.doFilter(FilterChainProxy.java:385)
	at org.springframework.security.web.access.ExceptionTranslationFilter.doFilter(ExceptionTranslationFilter.java:126)
	at org.springframework.security.web.access.ExceptionTranslationFilter.doFilter(ExceptionTranslationFilter.java:120)
	at org.springframework.security.web.FilterChainProxy$VirtualFilterChain.doFilter(FilterChainProxy.java:385)
	at org.springframework.security.web.session.SessionManagementFilter.doFilter(SessionManagementFilter.java:132)
	at org.springframework.security.web.session.SessionManagementFilter.doFilter(SessionManagementFilter.java:86)
	at org.springframework.security.web.FilterChainProxy$VirtualFilterChain.doFilter(FilterChainProxy.java:385)
	at org.springframework.security.web.authentication.AnonymousAuthenticationFilter.doFilter(AnonymousAuthenticationFilter.java:100)
	at org.springframework.security.web.FilterChainProxy$VirtualFilterChain.doFilter(FilterChainProxy.java:385)
	at org.springframework.security.web.servletapi.SecurityContextHolderAwareRequestFilter.doFilter(SecurityContextHolderAwareRequestFilter.java:181)
	at org.springframework.security.web.FilterChainProxy$VirtualFilterChain.doFilter(FilterChainProxy.java:385)
	at org.springframework.security.web.savedrequest.RequestCacheAwareFilter.doFilter(RequestCacheAwareFilter.java:63)
	at org.springframework.security.web.FilterChainProxy$VirtualFilterChain.doFilter(FilterChainProxy.java:385)
	at org.springframework.security.oauth2.server.resource.web.authentication.BearerTokenAuthenticationFilter.doFilterInternal(BearerTokenAuthenticationFilter.java:207)
	at org.springframework.web.filter.OncePerRequestFilter.doFilter(OncePerRequestFilter.java:116)
	at org.springframework.security.web.FilterChainProxy$VirtualFilterChain.doFilter(FilterChainProxy.java:385)
	at org.springframework.security.oauth2.server.resource.web.OAuth2ProtectedResourceMetadataFilter.doFilterInternal(OAuth2ProtectedResourceMetadataFilter.java:98)
	at org.springframework.web.filter.OncePerRequestFilter.doFilter(OncePerRequestFilter.java:116)
	at org.springframework.security.web.FilterChainProxy$VirtualFilterChain.doFilter(FilterChainProxy.java:385)
	at org.springframework.security.web.authentication.logout.LogoutFilter.doFilter(LogoutFilter.java:110)
	at org.springframework.security.web.authentication.logout.LogoutFilter.doFilter(LogoutFilter.java:96)
	at org.springframework.security.web.FilterChainProxy$VirtualFilterChain.doFilter(FilterChainProxy.java:385)
	at org.springframework.security.web.header.HeaderWriterFilter.doHeadersAfter(HeaderWriterFilter.java:90)
	at org.springframework.security.web.header.HeaderWriterFilter.doFilterInternal(HeaderWriterFilter.java:75)
	at org.springframework.web.filter.OncePerRequestFilter.doFilter(OncePerRequestFilter.java:116)
	at org.springframework.security.web.FilterChainProxy$VirtualFilterChain.doFilter(FilterChainProxy.java:385)
	at org.springframework.security.web.context.SecurityContextHolderFilter.doFilter(SecurityContextHolderFilter.java:82)
	at org.springframework.security.web.context.SecurityContextHolderFilter.doFilter(SecurityContextHolderFilter.java:69)
	at org.springframework.security.web.FilterChainProxy$VirtualFilterChain.doFilter(FilterChainProxy.java:385)
	at org.springframework.security.web.context.request.async.WebAsyncManagerIntegrationFilter.doFilterInternal(WebAsyncManagerIntegrationFilter.java:62)
	at org.springframework.web.filter.OncePerRequestFilter.doFilter(OncePerRequestFilter.java:116)
	at org.springframework.security.web.FilterChainProxy$VirtualFilterChain.doFilter(FilterChainProxy.java:385)
	at org.springframework.security.web.session.DisableEncodeUrlFilter.doFilterInternal(DisableEncodeUrlFilter.java:42)
	at org.springframework.web.filter.OncePerRequestFilter.doFilter(OncePerRequestFilter.java:116)
	at org.springframework.security.web.FilterChainProxy$VirtualFilterChain.doFilter(FilterChainProxy.java:385)
	at org.springframework.security.web.FilterChainProxy.doFilterInternal(FilterChainProxy.java:237)
	at org.springframework.security.web.FilterChainProxy.doFilter(FilterChainProxy.java:195)
	at org.springframework.web.filter.CompositeFilter$VirtualFilterChain.doFilter(CompositeFilter.java:113)
	at org.springframework.web.filter.ServletRequestPathFilter.doFilter(ServletRequestPathFilter.java:52)
	at org.springframework.web.filter.CompositeFilter$VirtualFilterChain.doFilter(CompositeFilter.java:113)
	at org.springframework.web.filter.CompositeFilter.doFilter(CompositeFilter.java:74)
	at org.springframework.security.config.annotation.web.configuration.WebSecurityConfiguration$CompositeFilterChainProxy.doFilter(WebSecurityConfiguration.java:317)
	at org.springframework.web.filter.DelegatingFilterProxy.invokeDelegate(DelegatingFilterProxy.java:355)
	at org.springframework.web.filter.DelegatingFilterProxy.doFilter(DelegatingFilterProxy.java:272)
	at org.apache.catalina.core.ApplicationFilterChain.doFilter(ApplicationFilterChain.java:107)
	at org.springframework.web.filter.RequestContextFilter.doFilterInternal(RequestContextFilter.java:100)
	at org.springframework.web.filter.OncePerRequestFilter.doFilter(OncePerRequestFilter.java:116)
	at org.apache.catalina.core.ApplicationFilterChain.doFilter(ApplicationFilterChain.java:107)
	at org.springframework.web.filter.FormContentFilter.doFilterInternal(FormContentFilter.java:93)
	at org.springframework.web.filter.OncePerRequestFilter.doFilter(OncePerRequestFilter.java:116)
	at org.apache.catalina.core.ApplicationFilterChain.doFilter(ApplicationFilterChain.java:107)
	at org.springframework.web.filter.CharacterEncodingFilter.doFilterInternal(CharacterEncodingFilter.java:199)
	at org.springframework.web.filter.OncePerRequestFilter.doFilter(OncePerRequestFilter.java:116)
	at org.apache.catalina.core.ApplicationFilterChain.doFilter(ApplicationFilterChain.java:107)
	at org.apache.catalina.core.StandardWrapperValve.invoke(StandardWrapperValve.java:165)
	at org.apache.catalina.core.StandardContextValve.invoke(StandardContextValve.java:77)
	at org.apache.catalina.authenticator.AuthenticatorBase.invoke(AuthenticatorBase.java:492)
	at org.apache.catalina.core.StandardHostValve.invoke(StandardHostValve.java:113)
	at org.apache.catalina.valves.ErrorReportValve.invoke(ErrorReportValve.java:83)
	at org.apache.catalina.core.StandardEngineValve.invoke(StandardEngineValve.java:72)
	at org.apache.catalina.connector.CoyoteAdapter.service(CoyoteAdapter.java:341)
	at org.apache.coyote.http11.Http11Processor.service(Http11Processor.java:397)
	at org.apache.coyote.AbstractProcessorLight.process(AbstractProcessorLight.java:63)
	at org.apache.coyote.AbstractProtocol$ConnectionHandler.process(AbstractProtocol.java:1272)
	at org.apache.tomcat.util.net.NioEndpoint$SocketProcessor.doRun(NioEndpoint.java:1801)
	at org.apache.tomcat.util.net.SocketProcessorBase.run(SocketProcessorBase.java:52)
	at org.apache.tomcat.util.threads.ThreadPoolExecutor.runWorker(ThreadPoolExecutor.java:946)
	at org.apache.tomcat.util.threads.ThreadPoolExecutor$Worker.run(ThreadPoolExecutor.java:480)
	at org.apache.tomcat.util.threads.TaskThread$WrappingRunnable.run(TaskThread.java:57)
	at java.base/java.lang.Thread.run(Thread.java:1583)
Caused by: org.hibernate.exception.GenericJDBCException: could not execute statement [Data truncated for column 'estado' at row 1] [insert into compras (actualizado_por,codigo,creado_por,estado,fecha_actualizacion,fecha_creacion,proveedor_id,subtotal,total) values (?,?,?,?,?,?,?,?,?)]
	at org.hibernate.exception.internal.StandardSQLExceptionConverter.convert(StandardSQLExceptionConverter.java:39)
	at org.hibernate.engine.jdbc.spi.SqlExceptionHelper.convert(SqlExceptionHelper.java:115)
	at org.hibernate.engine.jdbc.internal.ResultSetReturnImpl.executeUpdate(ResultSetReturnImpl.java:189)
	at org.hibernate.id.insert.GetGeneratedKeysDelegate.performMutation(GetGeneratedKeysDelegate.java:96)
	at org.hibernate.engine.jdbc.mutation.internal.MutationExecutorSingleNonBatched.performNonBatchedOperations(MutationExecutorSingleNonBatched.java:45)
	at org.hibernate.engine.jdbc.mutation.internal.AbstractMutationExecutor.execute(AbstractMutationExecutor.java:65)
	at org.hibernate.engine.jdbc.mutation.internal.AbstractMutationExecutor.execute(AbstractMutationExecutor.java:54)
	at org.hibernate.persister.entity.mutation.InsertCoordinatorStandard.doStaticInserts(InsertCoordinatorStandard.java:183)
	at org.hibernate.persister.entity.mutation.InsertCoordinatorStandard.coordinateInsert(InsertCoordinatorStandard.java:123)
	at org.hibernate.persister.entity.mutation.InsertCoordinatorStandard.insert(InsertCoordinatorStandard.java:87)
	at org.hibernate.action.internal.EntityIdentityInsertAction.execute(EntityIdentityInsertAction.java:87)
	at org.hibernate.engine.spi.ActionQueue.execute(ActionQueue.java:667)
	at org.hibernate.engine.spi.ActionQueue.addResolvedEntityInsertAction(ActionQueue.java:291)
	at org.hibernate.engine.spi.ActionQueue.addInsertAction(ActionQueue.java:270)
	at org.hibernate.engine.spi.ActionQueue.addAction(ActionQueue.java:322)
	at org.hibernate.event.internal.AbstractSaveEventListener.addInsertAction(AbstractSaveEventListener.java:384)
	at org.hibernate.event.internal.AbstractSaveEventListener.performSaveOrReplicate(AbstractSaveEventListener.java:298)
	at org.hibernate.event.internal.AbstractSaveEventListener.performSave(AbstractSaveEventListener.java:228)
	at org.hibernate.event.internal.AbstractSaveEventListener.saveWithGeneratedId(AbstractSaveEventListener.java:144)
	at org.hibernate.event.internal.DefaultPersistEventListener.entityIsTransient(DefaultPersistEventListener.java:144)
	at org.hibernate.event.internal.DefaultPersistEventListener.persist(DefaultPersistEventListener.java:91)
	at org.hibernate.event.internal.DefaultPersistEventListener.onPersist(DefaultPersistEventListener.java:75)
	at org.hibernate.event.internal.DefaultPersistEventListener.onPersist(DefaultPersistEventListener.java:51)
	at org.hibernate.event.service.internal.EventListenerGroupImpl.fireEventOnEachListener(EventListenerGroupImpl.java:138)
	at org.hibernate.internal.SessionImpl.firePersist(SessionImpl.java:695)
	at org.hibernate.internal.SessionImpl.persist(SessionImpl.java:678)
	at java.base/jdk.internal.reflect.DirectMethodHandleAccessor.invoke(DirectMethodHandleAccessor.java:103)
	at java.base/java.lang.reflect.Method.invoke(Method.java:580)
	at org.springframework.orm.jpa.SharedEntityManagerCreator$SharedEntityHandlerInvocationHandler.invokeMethod(SharedEntityManagerCreator.java:239)
	at org.springframework.orm.jpa.SharedEntityManagerCreator$SharedEntityManagerInvocationHandler.invoke(SharedEntityManagerCreator.java:383)
	at jdk.proxy4/jdk.proxy4.$Proxy139.persist(Unknown Source)
	at org.springframework.data.jpa.repository.support.SimpleJpaRepository.save(SimpleJpaRepository.java:664)
	at java.base/jdk.internal.reflect.DirectMethodHandleAccessor.invoke(DirectMethodHandleAccessor.java:103)
	at java.base/java.lang.reflect.Method.invoke(Method.java:580)
	at org.springframework.aop.support.AopUtils.invokeJoinpointUsingReflection(AopUtils.java:359)
	at org.springframework.data.repository.core.support.RepositoryMethodInvoker$RepositoryFragmentMethodInvoker.lambda$new$0(RepositoryMethodInvoker.java:278)
	at org.springframework.data.repository.core.support.RepositoryMethodInvoker.doInvoke(RepositoryMethodInvoker.java:169)
	at org.springframework.data.repository.core.support.RepositoryMethodInvoker.invoke(RepositoryMethodInvoker.java:158)
	at org.springframework.data.repository.core.support.RepositoryComposition$RepositoryFragments.invoke(RepositoryComposition.java:545)
	at org.springframework.data.repository.core.support.RepositoryComposition.invoke(RepositoryComposition.java:290)
	at org.springframework.data.repository.core.support.RepositoryFactorySupport$ImplementationMethodExecutionInterceptor.invoke(RepositoryFactorySupport.java:690)
	at org.springframework.aop.framework.ReflectiveMethodInvocation.proceed(ReflectiveMethodInvocation.java:179)
	at org.springframework.data.repository.core.support.QueryExecutorMethodInterceptor.doInvoke(QueryExecutorMethodInterceptor.java:171)
	at org.springframework.data.repository.core.support.QueryExecutorMethodInterceptor.invoke(QueryExecutorMethodInterceptor.java:146)
	at org.springframework.aop.framework.ReflectiveMethodInvocation.proceed(ReflectiveMethodInvocation.java:179)
	at org.springframework.data.projection.DefaultMethodInvokingMethodInterceptor.invoke(DefaultMethodInvokingMethodInterceptor.java:69)
	at org.springframework.aop.framework.ReflectiveMethodInvocation.proceed(ReflectiveMethodInvocation.java:179)
	at org.springframework.transaction.interceptor.TransactionInterceptor$1.proceedWithInvocation(TransactionInterceptor.java:133)
	at org.springframework.transaction.interceptor.TransactionAspectSupport.invokeWithinTransaction(TransactionAspectSupport.java:371)
	at org.springframework.transaction.interceptor.TransactionInterceptor.invoke(TransactionInterceptor.java:130)
	at org.springframework.aop.framework.ReflectiveMethodInvocation.proceed(ReflectiveMethodInvocation.java:179)
	at org.springframework.dao.support.PersistenceExceptionTranslationInterceptor.invoke(PersistenceExceptionTranslationInterceptor.java:135)
	... 113 common frames omitted
Caused by: java.sql.SQLException: Data truncated for column 'estado' at row 1
	at com.mysql.cj.jdbc.exceptions.SQLError.createSQLException(SQLError.java:121)
	at com.mysql.cj.jdbc.exceptions.SQLExceptionsMapping.translateException(SQLExceptionsMapping.java:114)
	at com.mysql.cj.jdbc.ClientPreparedStatement.executeInternal(ClientPreparedStatement.java:988)
	at com.mysql.cj.jdbc.ClientPreparedStatement.executeUpdateInternal(ClientPreparedStatement.java:1166)
	at com.mysql.cj.jdbc.ClientPreparedStatement.executeUpdateInternal(ClientPreparedStatement.java:1101)
	at com.mysql.cj.jdbc.ClientPreparedStatement.executeLargeUpdate(ClientPreparedStatement.java:1448)
	at com.mysql.cj.jdbc.ClientPreparedStatement.executeUpdate(ClientPreparedStatement.java:1084)
	at com.zaxxer.hikari.pool.ProxyPreparedStatement.executeUpdate(ProxyPreparedStatement.java:61)
	at com.zaxxer.hikari.pool.HikariProxyPreparedStatement.executeUpdate(HikariProxyPreparedStatement.java)
	at org.hibernate.engine.jdbc.internal.ResultSetReturnImpl.executeUpdate(ResultSetReturnImpl.java:185)
	... 162 common frames omitted
2026-08-12 17:10:38.130 WARN  [http-nio-8080-exec-3] [requestId=a0c298d1-5d61-407a-8de8-3fb1099a813f] o.s.w.s.m.m.a.ExceptionHandlerExceptionResolver - Resolved [org.springframework.orm.jpa.JpaSystemException: could not execute statement [Data truncated for column 'estado' at row 1] [insert into compras (actualizado_por,codigo,creado_por,estado,fecha_actualizacion,fecha_creacion,proveedor_id,subtotal,total) values (?,?,?,?,?,?,?,?,?)]]
2026-08-12 17:14:42.175 INFO  [SpringApplicationShutdownHook] [requestId=N/A] o.s.boot.tomcat.GracefulShutdown - Commencing graceful shutdown. Waiting for active requests to complete
2026-08-12 17:14:42.178 INFO  [tomcat-shutdown] [requestId=N/A] o.s.boot.tomcat.GracefulShutdown - Graceful shutdown complete
2026-08-12 17:14:42.184 INFO  [SpringApplicationShutdownHook] [requestId=N/A] o.s.o.j.LocalContainerEntityManagerFactoryBean - Closing JPA EntityManagerFactory for persistence unit 'default'
2026-08-12 17:14:42.186 INFO  [SpringApplicationShutdownHook] [requestId=N/A] com.zaxxer.hikari.HikariDataSource - HikariPool-1 - Shutdown initiated...
2026-08-12 17:14:42.188 INFO  [SpringApplicationShutdownHook] [requestId=N/A] com.zaxxer.hikari.HikariDataSource - HikariPool-1 - Shutdown completed.
2026-08-12 17:15:15.306 INFO  [restartedMain] [requestId=N/A] c.r.bencolapp.BencolAppApplication - Starting BencolAppApplication using Java 21.0.7 with PID 10700 (C:\Users\WILDER\OneDrive\Escritorio\bencol-app\bencol\target\classes started by WILDER in C:\Users\WILDER\OneDrive\Escritorio\bencol-app\bencol)
2026-08-12 17:15:15.308 DEBUG [restartedMain] [requestId=N/A] c.r.bencolapp.BencolAppApplication - Running with Spring Boot v4.1.0, Spring v7.0.8
2026-08-12 17:15:15.308 INFO  [restartedMain] [requestId=N/A] c.r.bencolapp.BencolAppApplication - The following 1 profile is active: "dev"
2026-08-12 17:15:15.341 INFO  [restartedMain] [requestId=N/A] o.s.b.d.e.DevToolsPropertyDefaultsPostProcessor - Devtools property defaults active! Set 'spring.devtools.add-properties' to 'false' to disable
2026-08-12 17:15:15.341 INFO  [restartedMain] [requestId=N/A] o.s.b.d.e.DevToolsPropertyDefaultsPostProcessor - For additional web related logging consider setting the 'logging.level.web' property to 'DEBUG'
2026-08-12 17:15:15.992 INFO  [restartedMain] [requestId=N/A] o.s.d.r.c.RepositoryConfigurationDelegate - Bootstrapping Spring Data JPA repositories in DEFAULT mode.
2026-08-12 17:15:16.134 INFO  [restartedMain] [requestId=N/A] o.s.d.r.c.RepositoryConfigurationDelegate - Finished Spring Data repository scanning in 135 ms. Found 21 JPA repository interfaces.
2026-08-12 17:15:16.583 INFO  [restartedMain] [requestId=N/A] o.s.boot.tomcat.TomcatWebServer - Tomcat initialized with port 8080 (http)
2026-08-12 17:15:16.595 INFO  [restartedMain] [requestId=N/A] o.apache.catalina.core.StandardService - Starting service [Tomcat]
2026-08-12 17:15:16.595 INFO  [restartedMain] [requestId=N/A] org.apache.catalina.core.StandardEngine - Starting Servlet engine: [Apache Tomcat/11.0.22]
2026-08-12 17:15:16.633 INFO  [restartedMain] [requestId=N/A] o.s.b.w.c.s.WebApplicationContextInitializer - Root WebApplicationContext: initialization completed in 1292 ms
2026-08-12 17:15:16.668 DEBUG [restartedMain] [requestId=N/A] c.r.b.utils.logging.RequestIdFilter - Filter 'requestIdFilter' configured for use
2026-08-12 17:15:16.846 INFO  [restartedMain] [requestId=N/A] com.zaxxer.hikari.HikariDataSource - HikariPool-1 - Starting...
2026-08-12 17:15:16.974 INFO  [restartedMain] [requestId=N/A] com.zaxxer.hikari.pool.HikariPool - HikariPool-1 - Added connection com.mysql.cj.jdbc.ConnectionImpl@1a6dd1d
2026-08-12 17:15:16.976 INFO  [restartedMain] [requestId=N/A] com.zaxxer.hikari.HikariDataSource - HikariPool-1 - Start completed.
2026-08-12 17:15:17.001 INFO  [restartedMain] [requestId=N/A] org.flywaydb.core.FlywayExecutor - Database: jdbc:mysql://localhost:3306/bencol_system?useSSL=false&serverTimezone=America/Lima&allowPublicKeyRetrieval=true (MySQL 8.0)
2026-08-12 17:15:17.065 INFO  [restartedMain] [requestId=N/A] o.f.core.internal.command.DbValidate - Successfully validated 6 migrations (execution time 00:00.029s)
2026-08-12 17:15:17.079 INFO  [restartedMain] [requestId=N/A] o.f.core.internal.command.DbMigrate - Current version of schema `bencol_system`: 5
2026-08-12 17:15:17.090 INFO  [restartedMain] [requestId=N/A] o.f.core.internal.command.DbMigrate - Migrating schema `bencol_system` to version "6 - actualizar estado compras"
2026-08-12 17:15:17.196 INFO  [restartedMain] [requestId=N/A] o.f.core.internal.command.DbMigrate - Successfully applied 1 migration to schema `bencol_system`, now at version v6 (execution time 00:00.090s)
2026-08-12 17:15:17.300 INFO  [restartedMain] [requestId=N/A] org.hibernate.orm.jpa - HHH008540: Processing PersistenceUnitInfo [name: default]
2026-08-12 17:15:17.346 INFO  [restartedMain] [requestId=N/A] org.hibernate.orm.core - HHH000001: Hibernate ORM core version 7.4.1.Final
2026-08-12 17:15:17.703 INFO  [restartedMain] [requestId=N/A] o.s.o.j.p.SpringPersistenceUnitInfo - No LoadTimeWeaver setup: ignoring JPA class transformer
2026-08-12 17:15:17.771 INFO  [restartedMain] [requestId=N/A] org.hibernate.orm.connections.pooling - HHH10001005: Database info:
	Database JDBC URL [jdbc:mysql://localhost:3306/bencol_system?useSSL=false&serverTimezone=America/Lima&allowPublicKeyRetrieval=true]
	Database driver: MySQL Connector/J
	Database dialect: MySQLDialect
	Database version: 8.0.44
	Default catalog/schema: bencol_system/undefined
	Autocommit mode: undefined/unknown
	Isolation level: REPEATABLE_READ [default REPEATABLE_READ]
	JDBC fetch size: none
	Pool: DataSourceConnectionProvider
	Minimum pool size: undefined/unknown
	Maximum pool size: undefined/unknown
2026-08-12 17:15:18.760 INFO  [restartedMain] [requestId=N/A] org.hibernate.orm.core - HHH000489: No JTA platform available (set 'hibernate.transaction.jta.platform' to enable JTA platform integration)
2026-08-12 17:15:18.798 INFO  [restartedMain] [requestId=N/A] o.s.o.j.LocalContainerEntityManagerFactoryBean - Initialized JPA EntityManagerFactory for persistence unit 'default'
2026-08-12 17:15:18.859 INFO  [restartedMain] [requestId=N/A] o.s.d.j.r.query.QueryEnhancerFactories - Hibernate is in classpath; If applicable, HQL parser will be used.
2026-08-12 17:15:20.919 INFO  [restartedMain] [requestId=N/A] o.s.boot.tomcat.TomcatWebServer - Tomcat started on port 8080 (http) with context path '/'
2026-08-12 17:15:20.923 INFO  [restartedMain] [requestId=N/A] c.r.bencolapp.BencolAppApplication - Started BencolAppApplication in 6.1 seconds (process running for 6.557)
2026-08-12 17:15:20.975 DEBUG [restartedMain] [requestId=N/A] org.hibernate.SQL - 
    select
        count(*) 
    from
        usuarios u1_0
2026-08-12 17:15:25.984 INFO  [http-nio-8080-exec-3] [requestId=N/A] o.a.c.c.C.[Tomcat].[localhost].[/] - Initializing Spring DispatcherServlet 'dispatcherServlet'
2026-08-12 17:15:25.984 INFO  [http-nio-8080-exec-3] [requestId=N/A] o.s.web.servlet.DispatcherServlet - Initializing Servlet 'dispatcherServlet'
2026-08-12 17:15:25.986 INFO  [http-nio-8080-exec-3] [requestId=N/A] o.s.web.servlet.DispatcherServlet - Completed initialization in 2 ms
2026-08-12 17:15:26.089 DEBUG [http-nio-8080-exec-3] [requestId=636d46fc-a985-4ce4-9696-41f8f48daac2] org.hibernate.SQL - 
    select
        u1_0.id,
        u1_0.email,
        u1_0.estado,
        u1_0.fecha_actualizacion,
        u1_0.fecha_creacion,
        u1_0.password,
        u1_0.rol,
        u1_0.username 
    from
        usuarios u1_0 
    where
        u1_0.username=?
2026-08-12 17:15:26.090 TRACE [http-nio-8080-exec-3] [requestId=636d46fc-a985-4ce4-9696-41f8f48daac2] org.hibernate.orm.jdbc.bind - binding parameter (1:VARCHAR) <- [adminbencol]
2026-08-12 17:15:41.716 WARN  [http-nio-8080-exec-4] [requestId=9e315ec4-c1e0-4c5c-82b2-1c3b5b38a43c] o.h.v.i.m.a.CascadingMetaDataBuilder - HV000271: Using `@Valid` on a container (java.util.List) is deprecated. You should apply the annotation on the type argument(s). Affected element: detalles
2026-08-12 17:15:41.768 DEBUG [http-nio-8080-exec-4] [requestId=9e315ec4-c1e0-4c5c-82b2-1c3b5b38a43c] org.hibernate.SQL - 
    select
        p1_0.id,
        p1_0.contacto,
        p1_0.direccion,
        p1_0.email,
        p1_0.estado,
        p1_0.razon_social,
        p1_0.ruc,
        p1_0.telefono 
    from
        proveedores p1_0 
    where
        p1_0.id=?
2026-08-12 17:15:41.768 TRACE [http-nio-8080-exec-4] [requestId=9e315ec4-c1e0-4c5c-82b2-1c3b5b38a43c] org.hibernate.orm.jdbc.bind - binding parameter (1:BIGINT) <- [1]
2026-08-12 17:15:41.771 DEBUG [http-nio-8080-exec-4] [requestId=9e315ec4-c1e0-4c5c-82b2-1c3b5b38a43c] org.hibernate.SQL - 
    select
        p1_0.id,
        p1_0.categoria,
        p1_0.codigo,
        p1_0.contenido,
        p1_0.descripcion,
        p1_0.estado,
        p1_0.precio_base,
        p1_0.unidad_medida,
        p1_0.unidades_por_paquete 
    from
        productos p1_0 
    where
        p1_0.id=?
2026-08-12 17:15:41.772 TRACE [http-nio-8080-exec-4] [requestId=9e315ec4-c1e0-4c5c-82b2-1c3b5b38a43c] org.hibernate.orm.jdbc.bind - binding parameter (1:BIGINT) <- [1]
2026-08-12 17:15:41.792 DEBUG [http-nio-8080-exec-4] [requestId=9e315ec4-c1e0-4c5c-82b2-1c3b5b38a43c] org.hibernate.SQL - 
    insert 
    into
        compras
        (actualizado_por, codigo, creado_por, estado, fecha_actualizacion, fecha_creacion, proveedor_id, subtotal, total) 
    values
        (?, ?, ?, ?, ?, ?, ?, ?, ?)
2026-08-12 17:15:41.794 TRACE [http-nio-8080-exec-4] [requestId=9e315ec4-c1e0-4c5c-82b2-1c3b5b38a43c] org.hibernate.orm.jdbc.bind - binding parameter (1:VARCHAR) <- [null]
2026-08-12 17:15:41.794 TRACE [http-nio-8080-exec-4] [requestId=9e315ec4-c1e0-4c5c-82b2-1c3b5b38a43c] org.hibernate.orm.jdbc.bind - binding parameter (2:VARCHAR) <- [COM-38D41C17]
2026-08-12 17:15:41.795 TRACE [http-nio-8080-exec-4] [requestId=9e315ec4-c1e0-4c5c-82b2-1c3b5b38a43c] org.hibernate.orm.jdbc.bind - binding parameter (3:VARCHAR) <- [adminbencol]
2026-08-12 17:15:41.795 TRACE [http-nio-8080-exec-4] [requestId=9e315ec4-c1e0-4c5c-82b2-1c3b5b38a43c] org.hibernate.orm.jdbc.bind - binding parameter (4:ENUM) <- [REGISTRADA]
2026-08-12 17:15:41.795 TRACE [http-nio-8080-exec-4] [requestId=9e315ec4-c1e0-4c5c-82b2-1c3b5b38a43c] org.hibernate.orm.jdbc.bind - binding parameter (5:TIMESTAMP) <- [null]
2026-08-12 17:15:41.795 TRACE [http-nio-8080-exec-4] [requestId=9e315ec4-c1e0-4c5c-82b2-1c3b5b38a43c] org.hibernate.orm.jdbc.bind - binding parameter (6:TIMESTAMP) <- [2026-08-12T17:15:41.777587100]
2026-08-12 17:15:41.795 TRACE [http-nio-8080-exec-4] [requestId=9e315ec4-c1e0-4c5c-82b2-1c3b5b38a43c] org.hibernate.orm.jdbc.bind - binding parameter (7:BIGINT) <- [1]
2026-08-12 17:15:41.795 TRACE [http-nio-8080-exec-4] [requestId=9e315ec4-c1e0-4c5c-82b2-1c3b5b38a43c] org.hibernate.orm.jdbc.bind - binding parameter (8:NUMERIC) <- [1200.00]
2026-08-12 17:15:41.795 TRACE [http-nio-8080-exec-4] [requestId=9e315ec4-c1e0-4c5c-82b2-1c3b5b38a43c] org.hibernate.orm.jdbc.bind - binding parameter (9:NUMERIC) <- [1200.00]
2026-08-12 17:15:41.805 DEBUG [http-nio-8080-exec-4] [requestId=9e315ec4-c1e0-4c5c-82b2-1c3b5b38a43c] org.hibernate.SQL - 
    insert 
    into
        detalles_compras
        (cantidad, compra_id, costo_unitario, producto_id, subtotal) 
    values
        (?, ?, ?, ?, ?)
2026-08-12 17:15:41.805 TRACE [http-nio-8080-exec-4] [requestId=9e315ec4-c1e0-4c5c-82b2-1c3b5b38a43c] org.hibernate.orm.jdbc.bind - binding parameter (1:INTEGER) <- [100]
2026-08-12 17:15:41.805 TRACE [http-nio-8080-exec-4] [requestId=9e315ec4-c1e0-4c5c-82b2-1c3b5b38a43c] org.hibernate.orm.jdbc.bind - binding parameter (2:BIGINT) <- [1]
2026-08-12 17:15:41.805 TRACE [http-nio-8080-exec-4] [requestId=9e315ec4-c1e0-4c5c-82b2-1c3b5b38a43c] org.hibernate.orm.jdbc.bind - binding parameter (3:NUMERIC) <- [12.00]
2026-08-12 17:15:41.805 TRACE [http-nio-8080-exec-4] [requestId=9e315ec4-c1e0-4c5c-82b2-1c3b5b38a43c] org.hibernate.orm.jdbc.bind - binding parameter (4:BIGINT) <- [1]
2026-08-12 17:15:41.806 TRACE [http-nio-8080-exec-4] [requestId=9e315ec4-c1e0-4c5c-82b2-1c3b5b38a43c] org.hibernate.orm.jdbc.bind - binding parameter (5:NUMERIC) <- [1200.00]
2026-08-12 17:15:41.822 DEBUG [http-nio-8080-exec-4] [requestId=9e315ec4-c1e0-4c5c-82b2-1c3b5b38a43c] org.hibernate.SQL - 
    select
        i1_0.id,
        i1_0.fecha_actualizacion,
        i1_0.fecha_creacion,
        i1_0.producto_id,
        i1_0.stock_actual,
        i1_0.stock_maximo,
        i1_0.stock_minimo 
    from
        inventarios i1_0 
    where
        i1_0.producto_id=? 
    for
        updateof i1_0
2026-08-12 17:15:41.823 TRACE [http-nio-8080-exec-4] [requestId=9e315ec4-c1e0-4c5c-82b2-1c3b5b38a43c] org.hibernate.orm.jdbc.bind - binding parameter (1:BIGINT) <- [1]
2026-08-12 17:15:41.829 DEBUG [http-nio-8080-exec-4] [requestId=9e315ec4-c1e0-4c5c-82b2-1c3b5b38a43c] org.hibernate.SQL - 
    insert 
    into
        movimientos_inventario
        (cantidad, fecha_creacion, producto_id, referencia, registrado_por, stock_anterior, stock_nuevo, tipo_movimiento) 
    values
        (?, ?, ?, ?, ?, ?, ?, ?)
2026-08-12 17:15:41.829 TRACE [http-nio-8080-exec-4] [requestId=9e315ec4-c1e0-4c5c-82b2-1c3b5b38a43c] org.hibernate.orm.jdbc.bind - binding parameter (1:INTEGER) <- [100]
2026-08-12 17:15:41.829 TRACE [http-nio-8080-exec-4] [requestId=9e315ec4-c1e0-4c5c-82b2-1c3b5b38a43c] org.hibernate.orm.jdbc.bind - binding parameter (2:TIMESTAMP) <- [2026-08-12T17:15:41.828698900]
2026-08-12 17:15:41.830 TRACE [http-nio-8080-exec-4] [requestId=9e315ec4-c1e0-4c5c-82b2-1c3b5b38a43c] org.hibernate.orm.jdbc.bind - binding parameter (3:BIGINT) <- [1]
2026-08-12 17:15:41.830 TRACE [http-nio-8080-exec-4] [requestId=9e315ec4-c1e0-4c5c-82b2-1c3b5b38a43c] org.hibernate.orm.jdbc.bind - binding parameter (4:VARCHAR) <- [Compra COM-38D41C17]
2026-08-12 17:15:41.830 TRACE [http-nio-8080-exec-4] [requestId=9e315ec4-c1e0-4c5c-82b2-1c3b5b38a43c] org.hibernate.orm.jdbc.bind - binding parameter (5:VARCHAR) <- [adminbencol]
2026-08-12 17:15:41.830 TRACE [http-nio-8080-exec-4] [requestId=9e315ec4-c1e0-4c5c-82b2-1c3b5b38a43c] org.hibernate.orm.jdbc.bind - binding parameter (6:INTEGER) <- [235]
2026-08-12 17:15:41.830 TRACE [http-nio-8080-exec-4] [requestId=9e315ec4-c1e0-4c5c-82b2-1c3b5b38a43c] org.hibernate.orm.jdbc.bind - binding parameter (7:INTEGER) <- [335]
2026-08-12 17:15:41.830 TRACE [http-nio-8080-exec-4] [requestId=9e315ec4-c1e0-4c5c-82b2-1c3b5b38a43c] org.hibernate.orm.jdbc.bind - binding parameter (8:ENUM) <- [ENTRADA]
2026-08-12 17:15:41.832 DEBUG [http-nio-8080-exec-4] [requestId=9e315ec4-c1e0-4c5c-82b2-1c3b5b38a43c] org.hibernate.SQL - 
    insert 
    into
        cuentas_pagar
        (compra_id, estado, fecha_actualizacion, fecha_creacion, monto_pagado, monto_total, saldo_pendiente) 
    values
        (?, ?, ?, ?, ?, ?, ?)
2026-08-12 17:15:41.832 TRACE [http-nio-8080-exec-4] [requestId=9e315ec4-c1e0-4c5c-82b2-1c3b5b38a43c] org.hibernate.orm.jdbc.bind - binding parameter (1:BIGINT) <- [1]
2026-08-12 17:15:41.832 TRACE [http-nio-8080-exec-4] [requestId=9e315ec4-c1e0-4c5c-82b2-1c3b5b38a43c] org.hibernate.orm.jdbc.bind - binding parameter (2:ENUM) <- [PENDIENTE]
2026-08-12 17:15:41.832 TRACE [http-nio-8080-exec-4] [requestId=9e315ec4-c1e0-4c5c-82b2-1c3b5b38a43c] org.hibernate.orm.jdbc.bind - binding parameter (3:TIMESTAMP) <- [null]
2026-08-12 17:15:41.832 TRACE [http-nio-8080-exec-4] [requestId=9e315ec4-c1e0-4c5c-82b2-1c3b5b38a43c] org.hibernate.orm.jdbc.bind - binding parameter (4:TIMESTAMP) <- [2026-08-12T17:15:41.832696300]
2026-08-12 17:15:41.832 TRACE [http-nio-8080-exec-4] [requestId=9e315ec4-c1e0-4c5c-82b2-1c3b5b38a43c] org.hibernate.orm.jdbc.bind - binding parameter (5:NUMERIC) <- [0]
2026-08-12 17:15:41.832 TRACE [http-nio-8080-exec-4] [requestId=9e315ec4-c1e0-4c5c-82b2-1c3b5b38a43c] org.hibernate.orm.jdbc.bind - binding parameter (6:NUMERIC) <- [1200.00]
2026-08-12 17:15:41.832 TRACE [http-nio-8080-exec-4] [requestId=9e315ec4-c1e0-4c5c-82b2-1c3b5b38a43c] org.hibernate.orm.jdbc.bind - binding parameter (7:NUMERIC) <- [1200.00]
2026-08-12 17:15:41.837 INFO  [http-nio-8080-exec-4] [requestId=9e315ec4-c1e0-4c5c-82b2-1c3b5b38a43c] c.r.b.compras.service.CompraServiceImpl - Compra creada. id=1, codigo=COM-38D41C17, proveedorId=1, total=1200.00, usuario=adminbencol
2026-08-12 17:15:41.843 DEBUG [http-nio-8080-exec-4] [requestId=9e315ec4-c1e0-4c5c-82b2-1c3b5b38a43c] org.hibernate.SQL - 
    update
        inventarios 
    set
        fecha_actualizacion=?,
        fecha_creacion=?,
        producto_id=?,
        stock_actual=?,
        stock_maximo=?,
        stock_minimo=? 
    where
        id=?
2026-08-12 17:15:41.843 TRACE [http-nio-8080-exec-4] [requestId=9e315ec4-c1e0-4c5c-82b2-1c3b5b38a43c] org.hibernate.orm.jdbc.bind - binding parameter (1:TIMESTAMP) <- [2026-08-12T17:15:41.838212200]
2026-08-12 17:15:41.843 TRACE [http-nio-8080-exec-4] [requestId=9e315ec4-c1e0-4c5c-82b2-1c3b5b38a43c] org.hibernate.orm.jdbc.bind - binding parameter (2:TIMESTAMP) <- [2026-08-11T21:05:17.804805]
2026-08-12 17:15:41.843 TRACE [http-nio-8080-exec-4] [requestId=9e315ec4-c1e0-4c5c-82b2-1c3b5b38a43c] org.hibernate.orm.jdbc.bind - binding parameter (3:BIGINT) <- [1]
2026-08-12 17:15:41.844 TRACE [http-nio-8080-exec-4] [requestId=9e315ec4-c1e0-4c5c-82b2-1c3b5b38a43c] org.hibernate.orm.jdbc.bind - binding parameter (4:INTEGER) <- [335]
2026-08-12 17:15:41.844 TRACE [http-nio-8080-exec-4] [requestId=9e315ec4-c1e0-4c5c-82b2-1c3b5b38a43c] org.hibernate.orm.jdbc.bind - binding parameter (5:INTEGER) <- [3000]
2026-08-12 17:15:41.844 TRACE [http-nio-8080-exec-4] [requestId=9e315ec4-c1e0-4c5c-82b2-1c3b5b38a43c] org.hibernate.orm.jdbc.bind - binding parameter (6:INTEGER) <- [10]
2026-08-12 17:15:41.844 TRACE [http-nio-8080-exec-4] [requestId=9e315ec4-c1e0-4c5c-82b2-1c3b5b38a43c] org.hibernate.orm.jdbc.bind - binding parameter (7:BIGINT) <- [1]
2026-08-12 17:22:16.481 DEBUG [http-nio-8080-exec-6] [requestId=06d276ae-9602-40bd-9a20-f5880de0cbd8] org.hibernate.SQL - 
    select
        cp1_0.id,
        cp1_0.compra_id,
        c1_0.id,
        c1_0.actualizado_por,
        c1_0.codigo,
        c1_0.creado_por,
        c1_0.estado,
        c1_0.fecha_actualizacion,
        c1_0.fecha_creacion,
        c1_0.proveedor_id,
        p1_0.id,
        p1_0.contacto,
        p1_0.direccion,
        p1_0.email,
        p1_0.estado,
        p1_0.razon_social,
        p1_0.ruc,
        p1_0.telefono,
        c1_0.subtotal,
        c1_0.total,
        cp1_0.estado,
        cp1_0.fecha_actualizacion,
        cp1_0.fecha_creacion,
        cp1_0.monto_pagado,
        cp1_0.monto_total,
        cp1_0.saldo_pendiente 
    from
        cuentas_pagar cp1_0 
    join
        compras c1_0 
            on c1_0.id=cp1_0.compra_id 
    join
        proveedores p1_0 
            on p1_0.id=c1_0.proveedor_id 
    where
        cp1_0.id=?
2026-08-12 17:22:16.481 TRACE [http-nio-8080-exec-6] [requestId=06d276ae-9602-40bd-9a20-f5880de0cbd8] org.hibernate.orm.jdbc.bind - binding parameter (1:BIGINT) <- [1]
2026-08-12 17:22:16.486 DEBUG [http-nio-8080-exec-6] [requestId=06d276ae-9602-40bd-9a20-f5880de0cbd8] org.hibernate.SQL - 
    insert 
    into
        pagos_proveedores
        (cuenta_pagar_id, fecha_pago, metodo_pago, monto, referencia, registrado_por) 
    values
        (?, ?, ?, ?, ?, ?)
2026-08-12 17:22:16.487 TRACE [http-nio-8080-exec-6] [requestId=06d276ae-9602-40bd-9a20-f5880de0cbd8] org.hibernate.orm.jdbc.bind - binding parameter (1:BIGINT) <- [1]
2026-08-12 17:22:16.487 TRACE [http-nio-8080-exec-6] [requestId=06d276ae-9602-40bd-9a20-f5880de0cbd8] org.hibernate.orm.jdbc.bind - binding parameter (2:TIMESTAMP) <- [2026-08-12T17:22:16.486167300]
2026-08-12 17:22:16.487 TRACE [http-nio-8080-exec-6] [requestId=06d276ae-9602-40bd-9a20-f5880de0cbd8] org.hibernate.orm.jdbc.bind - binding parameter (3:ENUM) <- [EFECTIVO]
2026-08-12 17:22:16.487 TRACE [http-nio-8080-exec-6] [requestId=06d276ae-9602-40bd-9a20-f5880de0cbd8] org.hibernate.orm.jdbc.bind - binding parameter (4:NUMERIC) <- [400.00]
2026-08-12 17:22:16.487 TRACE [http-nio-8080-exec-6] [requestId=06d276ae-9602-40bd-9a20-f5880de0cbd8] org.hibernate.orm.jdbc.bind - binding parameter (5:VARCHAR) <- [COM-38D41C17]
2026-08-12 17:22:16.487 TRACE [http-nio-8080-exec-6] [requestId=06d276ae-9602-40bd-9a20-f5880de0cbd8] org.hibernate.orm.jdbc.bind - binding parameter (6:VARCHAR) <- [adminbencol]
2026-08-12 17:22:16.508 DEBUG [http-nio-8080-exec-6] [requestId=06d276ae-9602-40bd-9a20-f5880de0cbd8] org.hibernate.SQL - 
    select
        c1_0.id,
        c1_0.abierta_por,
        c1_0.cerrada_por,
        c1_0.diferencia,
        c1_0.estado,
        c1_0.fecha_apertura,
        c1_0.fecha_cierre,
        c1_0.saldo_actual,
        c1_0.saldo_esperado,
        c1_0.saldo_inicial,
        c1_0.saldo_real,
        c1_0.total_egresos,
        c1_0.total_ingresos 
    from
        cajas c1_0 
    where
        c1_0.estado=? 
    order by
        c1_0.fecha_apertura desc 
    limit
        ? 
    for
        updateof c1_0
2026-08-12 17:22:16.508 TRACE [http-nio-8080-exec-6] [requestId=06d276ae-9602-40bd-9a20-f5880de0cbd8] org.hibernate.orm.jdbc.bind - binding parameter (1:ENUM) <- [ABIERTA]
2026-08-12 17:22:16.508 TRACE [http-nio-8080-exec-6] [requestId=06d276ae-9602-40bd-9a20-f5880de0cbd8] org.hibernate.orm.jdbc.bind - binding parameter (2:INTEGER) <- [1]
2026-08-12 17:22:16.511 DEBUG [http-nio-8080-exec-6] [requestId=06d276ae-9602-40bd-9a20-f5880de0cbd8] org.hibernate.SQL - 
    insert 
    into
        movimientos_caja
        (caja_id, concepto, fecha_movimiento, monto, referencia, registrado_por, tipo_movimiento) 
    values
        (?, ?, ?, ?, ?, ?, ?)
2026-08-12 17:22:16.511 TRACE [http-nio-8080-exec-6] [requestId=06d276ae-9602-40bd-9a20-f5880de0cbd8] org.hibernate.orm.jdbc.bind - binding parameter (1:BIGINT) <- [1]
2026-08-12 17:22:16.511 TRACE [http-nio-8080-exec-6] [requestId=06d276ae-9602-40bd-9a20-f5880de0cbd8] org.hibernate.orm.jdbc.bind - binding parameter (2:VARCHAR) <- [Pago a proveedor Distribuidora Agua Norte SAC]
2026-08-12 17:22:16.512 TRACE [http-nio-8080-exec-6] [requestId=06d276ae-9602-40bd-9a20-f5880de0cbd8] org.hibernate.orm.jdbc.bind - binding parameter (3:TIMESTAMP) <- [2026-08-12T17:22:16.511070500]
2026-08-12 17:22:16.512 TRACE [http-nio-8080-exec-6] [requestId=06d276ae-9602-40bd-9a20-f5880de0cbd8] org.hibernate.orm.jdbc.bind - binding parameter (4:NUMERIC) <- [400.00]
2026-08-12 17:22:16.512 TRACE [http-nio-8080-exec-6] [requestId=06d276ae-9602-40bd-9a20-f5880de0cbd8] org.hibernate.orm.jdbc.bind - binding parameter (5:VARCHAR) <- [COM-38D41C17]
2026-08-12 17:22:16.512 TRACE [http-nio-8080-exec-6] [requestId=06d276ae-9602-40bd-9a20-f5880de0cbd8] org.hibernate.orm.jdbc.bind - binding parameter (6:VARCHAR) <- [adminbencol]
2026-08-12 17:22:16.512 TRACE [http-nio-8080-exec-6] [requestId=06d276ae-9602-40bd-9a20-f5880de0cbd8] org.hibernate.orm.jdbc.bind - binding parameter (7:ENUM) <- [EGRESO]
2026-08-12 17:22:16.515 DEBUG [http-nio-8080-exec-6] [requestId=06d276ae-9602-40bd-9a20-f5880de0cbd8] org.hibernate.SQL - 
    select
        p1_0.cuenta_pagar_id,
        p1_0.id,
        p1_0.fecha_pago,
        p1_0.metodo_pago,
        p1_0.monto,
        p1_0.referencia,
        p1_0.registrado_por 
    from
        pagos_proveedores p1_0 
    where
        p1_0.cuenta_pagar_id=?
2026-08-12 17:22:16.515 TRACE [http-nio-8080-exec-6] [requestId=06d276ae-9602-40bd-9a20-f5880de0cbd8] org.hibernate.orm.jdbc.bind - binding parameter (1:BIGINT) <- [1]
2026-08-12 17:22:16.519 DEBUG [http-nio-8080-exec-6] [requestId=06d276ae-9602-40bd-9a20-f5880de0cbd8] org.hibernate.SQL - 
    update
        cuentas_pagar 
    set
        compra_id=?,
        estado=?,
        fecha_actualizacion=?,
        fecha_creacion=?,
        monto_pagado=?,
        monto_total=?,
        saldo_pendiente=? 
    where
        id=?
2026-08-12 17:22:16.519 TRACE [http-nio-8080-exec-6] [requestId=06d276ae-9602-40bd-9a20-f5880de0cbd8] org.hibernate.orm.jdbc.bind - binding parameter (1:BIGINT) <- [1]
2026-08-12 17:22:16.519 TRACE [http-nio-8080-exec-6] [requestId=06d276ae-9602-40bd-9a20-f5880de0cbd8] org.hibernate.orm.jdbc.bind - binding parameter (2:ENUM) <- [PARCIAL]
2026-08-12 17:22:16.519 TRACE [http-nio-8080-exec-6] [requestId=06d276ae-9602-40bd-9a20-f5880de0cbd8] org.hibernate.orm.jdbc.bind - binding parameter (3:TIMESTAMP) <- [2026-08-12T17:22:16.518584200]
2026-08-12 17:22:16.520 TRACE [http-nio-8080-exec-6] [requestId=06d276ae-9602-40bd-9a20-f5880de0cbd8] org.hibernate.orm.jdbc.bind - binding parameter (4:TIMESTAMP) <- [2026-08-12T17:15:41.832696]
2026-08-12 17:22:16.520 TRACE [http-nio-8080-exec-6] [requestId=06d276ae-9602-40bd-9a20-f5880de0cbd8] org.hibernate.orm.jdbc.bind - binding parameter (5:NUMERIC) <- [400.00]
2026-08-12 17:22:16.520 TRACE [http-nio-8080-exec-6] [requestId=06d276ae-9602-40bd-9a20-f5880de0cbd8] org.hibernate.orm.jdbc.bind - binding parameter (6:NUMERIC) <- [1200.00]
2026-08-12 17:22:16.520 TRACE [http-nio-8080-exec-6] [requestId=06d276ae-9602-40bd-9a20-f5880de0cbd8] org.hibernate.orm.jdbc.bind - binding parameter (7:NUMERIC) <- [800.00]
2026-08-12 17:22:16.520 TRACE [http-nio-8080-exec-6] [requestId=06d276ae-9602-40bd-9a20-f5880de0cbd8] org.hibernate.orm.jdbc.bind - binding parameter (8:BIGINT) <- [1]
2026-08-12 17:22:16.521 DEBUG [http-nio-8080-exec-6] [requestId=06d276ae-9602-40bd-9a20-f5880de0cbd8] org.hibernate.SQL - 
    update
        cajas 
    set
        abierta_por=?,
        cerrada_por=?,
        diferencia=?,
        estado=?,
        fecha_apertura=?,
        fecha_cierre=?,
        saldo_actual=?,
        saldo_esperado=?,
        saldo_inicial=?,
        saldo_real=?,
        total_egresos=?,
        total_ingresos=? 
    where
        id=?
2026-08-12 17:22:16.522 TRACE [http-nio-8080-exec-6] [requestId=06d276ae-9602-40bd-9a20-f5880de0cbd8] org.hibernate.orm.jdbc.bind - binding parameter (1:VARCHAR) <- [adminbencol]
2026-08-12 17:22:16.522 TRACE [http-nio-8080-exec-6] [requestId=06d276ae-9602-40bd-9a20-f5880de0cbd8] org.hibernate.orm.jdbc.bind - binding parameter (2:VARCHAR) <- [null]
2026-08-12 17:22:16.522 TRACE [http-nio-8080-exec-6] [requestId=06d276ae-9602-40bd-9a20-f5880de0cbd8] org.hibernate.orm.jdbc.bind - binding parameter (3:NUMERIC) <- [null]
2026-08-12 17:22:16.522 TRACE [http-nio-8080-exec-6] [requestId=06d276ae-9602-40bd-9a20-f5880de0cbd8] org.hibernate.orm.jdbc.bind - binding parameter (4:ENUM) <- [ABIERTA]
2026-08-12 17:22:16.522 TRACE [http-nio-8080-exec-6] [requestId=06d276ae-9602-40bd-9a20-f5880de0cbd8] org.hibernate.orm.jdbc.bind - binding parameter (5:TIMESTAMP) <- [2026-08-12T16:51:24.340194]
2026-08-12 17:22:16.522 TRACE [http-nio-8080-exec-6] [requestId=06d276ae-9602-40bd-9a20-f5880de0cbd8] org.hibernate.orm.jdbc.bind - binding parameter (6:TIMESTAMP) <- [null]
2026-08-12 17:22:16.522 TRACE [http-nio-8080-exec-6] [requestId=06d276ae-9602-40bd-9a20-f5880de0cbd8] org.hibernate.orm.jdbc.bind - binding parameter (7:NUMERIC) <- [280.00]
2026-08-12 17:22:16.522 TRACE [http-nio-8080-exec-6] [requestId=06d276ae-9602-40bd-9a20-f5880de0cbd8] org.hibernate.orm.jdbc.bind - binding parameter (8:NUMERIC) <- [null]
2026-08-12 17:22:16.522 TRACE [http-nio-8080-exec-6] [requestId=06d276ae-9602-40bd-9a20-f5880de0cbd8] org.hibernate.orm.jdbc.bind - binding parameter (9:NUMERIC) <- [500.00]
2026-08-12 17:22:16.522 TRACE [http-nio-8080-exec-6] [requestId=06d276ae-9602-40bd-9a20-f5880de0cbd8] org.hibernate.orm.jdbc.bind - binding parameter (10:NUMERIC) <- [null]
2026-08-12 17:22:16.522 TRACE [http-nio-8080-exec-6] [requestId=06d276ae-9602-40bd-9a20-f5880de0cbd8] org.hibernate.orm.jdbc.bind - binding parameter (11:NUMERIC) <- [400.00]
2026-08-12 17:22:16.522 TRACE [http-nio-8080-exec-6] [requestId=06d276ae-9602-40bd-9a20-f5880de0cbd8] org.hibernate.orm.jdbc.bind - binding parameter (12:NUMERIC) <- [180.00]
2026-08-12 17:22:16.522 TRACE [http-nio-8080-exec-6] [requestId=06d276ae-9602-40bd-9a20-f5880de0cbd8] org.hibernate.orm.jdbc.bind - binding parameter (13:BIGINT) <- [1]
2026-08-12 17:23:42.252 DEBUG [http-nio-8080-exec-9] [requestId=507af23b-eced-4f97-bbbc-c297f928f49d] org.hibernate.SQL - 
    select
        cp1_0.id,
        cp1_0.compra_id,
        c1_0.id,
        c1_0.actualizado_por,
        c1_0.codigo,
        c1_0.creado_por,
        c1_0.estado,
        c1_0.fecha_actualizacion,
        c1_0.fecha_creacion,
        c1_0.proveedor_id,
        p1_0.id,
        p1_0.contacto,
        p1_0.direccion,
        p1_0.email,
        p1_0.estado,
        p1_0.razon_social,
        p1_0.ruc,
        p1_0.telefono,
        c1_0.subtotal,
        c1_0.total,
        cp1_0.estado,
        cp1_0.fecha_actualizacion,
        cp1_0.fecha_creacion,
        cp1_0.monto_pagado,
        cp1_0.monto_total,
        cp1_0.saldo_pendiente 
    from
        cuentas_pagar cp1_0 
    join
        compras c1_0 
            on c1_0.id=cp1_0.compra_id 
    join
        proveedores p1_0 
            on p1_0.id=c1_0.proveedor_id 
    where
        cp1_0.id=?
2026-08-12 17:23:42.253 TRACE [http-nio-8080-exec-9] [requestId=507af23b-eced-4f97-bbbc-c297f928f49d] org.hibernate.orm.jdbc.bind - binding parameter (1:BIGINT) <- [1]
2026-08-12 17:23:42.258 WARN  [http-nio-8080-exec-9] [requestId=507af23b-eced-4f97-bbbc-c297f928f49d] c.r.b.u.e.GlobalExceptionHandler - Regla de negocio rechazada. path=/bencol.agua/finanzas/cuentas-pagar/pagos, mensaje=El monto del pago no puede superar el saldo pendiente.
2026-08-12 17:23:42.262 WARN  [http-nio-8080-exec-9] [requestId=507af23b-eced-4f97-bbbc-c297f928f49d] o.s.w.s.m.m.a.ExceptionHandlerExceptionResolver - Resolved [com.runicsoft.bencolapp.utils.exceptions.BusinessException: El monto del pago no puede superar el saldo pendiente.]
2026-08-12 17:24:42.998 DEBUG [http-nio-8080-exec-1] [requestId=5de7ba81-f031-4cf5-9255-fed711fe8945] org.hibernate.SQL - 
    select
        cp1_0.id,
        cp1_0.compra_id,
        c1_0.id,
        c1_0.actualizado_por,
        c1_0.codigo,
        c1_0.creado_por,
        c1_0.estado,
        c1_0.fecha_actualizacion,
        c1_0.fecha_creacion,
        c1_0.proveedor_id,
        p1_0.id,
        p1_0.contacto,
        p1_0.direccion,
        p1_0.email,
        p1_0.estado,
        p1_0.razon_social,
        p1_0.ruc,
        p1_0.telefono,
        c1_0.subtotal,
        c1_0.total,
        cp1_0.estado,
        cp1_0.fecha_actualizacion,
        cp1_0.fecha_creacion,
        cp1_0.monto_pagado,
        cp1_0.monto_total,
        cp1_0.saldo_pendiente 
    from
        cuentas_pagar cp1_0 
    join
        compras c1_0 
            on c1_0.id=cp1_0.compra_id 
    join
        proveedores p1_0 
            on p1_0.id=c1_0.proveedor_id 
    where
        cp1_0.id=?
2026-08-12 17:24:42.999 TRACE [http-nio-8080-exec-1] [requestId=5de7ba81-f031-4cf5-9255-fed711fe8945] org.hibernate.orm.jdbc.bind - binding parameter (1:BIGINT) <- [1]
2026-08-12 17:24:43.001 DEBUG [http-nio-8080-exec-1] [requestId=5de7ba81-f031-4cf5-9255-fed711fe8945] org.hibernate.SQL - 
    insert 
    into
        pagos_proveedores
        (cuenta_pagar_id, fecha_pago, metodo_pago, monto, referencia, registrado_por) 
    values
        (?, ?, ?, ?, ?, ?)
2026-08-12 17:24:43.002 TRACE [http-nio-8080-exec-1] [requestId=5de7ba81-f031-4cf5-9255-fed711fe8945] org.hibernate.orm.jdbc.bind - binding parameter (1:BIGINT) <- [1]
2026-08-12 17:24:43.002 TRACE [http-nio-8080-exec-1] [requestId=5de7ba81-f031-4cf5-9255-fed711fe8945] org.hibernate.orm.jdbc.bind - binding parameter (2:TIMESTAMP) <- [2026-08-12T17:24:43.001058300]
2026-08-12 17:24:43.002 TRACE [http-nio-8080-exec-1] [requestId=5de7ba81-f031-4cf5-9255-fed711fe8945] org.hibernate.orm.jdbc.bind - binding parameter (3:ENUM) <- [EFECTIVO]
2026-08-12 17:24:43.002 TRACE [http-nio-8080-exec-1] [requestId=5de7ba81-f031-4cf5-9255-fed711fe8945] org.hibernate.orm.jdbc.bind - binding parameter (4:NUMERIC) <- [800.00]
2026-08-12 17:24:43.002 TRACE [http-nio-8080-exec-1] [requestId=5de7ba81-f031-4cf5-9255-fed711fe8945] org.hibernate.orm.jdbc.bind - binding parameter (5:VARCHAR) <- [COM-38D41C17]
2026-08-12 17:24:43.002 TRACE [http-nio-8080-exec-1] [requestId=5de7ba81-f031-4cf5-9255-fed711fe8945] org.hibernate.orm.jdbc.bind - binding parameter (6:VARCHAR) <- [adminbencol]
2026-08-12 17:24:43.005 DEBUG [http-nio-8080-exec-1] [requestId=5de7ba81-f031-4cf5-9255-fed711fe8945] org.hibernate.SQL - 
    select
        c1_0.id,
        c1_0.abierta_por,
        c1_0.cerrada_por,
        c1_0.diferencia,
        c1_0.estado,
        c1_0.fecha_apertura,
        c1_0.fecha_cierre,
        c1_0.saldo_actual,
        c1_0.saldo_esperado,
        c1_0.saldo_inicial,
        c1_0.saldo_real,
        c1_0.total_egresos,
        c1_0.total_ingresos 
    from
        cajas c1_0 
    where
        c1_0.estado=? 
    order by
        c1_0.fecha_apertura desc 
    limit
        ? 
    for
        updateof c1_0
2026-08-12 17:24:43.006 TRACE [http-nio-8080-exec-1] [requestId=5de7ba81-f031-4cf5-9255-fed711fe8945] org.hibernate.orm.jdbc.bind - binding parameter (1:ENUM) <- [ABIERTA]
2026-08-12 17:24:43.006 TRACE [http-nio-8080-exec-1] [requestId=5de7ba81-f031-4cf5-9255-fed711fe8945] org.hibernate.orm.jdbc.bind - binding parameter (2:INTEGER) <- [1]
2026-08-12 17:24:43.011 INFO  [http-nio-8080-exec-1] [requestId=5de7ba81-f031-4cf5-9255-fed711fe8945] org.hibernate.orm.collection - HHH90030005: Detaching an uninitialized collection with queued operations from a session: [com.runicsoft.bencolapp.finanzas.models.CuentaPagar.pagos with owner id '1']
2026-08-12 17:24:43.012 WARN  [http-nio-8080-exec-1] [requestId=5de7ba81-f031-4cf5-9255-fed711fe8945] c.r.b.u.e.GlobalExceptionHandler - Regla de negocio rechazada. path=/bencol.agua/finanzas/cuentas-pagar/pagos, mensaje=No existe saldo suficiente en caja para realizar el egreso.
2026-08-12 17:24:43.013 WARN  [http-nio-8080-exec-1] [requestId=5de7ba81-f031-4cf5-9255-fed711fe8945] o.s.w.s.m.m.a.ExceptionHandlerExceptionResolver - Resolved [com.runicsoft.bencolapp.utils.exceptions.BusinessException: No existe saldo suficiente en caja para realizar el egreso.]
2026-08-12 17:28:04.562 DEBUG [http-nio-8080-exec-4] [requestId=7860d296-c016-4d68-b4aa-4227494f78c7] org.hibernate.SQL - 
    insert 
    into
        egresos
        (categoria, concepto, fecha_egreso, monto, referencia, registrado_por) 
    values
        (?, ?, ?, ?, ?, ?)
2026-08-12 17:28:04.563 TRACE [http-nio-8080-exec-4] [requestId=7860d296-c016-4d68-b4aa-4227494f78c7] org.hibernate.orm.jdbc.bind - binding parameter (1:ENUM) <- [COMBUSTIBLE]
2026-08-12 17:28:04.563 TRACE [http-nio-8080-exec-4] [requestId=7860d296-c016-4d68-b4aa-4227494f78c7] org.hibernate.orm.jdbc.bind - binding parameter (2:VARCHAR) <- [Combustible para reparto]
2026-08-12 17:28:04.563 TRACE [http-nio-8080-exec-4] [requestId=7860d296-c016-4d68-b4aa-4227494f78c7] org.hibernate.orm.jdbc.bind - binding parameter (3:TIMESTAMP) <- [2026-08-12T17:28:04.562100]
2026-08-12 17:28:04.563 TRACE [http-nio-8080-exec-4] [requestId=7860d296-c016-4d68-b4aa-4227494f78c7] org.hibernate.orm.jdbc.bind - binding parameter (4:NUMERIC) <- [50.00]
2026-08-12 17:28:04.563 TRACE [http-nio-8080-exec-4] [requestId=7860d296-c016-4d68-b4aa-4227494f78c7] org.hibernate.orm.jdbc.bind - binding parameter (5:VARCHAR) <- [PRUEBA-INTEGRAL]
2026-08-12 17:28:04.563 TRACE [http-nio-8080-exec-4] [requestId=7860d296-c016-4d68-b4aa-4227494f78c7] org.hibernate.orm.jdbc.bind - binding parameter (6:VARCHAR) <- [adminbencol]
2026-08-12 17:28:04.566 DEBUG [http-nio-8080-exec-4] [requestId=7860d296-c016-4d68-b4aa-4227494f78c7] org.hibernate.SQL - 
    select
        c1_0.id,
        c1_0.abierta_por,
        c1_0.cerrada_por,
        c1_0.diferencia,
        c1_0.estado,
        c1_0.fecha_apertura,
        c1_0.fecha_cierre,
        c1_0.saldo_actual,
        c1_0.saldo_esperado,
        c1_0.saldo_inicial,
        c1_0.saldo_real,
        c1_0.total_egresos,
        c1_0.total_ingresos 
    from
        cajas c1_0 
    where
        c1_0.estado=? 
    order by
        c1_0.fecha_apertura desc 
    limit
        ? 
    for
        updateof c1_0
2026-08-12 17:28:04.566 TRACE [http-nio-8080-exec-4] [requestId=7860d296-c016-4d68-b4aa-4227494f78c7] org.hibernate.orm.jdbc.bind - binding parameter (1:ENUM) <- [ABIERTA]
2026-08-12 17:28:04.566 TRACE [http-nio-8080-exec-4] [requestId=7860d296-c016-4d68-b4aa-4227494f78c7] org.hibernate.orm.jdbc.bind - binding parameter (2:INTEGER) <- [1]
2026-08-12 17:28:04.568 DEBUG [http-nio-8080-exec-4] [requestId=7860d296-c016-4d68-b4aa-4227494f78c7] org.hibernate.SQL - 
    insert 
    into
        movimientos_caja
        (caja_id, concepto, fecha_movimiento, monto, referencia, registrado_por, tipo_movimiento) 
    values
        (?, ?, ?, ?, ?, ?, ?)
2026-08-12 17:28:04.568 TRACE [http-nio-8080-exec-4] [requestId=7860d296-c016-4d68-b4aa-4227494f78c7] org.hibernate.orm.jdbc.bind - binding parameter (1:BIGINT) <- [1]
2026-08-12 17:28:04.569 TRACE [http-nio-8080-exec-4] [requestId=7860d296-c016-4d68-b4aa-4227494f78c7] org.hibernate.orm.jdbc.bind - binding parameter (2:VARCHAR) <- [Combustible para reparto]
2026-08-12 17:28:04.569 TRACE [http-nio-8080-exec-4] [requestId=7860d296-c016-4d68-b4aa-4227494f78c7] org.hibernate.orm.jdbc.bind - binding parameter (3:TIMESTAMP) <- [2026-08-12T17:28:04.568107500]
2026-08-12 17:28:04.569 TRACE [http-nio-8080-exec-4] [requestId=7860d296-c016-4d68-b4aa-4227494f78c7] org.hibernate.orm.jdbc.bind - binding parameter (4:NUMERIC) <- [50.00]
2026-08-12 17:28:04.569 TRACE [http-nio-8080-exec-4] [requestId=7860d296-c016-4d68-b4aa-4227494f78c7] org.hibernate.orm.jdbc.bind - binding parameter (5:VARCHAR) <- [PRUEBA-INTEGRAL]
2026-08-12 17:28:04.569 TRACE [http-nio-8080-exec-4] [requestId=7860d296-c016-4d68-b4aa-4227494f78c7] org.hibernate.orm.jdbc.bind - binding parameter (6:VARCHAR) <- [adminbencol]
2026-08-12 17:28:04.569 TRACE [http-nio-8080-exec-4] [requestId=7860d296-c016-4d68-b4aa-4227494f78c7] org.hibernate.orm.jdbc.bind - binding parameter (7:ENUM) <- [EGRESO]
2026-08-12 17:28:04.571 DEBUG [http-nio-8080-exec-4] [requestId=7860d296-c016-4d68-b4aa-4227494f78c7] org.hibernate.SQL - 
    update
        cajas 
    set
        abierta_por=?,
        cerrada_por=?,
        diferencia=?,
        estado=?,
        fecha_apertura=?,
        fecha_cierre=?,
        saldo_actual=?,
        saldo_esperado=?,
        saldo_inicial=?,
        saldo_real=?,
        total_egresos=?,
        total_ingresos=? 
    where
        id=?
2026-08-12 17:28:04.572 TRACE [http-nio-8080-exec-4] [requestId=7860d296-c016-4d68-b4aa-4227494f78c7] org.hibernate.orm.jdbc.bind - binding parameter (1:VARCHAR) <- [adminbencol]
2026-08-12 17:28:04.572 TRACE [http-nio-8080-exec-4] [requestId=7860d296-c016-4d68-b4aa-4227494f78c7] org.hibernate.orm.jdbc.bind - binding parameter (2:VARCHAR) <- [null]
2026-08-12 17:28:04.572 TRACE [http-nio-8080-exec-4] [requestId=7860d296-c016-4d68-b4aa-4227494f78c7] org.hibernate.orm.jdbc.bind - binding parameter (3:NUMERIC) <- [null]
2026-08-12 17:28:04.572 TRACE [http-nio-8080-exec-4] [requestId=7860d296-c016-4d68-b4aa-4227494f78c7] org.hibernate.orm.jdbc.bind - binding parameter (4:ENUM) <- [ABIERTA]
2026-08-12 17:28:04.572 TRACE [http-nio-8080-exec-4] [requestId=7860d296-c016-4d68-b4aa-4227494f78c7] org.hibernate.orm.jdbc.bind - binding parameter (5:TIMESTAMP) <- [2026-08-12T16:51:24.340194]
2026-08-12 17:28:04.572 TRACE [http-nio-8080-exec-4] [requestId=7860d296-c016-4d68-b4aa-4227494f78c7] org.hibernate.orm.jdbc.bind - binding parameter (6:TIMESTAMP) <- [null]
2026-08-12 17:28:04.572 TRACE [http-nio-8080-exec-4] [requestId=7860d296-c016-4d68-b4aa-4227494f78c7] org.hibernate.orm.jdbc.bind - binding parameter (7:NUMERIC) <- [230.00]
2026-08-12 17:28:04.572 TRACE [http-nio-8080-exec-4] [requestId=7860d296-c016-4d68-b4aa-4227494f78c7] org.hibernate.orm.jdbc.bind - binding parameter (8:NUMERIC) <- [null]
2026-08-12 17:28:04.572 TRACE [http-nio-8080-exec-4] [requestId=7860d296-c016-4d68-b4aa-4227494f78c7] org.hibernate.orm.jdbc.bind - binding parameter (9:NUMERIC) <- [500.00]
2026-08-12 17:28:04.572 TRACE [http-nio-8080-exec-4] [requestId=7860d296-c016-4d68-b4aa-4227494f78c7] org.hibernate.orm.jdbc.bind - binding parameter (10:NUMERIC) <- [null]
2026-08-12 17:28:04.572 TRACE [http-nio-8080-exec-4] [requestId=7860d296-c016-4d68-b4aa-4227494f78c7] org.hibernate.orm.jdbc.bind - binding parameter (11:NUMERIC) <- [450.00]
2026-08-12 17:28:04.572 TRACE [http-nio-8080-exec-4] [requestId=7860d296-c016-4d68-b4aa-4227494f78c7] org.hibernate.orm.jdbc.bind - binding parameter (12:NUMERIC) <- [180.00]
2026-08-12 17:28:04.572 TRACE [http-nio-8080-exec-4] [requestId=7860d296-c016-4d68-b4aa-4227494f78c7] org.hibernate.orm.jdbc.bind - binding parameter (13:BIGINT) <- [1]
2026-08-12 17:32:41.196 DEBUG [http-nio-8080-exec-6] [requestId=8bf16995-11f0-465f-8a36-09a424ad87b8] org.hibernate.SQL - 
    select
        c1_0.id,
        c1_0.abierta_por,
        c1_0.cerrada_por,
        c1_0.diferencia,
        c1_0.estado,
        c1_0.fecha_apertura,
        c1_0.fecha_cierre,
        c1_0.saldo_actual,
        c1_0.saldo_esperado,
        c1_0.saldo_inicial,
        c1_0.saldo_real,
        c1_0.total_egresos,
        c1_0.total_ingresos 
    from
        cajas c1_0 
    where
        c1_0.id=? 
    for
        updateof c1_0
2026-08-12 17:32:41.196 TRACE [http-nio-8080-exec-6] [requestId=8bf16995-11f0-465f-8a36-09a424ad87b8] org.hibernate.orm.jdbc.bind - binding parameter (1:BIGINT) <- [1]
2026-08-12 17:32:41.199 INFO  [http-nio-8080-exec-6] [requestId=8bf16995-11f0-465f-8a36-09a424ad87b8] c.r.b.caja.service.CajaServiceImpl - Caja cerrada. id=1, saldoEsperado=230.00, saldoReal=230.00, diferencia=0.00, usuario=adminbencol
2026-08-12 17:32:41.199 DEBUG [http-nio-8080-exec-6] [requestId=8bf16995-11f0-465f-8a36-09a424ad87b8] org.hibernate.SQL - 
    select
        m1_0.caja_id,
        m1_0.id,
        m1_0.concepto,
        m1_0.fecha_movimiento,
        m1_0.monto,
        m1_0.referencia,
        m1_0.registrado_por,
        m1_0.tipo_movimiento 
    from
        movimientos_caja m1_0 
    where
        m1_0.caja_id=?
2026-08-12 17:32:41.200 TRACE [http-nio-8080-exec-6] [requestId=8bf16995-11f0-465f-8a36-09a424ad87b8] org.hibernate.orm.jdbc.bind - binding parameter (1:BIGINT) <- [1]
2026-08-12 17:32:41.205 DEBUG [http-nio-8080-exec-6] [requestId=8bf16995-11f0-465f-8a36-09a424ad87b8] org.hibernate.SQL - 
    update
        cajas 
    set
        abierta_por=?,
        cerrada_por=?,
        diferencia=?,
        estado=?,
        fecha_apertura=?,
        fecha_cierre=?,
        saldo_actual=?,
        saldo_esperado=?,
        saldo_inicial=?,
        saldo_real=?,
        total_egresos=?,
        total_ingresos=? 
    where
        id=?
2026-08-12 17:32:41.205 TRACE [http-nio-8080-exec-6] [requestId=8bf16995-11f0-465f-8a36-09a424ad87b8] org.hibernate.orm.jdbc.bind - binding parameter (1:VARCHAR) <- [adminbencol]
2026-08-12 17:32:41.205 TRACE [http-nio-8080-exec-6] [requestId=8bf16995-11f0-465f-8a36-09a424ad87b8] org.hibernate.orm.jdbc.bind - binding parameter (2:VARCHAR) <- [adminbencol]
2026-08-12 17:32:41.205 TRACE [http-nio-8080-exec-6] [requestId=8bf16995-11f0-465f-8a36-09a424ad87b8] org.hibernate.orm.jdbc.bind - binding parameter (3:NUMERIC) <- [0.00]
2026-08-12 17:32:41.205 TRACE [http-nio-8080-exec-6] [requestId=8bf16995-11f0-465f-8a36-09a424ad87b8] org.hibernate.orm.jdbc.bind - binding parameter (4:ENUM) <- [CERRADA]
2026-08-12 17:32:41.205 TRACE [http-nio-8080-exec-6] [requestId=8bf16995-11f0-465f-8a36-09a424ad87b8] org.hibernate.orm.jdbc.bind - binding parameter (5:TIMESTAMP) <- [2026-08-12T16:51:24.340194]
2026-08-12 17:32:41.205 TRACE [http-nio-8080-exec-6] [requestId=8bf16995-11f0-465f-8a36-09a424ad87b8] org.hibernate.orm.jdbc.bind - binding parameter (6:TIMESTAMP) <- [2026-08-12T17:32:41.199040100]
2026-08-12 17:32:41.205 TRACE [http-nio-8080-exec-6] [requestId=8bf16995-11f0-465f-8a36-09a424ad87b8] org.hibernate.orm.jdbc.bind - binding parameter (7:NUMERIC) <- [230.00]
2026-08-12 17:32:41.205 TRACE [http-nio-8080-exec-6] [requestId=8bf16995-11f0-465f-8a36-09a424ad87b8] org.hibernate.orm.jdbc.bind - binding parameter (8:NUMERIC) <- [230.00]
2026-08-12 17:32:41.205 TRACE [http-nio-8080-exec-6] [requestId=8bf16995-11f0-465f-8a36-09a424ad87b8] org.hibernate.orm.jdbc.bind - binding parameter (9:NUMERIC) <- [500.00]
2026-08-12 17:32:41.205 TRACE [http-nio-8080-exec-6] [requestId=8bf16995-11f0-465f-8a36-09a424ad87b8] org.hibernate.orm.jdbc.bind - binding parameter (10:NUMERIC) <- [230.00]
2026-08-12 17:32:41.205 TRACE [http-nio-8080-exec-6] [requestId=8bf16995-11f0-465f-8a36-09a424ad87b8] org.hibernate.orm.jdbc.bind - binding parameter (11:NUMERIC) <- [450.00]
2026-08-12 17:32:41.205 TRACE [http-nio-8080-exec-6] [requestId=8bf16995-11f0-465f-8a36-09a424ad87b8] org.hibernate.orm.jdbc.bind - binding parameter (12:NUMERIC) <- [180.00]
2026-08-12 17:32:41.206 TRACE [http-nio-8080-exec-6] [requestId=8bf16995-11f0-465f-8a36-09a424ad87b8] org.hibernate.orm.jdbc.bind - binding parameter (13:BIGINT) <- [1]
2026-08-12 17:33:32.055 DEBUG [http-nio-8080-exec-7] [requestId=9ef8d761-4898-45cd-bf79-f0873f407541] org.hibernate.SQL - 
    select
        c1_0.id,
        c1_0.abierta_por,
        c1_0.cerrada_por,
        c1_0.diferencia,
        c1_0.estado,
        c1_0.fecha_apertura,
        c1_0.fecha_cierre,
        c1_0.saldo_actual,
        c1_0.saldo_esperado,
        c1_0.saldo_inicial,
        c1_0.saldo_real,
        c1_0.total_egresos,
        c1_0.total_ingresos 
    from
        cajas c1_0 
    where
        (
            ? is null 
            or c1_0.estado=?
        ) 
        and (
            ? is null 
            or c1_0.fecha_apertura>=?
        ) 
        and (
            ? is null 
            or c1_0.fecha_apertura<?
        ) 
    order by
        c1_0.fecha_apertura desc 
    limit
        ?
2026-08-12 17:33:32.056 TRACE [http-nio-8080-exec-7] [requestId=9ef8d761-4898-45cd-bf79-f0873f407541] org.hibernate.orm.jdbc.bind - binding parameter (1:ENUM) <- [null]
2026-08-12 17:33:32.056 TRACE [http-nio-8080-exec-7] [requestId=9ef8d761-4898-45cd-bf79-f0873f407541] org.hibernate.orm.jdbc.bind - binding parameter (2:ENUM) <- [null]
2026-08-12 17:33:32.056 TRACE [http-nio-8080-exec-7] [requestId=9ef8d761-4898-45cd-bf79-f0873f407541] org.hibernate.orm.jdbc.bind - binding parameter (3:TIMESTAMP) <- [null]
2026-08-12 17:33:32.056 TRACE [http-nio-8080-exec-7] [requestId=9ef8d761-4898-45cd-bf79-f0873f407541] org.hibernate.orm.jdbc.bind - binding parameter (4:TIMESTAMP) <- [null]
2026-08-12 17:33:32.056 TRACE [http-nio-8080-exec-7] [requestId=9ef8d761-4898-45cd-bf79-f0873f407541] org.hibernate.orm.jdbc.bind - binding parameter (5:TIMESTAMP) <- [null]
2026-08-12 17:33:32.056 TRACE [http-nio-8080-exec-7] [requestId=9ef8d761-4898-45cd-bf79-f0873f407541] org.hibernate.orm.jdbc.bind - binding parameter (6:TIMESTAMP) <- [null]
2026-08-12 17:33:32.056 TRACE [http-nio-8080-exec-7] [requestId=9ef8d761-4898-45cd-bf79-f0873f407541] org.hibernate.orm.jdbc.bind - binding parameter (7:INTEGER) <- [20]
2026-08-12 17:33:32.061 DEBUG [http-nio-8080-exec-7] [requestId=9ef8d761-4898-45cd-bf79-f0873f407541] org.hibernate.SQL - 
    select
        m1_0.caja_id,
        m1_0.id,
        m1_0.concepto,
        m1_0.fecha_movimiento,
        m1_0.monto,
        m1_0.referencia,
        m1_0.registrado_por,
        m1_0.tipo_movimiento 
    from
        movimientos_caja m1_0 
    where
        m1_0.caja_id=?
2026-08-12 17:33:32.061 TRACE [http-nio-8080-exec-7] [requestId=9ef8d761-4898-45cd-bf79-f0873f407541] org.hibernate.orm.jdbc.bind - binding parameter (1:BIGINT) <- [1]
2026-08-12 17:35:25.706 DEBUG [http-nio-8080-exec-10] [requestId=367a4d2b-b46e-4e93-8420-5105aaa99563] org.hibernate.SQL - 
    select
        c1_0.id,
        c1_0.abierta_por,
        c1_0.cerrada_por,
        c1_0.diferencia,
        c1_0.estado,
        c1_0.fecha_apertura,
        c1_0.fecha_cierre,
        c1_0.saldo_actual,
        c1_0.saldo_esperado,
        c1_0.saldo_inicial,
        c1_0.saldo_real,
        c1_0.total_egresos,
        c1_0.total_ingresos 
    from
        cajas c1_0 
    where
        c1_0.id=? 
    for
        updateof c1_0
2026-08-12 17:35:25.706 TRACE [http-nio-8080-exec-10] [requestId=367a4d2b-b46e-4e93-8420-5105aaa99563] org.hibernate.orm.jdbc.bind - binding parameter (1:BIGINT) <- [1]
2026-08-12 17:35:25.708 WARN  [http-nio-8080-exec-10] [requestId=367a4d2b-b46e-4e93-8420-5105aaa99563] c.r.b.u.e.GlobalExceptionHandler - Regla de negocio rechazada. path=/bencol.agua/caja/movimientos, mensaje=La caja se encuentra cerrada.
2026-08-12 17:35:25.709 WARN  [http-nio-8080-exec-10] [requestId=367a4d2b-b46e-4e93-8420-5105aaa99563] o.s.w.s.m.m.a.ExceptionHandlerExceptionResolver - Resolved [com.runicsoft.bencolapp.utils.exceptions.BusinessException: La caja se encuentra cerrada.]
2026-08-12 17:42:34.103 DEBUG [http-nio-8080-exec-3] [requestId=76be66d2-31dd-42e5-b9a1-77a093aece11] org.hibernate.SQL - 
    select
        coalesce(sum(v1_0.total), 0) 
    from
        ventas v1_0 
    where
        v1_0.fecha_creacion>=? 
        and v1_0.fecha_creacion<? 
        and v1_0.estado<>?
2026-08-12 17:42:34.104 TRACE [http-nio-8080-exec-3] [requestId=76be66d2-31dd-42e5-b9a1-77a093aece11] org.hibernate.orm.jdbc.bind - binding parameter (1:TIMESTAMP) <- [2026-08-12T00:00]
2026-08-12 17:42:34.104 TRACE [http-nio-8080-exec-3] [requestId=76be66d2-31dd-42e5-b9a1-77a093aece11] org.hibernate.orm.jdbc.bind - binding parameter (2:TIMESTAMP) <- [2026-08-13T00:00]
2026-08-12 17:42:34.104 TRACE [http-nio-8080-exec-3] [requestId=76be66d2-31dd-42e5-b9a1-77a093aece11] org.hibernate.orm.jdbc.bind - binding parameter (3:ENUM) <- [ANULADA]
2026-08-12 17:42:34.108 DEBUG [http-nio-8080-exec-3] [requestId=76be66d2-31dd-42e5-b9a1-77a093aece11] org.hibernate.SQL - 
    select
        count(v1_0.id) 
    from
        ventas v1_0 
    where
        v1_0.fecha_creacion>=? 
        and v1_0.fecha_creacion<? 
        and v1_0.estado<>?
2026-08-12 17:42:34.108 TRACE [http-nio-8080-exec-3] [requestId=76be66d2-31dd-42e5-b9a1-77a093aece11] org.hibernate.orm.jdbc.bind - binding parameter (1:TIMESTAMP) <- [2026-08-12T00:00]
2026-08-12 17:42:34.108 TRACE [http-nio-8080-exec-3] [requestId=76be66d2-31dd-42e5-b9a1-77a093aece11] org.hibernate.orm.jdbc.bind - binding parameter (2:TIMESTAMP) <- [2026-08-13T00:00]
2026-08-12 17:42:34.108 TRACE [http-nio-8080-exec-3] [requestId=76be66d2-31dd-42e5-b9a1-77a093aece11] org.hibernate.orm.jdbc.bind - binding parameter (3:ENUM) <- [ANULADA]
2026-08-12 17:42:34.111 DEBUG [http-nio-8080-exec-3] [requestId=76be66d2-31dd-42e5-b9a1-77a093aece11] org.hibernate.SQL - 
    select
        coalesce(sum(p1_0.monto), 0) 
    from
        pagos p1_0 
    where
        p1_0.fecha_pago>=? 
        and p1_0.fecha_pago<?
2026-08-12 17:42:34.111 TRACE [http-nio-8080-exec-3] [requestId=76be66d2-31dd-42e5-b9a1-77a093aece11] org.hibernate.orm.jdbc.bind - binding parameter (1:TIMESTAMP) <- [2026-08-12T00:00]
2026-08-12 17:42:34.111 TRACE [http-nio-8080-exec-3] [requestId=76be66d2-31dd-42e5-b9a1-77a093aece11] org.hibernate.orm.jdbc.bind - binding parameter (2:TIMESTAMP) <- [2026-08-13T00:00]
2026-08-12 17:42:34.114 DEBUG [http-nio-8080-exec-3] [requestId=76be66d2-31dd-42e5-b9a1-77a093aece11] org.hibernate.SQL - 
    select
        coalesce(sum(pp1_0.monto), 0) 
    from
        pagos_proveedores pp1_0 
    where
        pp1_0.fecha_pago>=? 
        and pp1_0.fecha_pago<?
2026-08-12 17:42:34.115 TRACE [http-nio-8080-exec-3] [requestId=76be66d2-31dd-42e5-b9a1-77a093aece11] org.hibernate.orm.jdbc.bind - binding parameter (1:TIMESTAMP) <- [2026-08-12T00:00]
2026-08-12 17:42:34.115 TRACE [http-nio-8080-exec-3] [requestId=76be66d2-31dd-42e5-b9a1-77a093aece11] org.hibernate.orm.jdbc.bind - binding parameter (2:TIMESTAMP) <- [2026-08-13T00:00]
2026-08-12 17:42:34.118 DEBUG [http-nio-8080-exec-3] [requestId=76be66d2-31dd-42e5-b9a1-77a093aece11] org.hibernate.SQL - 
    select
        coalesce(sum(cc1_0.saldo_pendiente), 0) 
    from
        cuentas_cobrar cc1_0 
    where
        cc1_0.estado in (?, ?)
2026-08-12 17:42:34.118 TRACE [http-nio-8080-exec-3] [requestId=76be66d2-31dd-42e5-b9a1-77a093aece11] org.hibernate.orm.jdbc.bind - binding parameter (1:ENUM) <- [PENDIENTE]
2026-08-12 17:42:34.118 TRACE [http-nio-8080-exec-3] [requestId=76be66d2-31dd-42e5-b9a1-77a093aece11] org.hibernate.orm.jdbc.bind - binding parameter (2:ENUM) <- [PARCIAL]
2026-08-12 17:42:34.121 DEBUG [http-nio-8080-exec-3] [requestId=76be66d2-31dd-42e5-b9a1-77a093aece11] org.hibernate.SQL - 
    select
        coalesce(sum(cp1_0.saldo_pendiente), 0) 
    from
        cuentas_pagar cp1_0 
    where
        cp1_0.estado in (?, ?)
2026-08-12 17:42:34.121 TRACE [http-nio-8080-exec-3] [requestId=76be66d2-31dd-42e5-b9a1-77a093aece11] org.hibernate.orm.jdbc.bind - binding parameter (1:ENUM) <- [PENDIENTE]
2026-08-12 17:42:34.121 TRACE [http-nio-8080-exec-3] [requestId=76be66d2-31dd-42e5-b9a1-77a093aece11] org.hibernate.orm.jdbc.bind - binding parameter (2:ENUM) <- [PARCIAL]
2026-08-12 17:42:34.125 DEBUG [http-nio-8080-exec-3] [requestId=76be66d2-31dd-42e5-b9a1-77a093aece11] org.hibernate.SQL - 
    select
        c1_0.id,
        c1_0.abierta_por,
        c1_0.cerrada_por,
        c1_0.diferencia,
        c1_0.estado,
        c1_0.fecha_apertura,
        c1_0.fecha_cierre,
        c1_0.saldo_actual,
        c1_0.saldo_esperado,
        c1_0.saldo_inicial,
        c1_0.saldo_real,
        c1_0.total_egresos,
        c1_0.total_ingresos 
    from
        cajas c1_0 
    where
        c1_0.estado=? 
    order by
        c1_0.fecha_apertura desc 
    limit
        ?
2026-08-12 17:42:34.126 TRACE [http-nio-8080-exec-3] [requestId=76be66d2-31dd-42e5-b9a1-77a093aece11] org.hibernate.orm.jdbc.bind - binding parameter (1:ENUM) <- [ABIERTA]
2026-08-12 17:42:34.126 TRACE [http-nio-8080-exec-3] [requestId=76be66d2-31dd-42e5-b9a1-77a093aece11] org.hibernate.orm.jdbc.bind - binding parameter (2:INTEGER) <- [1]
2026-08-12 17:42:34.129 DEBUG [http-nio-8080-exec-3] [requestId=76be66d2-31dd-42e5-b9a1-77a093aece11] org.hibernate.SQL - 
    select
        mc1_0.id,
        mc1_0.caja_id,
        mc1_0.concepto,
        mc1_0.fecha_movimiento,
        mc1_0.monto,
        mc1_0.referencia,
        mc1_0.registrado_por,
        mc1_0.tipo_movimiento 
    from
        movimientos_caja mc1_0 
    where
        mc1_0.fecha_movimiento>=? 
        and mc1_0.fecha_movimiento<?
2026-08-12 17:42:34.130 TRACE [http-nio-8080-exec-3] [requestId=76be66d2-31dd-42e5-b9a1-77a093aece11] org.hibernate.orm.jdbc.bind - binding parameter (1:TIMESTAMP) <- [2026-08-12T00:00]
2026-08-12 17:42:34.130 TRACE [http-nio-8080-exec-3] [requestId=76be66d2-31dd-42e5-b9a1-77a093aece11] org.hibernate.orm.jdbc.bind - binding parameter (2:TIMESTAMP) <- [2026-08-13T00:00]
2026-08-12 17:42:34.131 DEBUG [http-nio-8080-exec-3] [requestId=76be66d2-31dd-42e5-b9a1-77a093aece11] org.hibernate.SQL - 
    select
        c1_0.id,
        c1_0.abierta_por,
        c1_0.cerrada_por,
        c1_0.diferencia,
        c1_0.estado,
        c1_0.fecha_apertura,
        c1_0.fecha_cierre,
        c1_0.saldo_actual,
        c1_0.saldo_esperado,
        c1_0.saldo_inicial,
        c1_0.saldo_real,
        c1_0.total_egresos,
        c1_0.total_ingresos 
    from
        cajas c1_0 
    where
        c1_0.id=?
2026-08-12 17:42:34.131 TRACE [http-nio-8080-exec-3] [requestId=76be66d2-31dd-42e5-b9a1-77a093aece11] org.hibernate.orm.jdbc.bind - binding parameter (1:BIGINT) <- [1]
2026-08-12 17:42:34.135 DEBUG [http-nio-8080-exec-3] [requestId=76be66d2-31dd-42e5-b9a1-77a093aece11] org.hibernate.SQL - 
    select
        coalesce(sum(c1_0.total), 0) 
    from
        compras c1_0 
    where
        c1_0.fecha_creacion>=? 
        and c1_0.fecha_creacion<? 
        and c1_0.estado<>?
2026-08-12 17:42:34.135 TRACE [http-nio-8080-exec-3] [requestId=76be66d2-31dd-42e5-b9a1-77a093aece11] org.hibernate.orm.jdbc.bind - binding parameter (1:TIMESTAMP) <- [2026-08-12T00:00]
2026-08-12 17:42:34.136 TRACE [http-nio-8080-exec-3] [requestId=76be66d2-31dd-42e5-b9a1-77a093aece11] org.hibernate.orm.jdbc.bind - binding parameter (2:TIMESTAMP) <- [2026-08-13T00:00]
2026-08-12 17:42:34.136 TRACE [http-nio-8080-exec-3] [requestId=76be66d2-31dd-42e5-b9a1-77a093aece11] org.hibernate.orm.jdbc.bind - binding parameter (3:ENUM) <- [ANULADA]
2026-08-12 17:42:34.139 DEBUG [http-nio-8080-exec-3] [requestId=76be66d2-31dd-42e5-b9a1-77a093aece11] org.hibernate.SQL - 
    select
        count(c1_0.id) 
    from
        compras c1_0 
    where
        c1_0.fecha_creacion>=? 
        and c1_0.fecha_creacion<? 
        and c1_0.estado<>?
2026-08-12 17:42:34.139 TRACE [http-nio-8080-exec-3] [requestId=76be66d2-31dd-42e5-b9a1-77a093aece11] org.hibernate.orm.jdbc.bind - binding parameter (1:TIMESTAMP) <- [2026-08-12T00:00]
2026-08-12 17:42:34.139 TRACE [http-nio-8080-exec-3] [requestId=76be66d2-31dd-42e5-b9a1-77a093aece11] org.hibernate.orm.jdbc.bind - binding parameter (2:TIMESTAMP) <- [2026-08-13T00:00]
2026-08-12 17:42:34.139 TRACE [http-nio-8080-exec-3] [requestId=76be66d2-31dd-42e5-b9a1-77a093aece11] org.hibernate.orm.jdbc.bind - binding parameter (3:ENUM) <- [ANULADA]
2026-08-12 17:42:34.142 DEBUG [http-nio-8080-exec-3] [requestId=76be66d2-31dd-42e5-b9a1-77a093aece11] org.hibernate.SQL - 
    select
        count(i1_0.id) 
    from
        inventarios i1_0
2026-08-12 17:42:34.143 DEBUG [http-nio-8080-exec-3] [requestId=76be66d2-31dd-42e5-b9a1-77a093aece11] org.hibernate.SQL - 
    select
        count(i1_0.id) 
    from
        inventarios i1_0 
    where
        i1_0.stock_actual<=i1_0.stock_minimo
2026-08-12 17:43:43.108 DEBUG [http-nio-8080-exec-5] [requestId=1e1e230d-2884-4502-bf4b-cb69c69fc462] org.hibernate.SQL - 
    select
        v1_0.id,
        v1_0.actualizado_por,
        v1_0.cliente_id,
        v1_0.codigo,
        v1_0.creado_por,
        v1_0.estado,
        v1_0.fecha_actualizacion,
        v1_0.fecha_creacion,
        v1_0.subtotal,
        v1_0.total 
    from
        ventas v1_0 
    where
        v1_0.fecha_creacion>=? 
        and v1_0.fecha_creacion<?
2026-08-12 17:43:43.108 TRACE [http-nio-8080-exec-5] [requestId=1e1e230d-2884-4502-bf4b-cb69c69fc462] org.hibernate.orm.jdbc.bind - binding parameter (1:TIMESTAMP) <- [2026-08-12T00:00]
2026-08-12 17:43:43.108 TRACE [http-nio-8080-exec-5] [requestId=1e1e230d-2884-4502-bf4b-cb69c69fc462] org.hibernate.orm.jdbc.bind - binding parameter (2:TIMESTAMP) <- [2026-08-13T00:00]
2026-08-12 17:43:43.109 DEBUG [http-nio-8080-exec-5] [requestId=1e1e230d-2884-4502-bf4b-cb69c69fc462] org.hibernate.SQL - 
    select
        c1_0.id,
        c1_0.categoria,
        c1_0.direccion,
        c1_0.email,
        c1_0.estado,
        c1_0.nombre,
        c1_0.telefono 
    from
        clients c1_0 
    where
        c1_0.id=?
2026-08-12 17:43:43.110 TRACE [http-nio-8080-exec-5] [requestId=1e1e230d-2884-4502-bf4b-cb69c69fc462] org.hibernate.orm.jdbc.bind - binding parameter (1:BIGINT) <- [1]
2026-08-12 17:43:43.112 DEBUG [http-nio-8080-exec-5] [requestId=1e1e230d-2884-4502-bf4b-cb69c69fc462] org.hibernate.SQL - 
    select
        c1_0.id,
        c1_0.categoria,
        c1_0.direccion,
        c1_0.email,
        c1_0.estado,
        c1_0.nombre,
        c1_0.telefono 
    from
        clients c1_0 
    where
        c1_0.id=?
2026-08-12 17:43:43.112 TRACE [http-nio-8080-exec-5] [requestId=1e1e230d-2884-4502-bf4b-cb69c69fc462] org.hibernate.orm.jdbc.bind - binding parameter (1:BIGINT) <- [2]
2026-08-12 17:44:22.456 DEBUG [http-nio-8080-exec-6] [requestId=bdb8157b-478c-4f71-942e-0a27a93f3e22] org.hibernate.SQL - 
    select
        dv1_0.producto_id,
        p1_0.codigo,
        p1_0.descripcion,
        sum(dv1_0.cantidad),
        sum((dv1_0.cantidad*p1_0.unidades_por_paquete)),
        sum(dv1_0.subtotal) 
    from
        detalles_ventas dv1_0 
    join
        productos p1_0 
            on p1_0.id=dv1_0.producto_id 
    join
        ventas v1_0 
            on v1_0.id=dv1_0.venta_id 
    where
        v1_0.fecha_creacion>=? 
        and v1_0.fecha_creacion<? 
        and v1_0.estado<>? 
    group by
        dv1_0.producto_id,
        p1_0.codigo,
        p1_0.descripcion 
    order by
        sum(dv1_0.cantidad) desc
2026-08-12 17:44:22.457 TRACE [http-nio-8080-exec-6] [requestId=bdb8157b-478c-4f71-942e-0a27a93f3e22] org.hibernate.orm.jdbc.bind - binding parameter (1:TIMESTAMP) <- [2026-08-12T00:00]
2026-08-12 17:44:22.457 TRACE [http-nio-8080-exec-6] [requestId=bdb8157b-478c-4f71-942e-0a27a93f3e22] org.hibernate.orm.jdbc.bind - binding parameter (2:TIMESTAMP) <- [2026-08-13T00:00]
2026-08-12 17:44:22.457 TRACE [http-nio-8080-exec-6] [requestId=bdb8157b-478c-4f71-942e-0a27a93f3e22] org.hibernate.orm.jdbc.bind - binding parameter (3:ENUM) <- [ANULADA]
2026-08-12 17:44:50.317 DEBUG [http-nio-8080-exec-7] [requestId=47ab057f-9d35-4502-aba5-e769f404b1c4] org.hibernate.SQL - 
    select
        year(p1_0.fecha_pago),
        month(p1_0.fecha_pago),
        coalesce(sum(p1_0.monto), 0) 
    from
        pagos p1_0 
    where
        p1_0.fecha_pago>=? 
        and p1_0.fecha_pago<? 
    group by
        year(p1_0.fecha_pago),
        month(p1_0.fecha_pago) 
    order by
        year(p1_0.fecha_pago),
        month(p1_0.fecha_pago)
2026-08-12 17:44:50.318 TRACE [http-nio-8080-exec-7] [requestId=47ab057f-9d35-4502-aba5-e769f404b1c4] org.hibernate.orm.jdbc.bind - binding parameter (1:TIMESTAMP) <- [2026-08-01T00:00]
2026-08-12 17:44:50.318 TRACE [http-nio-8080-exec-7] [requestId=47ab057f-9d35-4502-aba5-e769f404b1c4] org.hibernate.orm.jdbc.bind - binding parameter (2:TIMESTAMP) <- [2026-09-01T00:00]
2026-08-12 17:45:16.570 DEBUG [http-nio-8080-exec-8] [requestId=2d38dc87-95c1-4097-b5a0-a59f90dc8621] org.hibernate.SQL - 
    select
        year(mc1_0.fecha_movimiento),
        month(mc1_0.fecha_movimiento),
        coalesce(sum(mc1_0.monto), 0) 
    from
        movimientos_caja mc1_0 
    where
        mc1_0.fecha_movimiento>=? 
        and mc1_0.fecha_movimiento<? 
        and mc1_0.tipo_movimiento=? 
    group by
        year(mc1_0.fecha_movimiento),
        month(mc1_0.fecha_movimiento) 
    order by
        year(mc1_0.fecha_movimiento),
        month(mc1_0.fecha_movimiento)
2026-08-12 17:45:16.570 TRACE [http-nio-8080-exec-8] [requestId=2d38dc87-95c1-4097-b5a0-a59f90dc8621] org.hibernate.orm.jdbc.bind - binding parameter (1:TIMESTAMP) <- [2026-08-01T00:00]
2026-08-12 17:45:16.570 TRACE [http-nio-8080-exec-8] [requestId=2d38dc87-95c1-4097-b5a0-a59f90dc8621] org.hibernate.orm.jdbc.bind - binding parameter (2:TIMESTAMP) <- [2026-09-01T00:00]
2026-08-12 17:45:16.570 TRACE [http-nio-8080-exec-8] [requestId=2d38dc87-95c1-4097-b5a0-a59f90dc8621] org.hibernate.orm.jdbc.bind - binding parameter (3:ENUM) <- [EGRESO]
2026-08-12 17:45:46.128 DEBUG [http-nio-8080-exec-9] [requestId=1822ddfc-a04a-446d-bcc8-755500a573c3] org.hibernate.SQL - 
    select
        year(mc1_0.fecha_movimiento),
        month(mc1_0.fecha_movimiento),
        coalesce(sum(mc1_0.monto), 0) 
    from
        movimientos_caja mc1_0 
    where
        mc1_0.fecha_movimiento>=? 
        and mc1_0.fecha_movimiento<? 
        and mc1_0.tipo_movimiento=? 
    group by
        year(mc1_0.fecha_movimiento),
        month(mc1_0.fecha_movimiento) 
    order by
        year(mc1_0.fecha_movimiento),
        month(mc1_0.fecha_movimiento)
2026-08-12 17:45:46.128 TRACE [http-nio-8080-exec-9] [requestId=1822ddfc-a04a-446d-bcc8-755500a573c3] org.hibernate.orm.jdbc.bind - binding parameter (1:TIMESTAMP) <- [2026-08-01T00:00]
2026-08-12 17:45:46.128 TRACE [http-nio-8080-exec-9] [requestId=1822ddfc-a04a-446d-bcc8-755500a573c3] org.hibernate.orm.jdbc.bind - binding parameter (2:TIMESTAMP) <- [2026-09-01T00:00]
2026-08-12 17:45:46.128 TRACE [http-nio-8080-exec-9] [requestId=1822ddfc-a04a-446d-bcc8-755500a573c3] org.hibernate.orm.jdbc.bind - binding parameter (3:ENUM) <- [INGRESO]
2026-08-12 17:45:46.130 DEBUG [http-nio-8080-exec-9] [requestId=1822ddfc-a04a-446d-bcc8-755500a573c3] org.hibernate.SQL - 
    select
        year(mc1_0.fecha_movimiento),
        month(mc1_0.fecha_movimiento),
        coalesce(sum(mc1_0.monto), 0) 
    from
        movimientos_caja mc1_0 
    where
        mc1_0.fecha_movimiento>=? 
        and mc1_0.fecha_movimiento<? 
        and mc1_0.tipo_movimiento=? 
    group by
        year(mc1_0.fecha_movimiento),
        month(mc1_0.fecha_movimiento) 
    order by
        year(mc1_0.fecha_movimiento),
        month(mc1_0.fecha_movimiento)
2026-08-12 17:45:46.130 TRACE [http-nio-8080-exec-9] [requestId=1822ddfc-a04a-446d-bcc8-755500a573c3] org.hibernate.orm.jdbc.bind - binding parameter (1:TIMESTAMP) <- [2026-08-01T00:00]
2026-08-12 17:45:46.130 TRACE [http-nio-8080-exec-9] [requestId=1822ddfc-a04a-446d-bcc8-755500a573c3] org.hibernate.orm.jdbc.bind - binding parameter (2:TIMESTAMP) <- [2026-09-01T00:00]
2026-08-12 17:45:46.130 TRACE [http-nio-8080-exec-9] [requestId=1822ddfc-a04a-446d-bcc8-755500a573c3] org.hibernate.orm.jdbc.bind - binding parameter (3:ENUM) <- [EGRESO]
2026-08-12 17:48:23.723 DEBUG [http-nio-8080-exec-3] [requestId=136a9cad-ddd4-467f-9b6f-4cbacba8c100] org.hibernate.SQL - 
    select
        coalesce(sum(v1_0.total), 0) 
    from
        ventas v1_0 
    where
        v1_0.fecha_creacion>=? 
        and v1_0.fecha_creacion<? 
        and v1_0.estado<>?
2026-08-12 17:48:23.723 TRACE [http-nio-8080-exec-3] [requestId=136a9cad-ddd4-467f-9b6f-4cbacba8c100] org.hibernate.orm.jdbc.bind - binding parameter (1:TIMESTAMP) <- [2026-08-12T00:00]
2026-08-12 17:48:23.724 TRACE [http-nio-8080-exec-3] [requestId=136a9cad-ddd4-467f-9b6f-4cbacba8c100] org.hibernate.orm.jdbc.bind - binding parameter (2:TIMESTAMP) <- [2026-08-13T00:00]
2026-08-12 17:48:23.724 TRACE [http-nio-8080-exec-3] [requestId=136a9cad-ddd4-467f-9b6f-4cbacba8c100] org.hibernate.orm.jdbc.bind - binding parameter (3:ENUM) <- [ANULADA]
2026-08-12 17:48:23.725 DEBUG [http-nio-8080-exec-3] [requestId=136a9cad-ddd4-467f-9b6f-4cbacba8c100] org.hibernate.SQL - 
    select
        count(v1_0.id) 
    from
        ventas v1_0 
    where
        v1_0.fecha_creacion>=? 
        and v1_0.fecha_creacion<? 
        and v1_0.estado<>?
2026-08-12 17:48:23.725 TRACE [http-nio-8080-exec-3] [requestId=136a9cad-ddd4-467f-9b6f-4cbacba8c100] org.hibernate.orm.jdbc.bind - binding parameter (1:TIMESTAMP) <- [2026-08-12T00:00]
2026-08-12 17:48:23.725 TRACE [http-nio-8080-exec-3] [requestId=136a9cad-ddd4-467f-9b6f-4cbacba8c100] org.hibernate.orm.jdbc.bind - binding parameter (2:TIMESTAMP) <- [2026-08-13T00:00]
2026-08-12 17:48:23.725 TRACE [http-nio-8080-exec-3] [requestId=136a9cad-ddd4-467f-9b6f-4cbacba8c100] org.hibernate.orm.jdbc.bind - binding parameter (3:ENUM) <- [ANULADA]
2026-08-12 17:48:23.726 DEBUG [http-nio-8080-exec-3] [requestId=136a9cad-ddd4-467f-9b6f-4cbacba8c100] org.hibernate.SQL - 
    select
        coalesce(sum(p1_0.monto), 0) 
    from
        pagos p1_0 
    where
        p1_0.fecha_pago>=? 
        and p1_0.fecha_pago<?
2026-08-12 17:48:23.727 TRACE [http-nio-8080-exec-3] [requestId=136a9cad-ddd4-467f-9b6f-4cbacba8c100] org.hibernate.orm.jdbc.bind - binding parameter (1:TIMESTAMP) <- [2026-08-12T00:00]
2026-08-12 17:48:23.727 TRACE [http-nio-8080-exec-3] [requestId=136a9cad-ddd4-467f-9b6f-4cbacba8c100] org.hibernate.orm.jdbc.bind - binding parameter (2:TIMESTAMP) <- [2026-08-13T00:00]
2026-08-12 17:48:23.729 DEBUG [http-nio-8080-exec-3] [requestId=136a9cad-ddd4-467f-9b6f-4cbacba8c100] org.hibernate.SQL - 
    select
        coalesce(sum(pp1_0.monto), 0) 
    from
        pagos_proveedores pp1_0 
    where
        pp1_0.fecha_pago>=? 
        and pp1_0.fecha_pago<?
2026-08-12 17:48:23.729 TRACE [http-nio-8080-exec-3] [requestId=136a9cad-ddd4-467f-9b6f-4cbacba8c100] org.hibernate.orm.jdbc.bind - binding parameter (1:TIMESTAMP) <- [2026-08-12T00:00]
2026-08-12 17:48:23.729 TRACE [http-nio-8080-exec-3] [requestId=136a9cad-ddd4-467f-9b6f-4cbacba8c100] org.hibernate.orm.jdbc.bind - binding parameter (2:TIMESTAMP) <- [2026-08-13T00:00]
2026-08-12 17:48:23.731 DEBUG [http-nio-8080-exec-3] [requestId=136a9cad-ddd4-467f-9b6f-4cbacba8c100] org.hibernate.SQL - 
    select
        coalesce(sum(cc1_0.saldo_pendiente), 0) 
    from
        cuentas_cobrar cc1_0 
    where
        cc1_0.estado in (?, ?)
2026-08-12 17:48:23.731 TRACE [http-nio-8080-exec-3] [requestId=136a9cad-ddd4-467f-9b6f-4cbacba8c100] org.hibernate.orm.jdbc.bind - binding parameter (1:ENUM) <- [PENDIENTE]
2026-08-12 17:48:23.731 TRACE [http-nio-8080-exec-3] [requestId=136a9cad-ddd4-467f-9b6f-4cbacba8c100] org.hibernate.orm.jdbc.bind - binding parameter (2:ENUM) <- [PARCIAL]
2026-08-12 17:48:23.733 DEBUG [http-nio-8080-exec-3] [requestId=136a9cad-ddd4-467f-9b6f-4cbacba8c100] org.hibernate.SQL - 
    select
        coalesce(sum(cp1_0.saldo_pendiente), 0) 
    from
        cuentas_pagar cp1_0 
    where
        cp1_0.estado in (?, ?)
2026-08-12 17:48:23.733 TRACE [http-nio-8080-exec-3] [requestId=136a9cad-ddd4-467f-9b6f-4cbacba8c100] org.hibernate.orm.jdbc.bind - binding parameter (1:ENUM) <- [PENDIENTE]
2026-08-12 17:48:23.733 TRACE [http-nio-8080-exec-3] [requestId=136a9cad-ddd4-467f-9b6f-4cbacba8c100] org.hibernate.orm.jdbc.bind - binding parameter (2:ENUM) <- [PARCIAL]
2026-08-12 17:48:23.734 DEBUG [http-nio-8080-exec-3] [requestId=136a9cad-ddd4-467f-9b6f-4cbacba8c100] org.hibernate.SQL - 
    select
        c1_0.id,
        c1_0.abierta_por,
        c1_0.cerrada_por,
        c1_0.diferencia,
        c1_0.estado,
        c1_0.fecha_apertura,
        c1_0.fecha_cierre,
        c1_0.saldo_actual,
        c1_0.saldo_esperado,
        c1_0.saldo_inicial,
        c1_0.saldo_real,
        c1_0.total_egresos,
        c1_0.total_ingresos 
    from
        cajas c1_0 
    where
        c1_0.estado=? 
    order by
        c1_0.fecha_apertura desc 
    limit
        ?
2026-08-12 17:48:23.735 TRACE [http-nio-8080-exec-3] [requestId=136a9cad-ddd4-467f-9b6f-4cbacba8c100] org.hibernate.orm.jdbc.bind - binding parameter (1:ENUM) <- [ABIERTA]
2026-08-12 17:48:23.735 TRACE [http-nio-8080-exec-3] [requestId=136a9cad-ddd4-467f-9b6f-4cbacba8c100] org.hibernate.orm.jdbc.bind - binding parameter (2:INTEGER) <- [1]
2026-08-12 17:48:23.736 DEBUG [http-nio-8080-exec-3] [requestId=136a9cad-ddd4-467f-9b6f-4cbacba8c100] org.hibernate.SQL - 
    select
        mc1_0.id,
        mc1_0.caja_id,
        mc1_0.concepto,
        mc1_0.fecha_movimiento,
        mc1_0.monto,
        mc1_0.referencia,
        mc1_0.registrado_por,
        mc1_0.tipo_movimiento 
    from
        movimientos_caja mc1_0 
    where
        mc1_0.fecha_movimiento>=? 
        and mc1_0.fecha_movimiento<?
2026-08-12 17:48:23.736 TRACE [http-nio-8080-exec-3] [requestId=136a9cad-ddd4-467f-9b6f-4cbacba8c100] org.hibernate.orm.jdbc.bind - binding parameter (1:TIMESTAMP) <- [2026-08-12T00:00]
2026-08-12 17:48:23.736 TRACE [http-nio-8080-exec-3] [requestId=136a9cad-ddd4-467f-9b6f-4cbacba8c100] org.hibernate.orm.jdbc.bind - binding parameter (2:TIMESTAMP) <- [2026-08-13T00:00]
2026-08-12 17:48:23.737 DEBUG [http-nio-8080-exec-3] [requestId=136a9cad-ddd4-467f-9b6f-4cbacba8c100] org.hibernate.SQL - 
    select
        c1_0.id,
        c1_0.abierta_por,
        c1_0.cerrada_por,
        c1_0.diferencia,
        c1_0.estado,
        c1_0.fecha_apertura,
        c1_0.fecha_cierre,
        c1_0.saldo_actual,
        c1_0.saldo_esperado,
        c1_0.saldo_inicial,
        c1_0.saldo_real,
        c1_0.total_egresos,
        c1_0.total_ingresos 
    from
        cajas c1_0 
    where
        c1_0.id=?
2026-08-12 17:48:23.737 TRACE [http-nio-8080-exec-3] [requestId=136a9cad-ddd4-467f-9b6f-4cbacba8c100] org.hibernate.orm.jdbc.bind - binding parameter (1:BIGINT) <- [1]
2026-08-12 17:48:23.739 DEBUG [http-nio-8080-exec-3] [requestId=136a9cad-ddd4-467f-9b6f-4cbacba8c100] org.hibernate.SQL - 
    select
        coalesce(sum(c1_0.total), 0) 
    from
        compras c1_0 
    where
        c1_0.fecha_creacion>=? 
        and c1_0.fecha_creacion<? 
        and c1_0.estado<>?
2026-08-12 17:48:23.740 TRACE [http-nio-8080-exec-3] [requestId=136a9cad-ddd4-467f-9b6f-4cbacba8c100] org.hibernate.orm.jdbc.bind - binding parameter (1:TIMESTAMP) <- [2026-08-12T00:00]
2026-08-12 17:48:23.740 TRACE [http-nio-8080-exec-3] [requestId=136a9cad-ddd4-467f-9b6f-4cbacba8c100] org.hibernate.orm.jdbc.bind - binding parameter (2:TIMESTAMP) <- [2026-08-13T00:00]
2026-08-12 17:48:23.740 TRACE [http-nio-8080-exec-3] [requestId=136a9cad-ddd4-467f-9b6f-4cbacba8c100] org.hibernate.orm.jdbc.bind - binding parameter (3:ENUM) <- [ANULADA]
2026-08-12 17:48:23.742 DEBUG [http-nio-8080-exec-3] [requestId=136a9cad-ddd4-467f-9b6f-4cbacba8c100] org.hibernate.SQL - 
    select
        count(c1_0.id) 
    from
        compras c1_0 
    where
        c1_0.fecha_creacion>=? 
        and c1_0.fecha_creacion<? 
        and c1_0.estado<>?
2026-08-12 17:48:23.742 TRACE [http-nio-8080-exec-3] [requestId=136a9cad-ddd4-467f-9b6f-4cbacba8c100] org.hibernate.orm.jdbc.bind - binding parameter (1:TIMESTAMP) <- [2026-08-12T00:00]
2026-08-12 17:48:23.742 TRACE [http-nio-8080-exec-3] [requestId=136a9cad-ddd4-467f-9b6f-4cbacba8c100] org.hibernate.orm.jdbc.bind - binding parameter (2:TIMESTAMP) <- [2026-08-13T00:00]
2026-08-12 17:48:23.742 TRACE [http-nio-8080-exec-3] [requestId=136a9cad-ddd4-467f-9b6f-4cbacba8c100] org.hibernate.orm.jdbc.bind - binding parameter (3:ENUM) <- [ANULADA]
2026-08-12 17:48:23.744 DEBUG [http-nio-8080-exec-3] [requestId=136a9cad-ddd4-467f-9b6f-4cbacba8c100] org.hibernate.SQL - 
    select
        count(i1_0.id) 
    from
        inventarios i1_0
2026-08-12 17:48:23.745 DEBUG [http-nio-8080-exec-3] [requestId=136a9cad-ddd4-467f-9b6f-4cbacba8c100] org.hibernate.SQL - 
    select
        count(i1_0.id) 
    from
        inventarios i1_0 
    where
        i1_0.stock_actual<=i1_0.stock_minimo
2026-08-12 17:50:05.863 DEBUG [http-nio-8080-exec-5] [requestId=992d0675-5c7f-4d3a-94ba-32d3af15b4f1] org.hibernate.SQL - 
    select
        cc1_0.id,
        cc1_0.estado,
        cc1_0.fecha_actualizacion,
        cc1_0.fecha_creacion,
        cc1_0.monto_pagado,
        cc1_0.monto_total,
        cc1_0.saldo_pendiente,
        cc1_0.venta_id 
    from
        cuentas_cobrar cc1_0
2026-08-12 17:50:05.864 DEBUG [http-nio-8080-exec-5] [requestId=992d0675-5c7f-4d3a-94ba-32d3af15b4f1] org.hibernate.SQL - 
    select
        v1_0.id,
        v1_0.actualizado_por,
        v1_0.cliente_id,
        c1_0.id,
        c1_0.categoria,
        c1_0.direccion,
        c1_0.email,
        c1_0.estado,
        c1_0.nombre,
        c1_0.telefono,
        v1_0.codigo,
        v1_0.creado_por,
        v1_0.estado,
        v1_0.fecha_actualizacion,
        v1_0.fecha_creacion,
        v1_0.subtotal,
        v1_0.total 
    from
        ventas v1_0 
    join
        clients c1_0 
            on c1_0.id=v1_0.cliente_id 
    where
        v1_0.id=?
2026-08-12 17:50:05.865 TRACE [http-nio-8080-exec-5] [requestId=992d0675-5c7f-4d3a-94ba-32d3af15b4f1] org.hibernate.orm.jdbc.bind - binding parameter (1:BIGINT) <- [1]
2026-08-12 17:50:05.867 DEBUG [http-nio-8080-exec-5] [requestId=992d0675-5c7f-4d3a-94ba-32d3af15b4f1] org.hibernate.SQL - 
    select
        v1_0.id,
        v1_0.actualizado_por,
        v1_0.cliente_id,
        c1_0.id,
        c1_0.categoria,
        c1_0.direccion,
        c1_0.email,
        c1_0.estado,
        c1_0.nombre,
        c1_0.telefono,
        v1_0.codigo,
        v1_0.creado_por,
        v1_0.estado,
        v1_0.fecha_actualizacion,
        v1_0.fecha_creacion,
        v1_0.subtotal,
        v1_0.total 
    from
        ventas v1_0 
    join
        clients c1_0 
            on c1_0.id=v1_0.cliente_id 
    where
        v1_0.id=?
2026-08-12 17:50:05.867 TRACE [http-nio-8080-exec-5] [requestId=992d0675-5c7f-4d3a-94ba-32d3af15b4f1] org.hibernate.orm.jdbc.bind - binding parameter (1:BIGINT) <- [2]
2026-08-12 17:50:05.868 DEBUG [http-nio-8080-exec-5] [requestId=992d0675-5c7f-4d3a-94ba-32d3af15b4f1] org.hibernate.SQL - 
    select
        v1_0.id,
        v1_0.actualizado_por,
        v1_0.cliente_id,
        c1_0.id,
        c1_0.categoria,
        c1_0.direccion,
        c1_0.email,
        c1_0.estado,
        c1_0.nombre,
        c1_0.telefono,
        v1_0.codigo,
        v1_0.creado_por,
        v1_0.estado,
        v1_0.fecha_actualizacion,
        v1_0.fecha_creacion,
        v1_0.subtotal,
        v1_0.total 
    from
        ventas v1_0 
    join
        clients c1_0 
            on c1_0.id=v1_0.cliente_id 
    where
        v1_0.id=?
2026-08-12 17:50:05.868 TRACE [http-nio-8080-exec-5] [requestId=992d0675-5c7f-4d3a-94ba-32d3af15b4f1] org.hibernate.orm.jdbc.bind - binding parameter (1:BIGINT) <- [5]
2026-08-12 17:50:05.869 DEBUG [http-nio-8080-exec-5] [requestId=992d0675-5c7f-4d3a-94ba-32d3af15b4f1] org.hibernate.SQL - 
    select
        v1_0.id,
        v1_0.actualizado_por,
        v1_0.cliente_id,
        c1_0.id,
        c1_0.categoria,
        c1_0.direccion,
        c1_0.email,
        c1_0.estado,
        c1_0.nombre,
        c1_0.telefono,
        v1_0.codigo,
        v1_0.creado_por,
        v1_0.estado,
        v1_0.fecha_actualizacion,
        v1_0.fecha_creacion,
        v1_0.subtotal,
        v1_0.total 
    from
        ventas v1_0 
    join
        clients c1_0 
            on c1_0.id=v1_0.cliente_id 
    where
        v1_0.id=?
2026-08-12 17:50:05.869 TRACE [http-nio-8080-exec-5] [requestId=992d0675-5c7f-4d3a-94ba-32d3af15b4f1] org.hibernate.orm.jdbc.bind - binding parameter (1:BIGINT) <- [7]
2026-08-12 17:50:05.870 DEBUG [http-nio-8080-exec-5] [requestId=992d0675-5c7f-4d3a-94ba-32d3af15b4f1] org.hibernate.SQL - 
    select
        v1_0.id,
        v1_0.actualizado_por,
        v1_0.cliente_id,
        c1_0.id,
        c1_0.categoria,
        c1_0.direccion,
        c1_0.email,
        c1_0.estado,
        c1_0.nombre,
        c1_0.telefono,
        v1_0.codigo,
        v1_0.creado_por,
        v1_0.estado,
        v1_0.fecha_actualizacion,
        v1_0.fecha_creacion,
        v1_0.subtotal,
        v1_0.total 
    from
        ventas v1_0 
    join
        clients c1_0 
            on c1_0.id=v1_0.cliente_id 
    where
        v1_0.id=?
2026-08-12 17:50:05.870 TRACE [http-nio-8080-exec-5] [requestId=992d0675-5c7f-4d3a-94ba-32d3af15b4f1] org.hibernate.orm.jdbc.bind - binding parameter (1:BIGINT) <- [10]
2026-08-12 17:50:05.871 DEBUG [http-nio-8080-exec-5] [requestId=992d0675-5c7f-4d3a-94ba-32d3af15b4f1] org.hibernate.SQL - 
    select
        v1_0.id,
        v1_0.actualizado_por,
        v1_0.cliente_id,
        c1_0.id,
        c1_0.categoria,
        c1_0.direccion,
        c1_0.email,
        c1_0.estado,
        c1_0.nombre,
        c1_0.telefono,
        v1_0.codigo,
        v1_0.creado_por,
        v1_0.estado,
        v1_0.fecha_actualizacion,
        v1_0.fecha_creacion,
        v1_0.subtotal,
        v1_0.total 
    from
        ventas v1_0 
    join
        clients c1_0 
            on c1_0.id=v1_0.cliente_id 
    where
        v1_0.id=?
2026-08-12 17:50:05.871 TRACE [http-nio-8080-exec-5] [requestId=992d0675-5c7f-4d3a-94ba-32d3af15b4f1] org.hibernate.orm.jdbc.bind - binding parameter (1:BIGINT) <- [11]
2026-08-12 17:50:05.872 DEBUG [http-nio-8080-exec-5] [requestId=992d0675-5c7f-4d3a-94ba-32d3af15b4f1] org.hibernate.SQL - 
    select
        v1_0.id,
        v1_0.actualizado_por,
        v1_0.cliente_id,
        c1_0.id,
        c1_0.categoria,
        c1_0.direccion,
        c1_0.email,
        c1_0.estado,
        c1_0.nombre,
        c1_0.telefono,
        v1_0.codigo,
        v1_0.creado_por,
        v1_0.estado,
        v1_0.fecha_actualizacion,
        v1_0.fecha_creacion,
        v1_0.subtotal,
        v1_0.total 
    from
        ventas v1_0 
    join
        clients c1_0 
            on c1_0.id=v1_0.cliente_id 
    where
        v1_0.id=?
2026-08-12 17:50:05.872 TRACE [http-nio-8080-exec-5] [requestId=992d0675-5c7f-4d3a-94ba-32d3af15b4f1] org.hibernate.orm.jdbc.bind - binding parameter (1:BIGINT) <- [12]
2026-08-12 17:50:05.874 DEBUG [http-nio-8080-exec-5] [requestId=992d0675-5c7f-4d3a-94ba-32d3af15b4f1] org.hibernate.SQL - 
    select
        v1_0.id,
        v1_0.actualizado_por,
        v1_0.cliente_id,
        c1_0.id,
        c1_0.categoria,
        c1_0.direccion,
        c1_0.email,
        c1_0.estado,
        c1_0.nombre,
        c1_0.telefono,
        v1_0.codigo,
        v1_0.creado_por,
        v1_0.estado,
        v1_0.fecha_actualizacion,
        v1_0.fecha_creacion,
        v1_0.subtotal,
        v1_0.total 
    from
        ventas v1_0 
    join
        clients c1_0 
            on c1_0.id=v1_0.cliente_id 
    where
        v1_0.id=?
2026-08-12 17:50:05.874 TRACE [http-nio-8080-exec-5] [requestId=992d0675-5c7f-4d3a-94ba-32d3af15b4f1] org.hibernate.orm.jdbc.bind - binding parameter (1:BIGINT) <- [13]
2026-08-12 17:50:05.875 DEBUG [http-nio-8080-exec-5] [requestId=992d0675-5c7f-4d3a-94ba-32d3af15b4f1] org.hibernate.SQL - 
    select
        v1_0.id,
        v1_0.actualizado_por,
        v1_0.cliente_id,
        c1_0.id,
        c1_0.categoria,
        c1_0.direccion,
        c1_0.email,
        c1_0.estado,
        c1_0.nombre,
        c1_0.telefono,
        v1_0.codigo,
        v1_0.creado_por,
        v1_0.estado,
        v1_0.fecha_actualizacion,
        v1_0.fecha_creacion,
        v1_0.subtotal,
        v1_0.total 
    from
        ventas v1_0 
    join
        clients c1_0 
            on c1_0.id=v1_0.cliente_id 
    where
        v1_0.id=?
2026-08-12 17:50:05.875 TRACE [http-nio-8080-exec-5] [requestId=992d0675-5c7f-4d3a-94ba-32d3af15b4f1] org.hibernate.orm.jdbc.bind - binding parameter (1:BIGINT) <- [14]
2026-08-12 17:50:28.520 DEBUG [http-nio-8080-exec-6] [requestId=a62efaf2-239e-4b0a-84a2-216794ba64df] org.hibernate.SQL - 
    select
        i1_0.id,
        i1_0.fecha_actualizacion,
        i1_0.fecha_creacion,
        i1_0.producto_id,
        i1_0.stock_actual,
        i1_0.stock_maximo,
        i1_0.stock_minimo 
    from
        inventarios i1_0
2026-08-12 17:50:28.521 DEBUG [http-nio-8080-exec-6] [requestId=a62efaf2-239e-4b0a-84a2-216794ba64df] org.hibernate.SQL - 
    select
        p1_0.id,
        p1_0.categoria,
        p1_0.codigo,
        p1_0.contenido,
        p1_0.descripcion,
        p1_0.estado,
        p1_0.precio_base,
        p1_0.unidad_medida,
        p1_0.unidades_por_paquete 
    from
        productos p1_0 
    where
        p1_0.id=?
2026-08-12 17:50:28.521 TRACE [http-nio-8080-exec-6] [requestId=a62efaf2-239e-4b0a-84a2-216794ba64df] org.hibernate.orm.jdbc.bind - binding parameter (1:BIGINT) <- [1]
2026-08-12 17:51:10.562 DEBUG [http-nio-8080-exec-7] [requestId=726baeb4-c646-4e72-8a4b-574dc3be11a6] org.hibernate.SQL - 
    select
        year(v1_0.fecha_creacion),
        month(v1_0.fecha_creacion),
        count(v1_0.id),
        coalesce(sum(v1_0.total), 0) 
    from
        ventas v1_0 
    where
        v1_0.fecha_creacion>=? 
        and v1_0.fecha_creacion<? 
        and v1_0.estado<>? 
    group by
        year(v1_0.fecha_creacion),
        month(v1_0.fecha_creacion) 
    order by
        year(v1_0.fecha_creacion),
        month(v1_0.fecha_creacion)
2026-08-12 17:51:10.562 TRACE [http-nio-8080-exec-7] [requestId=726baeb4-c646-4e72-8a4b-574dc3be11a6] org.hibernate.orm.jdbc.bind - binding parameter (1:TIMESTAMP) <- [2026-08-01T00:00]
2026-08-12 17:51:10.562 TRACE [http-nio-8080-exec-7] [requestId=726baeb4-c646-4e72-8a4b-574dc3be11a6] org.hibernate.orm.jdbc.bind - binding parameter (2:TIMESTAMP) <- [2026-09-01T00:00]
2026-08-12 17:51:10.562 TRACE [http-nio-8080-exec-7] [requestId=726baeb4-c646-4e72-8a4b-574dc3be11a6] org.hibernate.orm.jdbc.bind - binding parameter (3:ENUM) <- [ANULADA]
2026-08-12 17:51:39.779 DEBUG [http-nio-8080-exec-8] [requestId=ece2cfa8-bac0-48c2-b2aa-8b3866c3cdcc] org.hibernate.SQL - 
    select
        coalesce(sum(v1_0.total), 0) 
    from
        ventas v1_0 
    where
        v1_0.fecha_creacion>=? 
        and v1_0.fecha_creacion<? 
        and v1_0.estado<>?
2026-08-12 17:51:39.779 TRACE [http-nio-8080-exec-8] [requestId=ece2cfa8-bac0-48c2-b2aa-8b3866c3cdcc] org.hibernate.orm.jdbc.bind - binding parameter (1:TIMESTAMP) <- [2026-08-12T00:00]
2026-08-12 17:51:39.779 TRACE [http-nio-8080-exec-8] [requestId=ece2cfa8-bac0-48c2-b2aa-8b3866c3cdcc] org.hibernate.orm.jdbc.bind - binding parameter (2:TIMESTAMP) <- [2026-08-13T00:00]
2026-08-12 17:51:39.779 TRACE [http-nio-8080-exec-8] [requestId=ece2cfa8-bac0-48c2-b2aa-8b3866c3cdcc] org.hibernate.orm.jdbc.bind - binding parameter (3:ENUM) <- [ANULADA]
2026-08-12 17:51:39.781 DEBUG [http-nio-8080-exec-8] [requestId=ece2cfa8-bac0-48c2-b2aa-8b3866c3cdcc] org.hibernate.SQL - 
    select
        coalesce(sum(v1_0.total), 0) 
    from
        ventas v1_0 
    where
        v1_0.fecha_creacion>=? 
        and v1_0.fecha_creacion<? 
        and v1_0.estado<>?
2026-08-12 17:51:39.781 TRACE [http-nio-8080-exec-8] [requestId=ece2cfa8-bac0-48c2-b2aa-8b3866c3cdcc] org.hibernate.orm.jdbc.bind - binding parameter (1:TIMESTAMP) <- [2026-08-11T00:00]
2026-08-12 17:51:39.781 TRACE [http-nio-8080-exec-8] [requestId=ece2cfa8-bac0-48c2-b2aa-8b3866c3cdcc] org.hibernate.orm.jdbc.bind - binding parameter (2:TIMESTAMP) <- [2026-08-12T00:00]
2026-08-12 17:51:39.781 TRACE [http-nio-8080-exec-8] [requestId=ece2cfa8-bac0-48c2-b2aa-8b3866c3cdcc] org.hibernate.orm.jdbc.bind - binding parameter (3:ENUM) <- [ANULADA]
2026-08-12 17:51:39.783 DEBUG [http-nio-8080-exec-8] [requestId=ece2cfa8-bac0-48c2-b2aa-8b3866c3cdcc] org.hibernate.SQL - 
    select
        coalesce(sum(mc1_0.monto), 0) 
    from
        movimientos_caja mc1_0 
    where
        mc1_0.fecha_movimiento>=? 
        and mc1_0.fecha_movimiento<? 
        and mc1_0.tipo_movimiento=?
2026-08-12 17:51:39.783 TRACE [http-nio-8080-exec-8] [requestId=ece2cfa8-bac0-48c2-b2aa-8b3866c3cdcc] org.hibernate.orm.jdbc.bind - binding parameter (1:TIMESTAMP) <- [2026-08-12T00:00]
2026-08-12 17:51:39.783 TRACE [http-nio-8080-exec-8] [requestId=ece2cfa8-bac0-48c2-b2aa-8b3866c3cdcc] org.hibernate.orm.jdbc.bind - binding parameter (2:TIMESTAMP) <- [2026-08-13T00:00]
2026-08-12 17:51:39.783 TRACE [http-nio-8080-exec-8] [requestId=ece2cfa8-bac0-48c2-b2aa-8b3866c3cdcc] org.hibernate.orm.jdbc.bind - binding parameter (3:ENUM) <- [INGRESO]
2026-08-12 17:51:39.784 DEBUG [http-nio-8080-exec-8] [requestId=ece2cfa8-bac0-48c2-b2aa-8b3866c3cdcc] org.hibernate.SQL - 
    select
        coalesce(sum(mc1_0.monto), 0) 
    from
        movimientos_caja mc1_0 
    where
        mc1_0.fecha_movimiento>=? 
        and mc1_0.fecha_movimiento<? 
        and mc1_0.tipo_movimiento=?
2026-08-12 17:51:39.784 TRACE [http-nio-8080-exec-8] [requestId=ece2cfa8-bac0-48c2-b2aa-8b3866c3cdcc] org.hibernate.orm.jdbc.bind - binding parameter (1:TIMESTAMP) <- [2026-08-11T00:00]
2026-08-12 17:51:39.784 TRACE [http-nio-8080-exec-8] [requestId=ece2cfa8-bac0-48c2-b2aa-8b3866c3cdcc] org.hibernate.orm.jdbc.bind - binding parameter (2:TIMESTAMP) <- [2026-08-12T00:00]
2026-08-12 17:51:39.784 TRACE [http-nio-8080-exec-8] [requestId=ece2cfa8-bac0-48c2-b2aa-8b3866c3cdcc] org.hibernate.orm.jdbc.bind - binding parameter (3:ENUM) <- [INGRESO]
2026-08-12 17:51:39.785 DEBUG [http-nio-8080-exec-8] [requestId=ece2cfa8-bac0-48c2-b2aa-8b3866c3cdcc] org.hibernate.SQL - 
    select
        coalesce(sum(mc1_0.monto), 0) 
    from
        movimientos_caja mc1_0 
    where
        mc1_0.fecha_movimiento>=? 
        and mc1_0.fecha_movimiento<? 
        and mc1_0.tipo_movimiento=?
2026-08-12 17:51:39.785 TRACE [http-nio-8080-exec-8] [requestId=ece2cfa8-bac0-48c2-b2aa-8b3866c3cdcc] org.hibernate.orm.jdbc.bind - binding parameter (1:TIMESTAMP) <- [2026-08-12T00:00]
2026-08-12 17:51:39.785 TRACE [http-nio-8080-exec-8] [requestId=ece2cfa8-bac0-48c2-b2aa-8b3866c3cdcc] org.hibernate.orm.jdbc.bind - binding parameter (2:TIMESTAMP) <- [2026-08-13T00:00]
2026-08-12 17:51:39.785 TRACE [http-nio-8080-exec-8] [requestId=ece2cfa8-bac0-48c2-b2aa-8b3866c3cdcc] org.hibernate.orm.jdbc.bind - binding parameter (3:ENUM) <- [EGRESO]
2026-08-12 17:51:39.786 DEBUG [http-nio-8080-exec-8] [requestId=ece2cfa8-bac0-48c2-b2aa-8b3866c3cdcc] org.hibernate.SQL - 
    select
        coalesce(sum(mc1_0.monto), 0) 
    from
        movimientos_caja mc1_0 
    where
        mc1_0.fecha_movimiento>=? 
        and mc1_0.fecha_movimiento<? 
        and mc1_0.tipo_movimiento=?
2026-08-12 17:51:39.786 TRACE [http-nio-8080-exec-8] [requestId=ece2cfa8-bac0-48c2-b2aa-8b3866c3cdcc] org.hibernate.orm.jdbc.bind - binding parameter (1:TIMESTAMP) <- [2026-08-11T00:00]
2026-08-12 17:51:39.786 TRACE [http-nio-8080-exec-8] [requestId=ece2cfa8-bac0-48c2-b2aa-8b3866c3cdcc] org.hibernate.orm.jdbc.bind - binding parameter (2:TIMESTAMP) <- [2026-08-12T00:00]
2026-08-12 17:51:39.786 TRACE [http-nio-8080-exec-8] [requestId=ece2cfa8-bac0-48c2-b2aa-8b3866c3cdcc] org.hibernate.orm.jdbc.bind - binding parameter (3:ENUM) <- [EGRESO]
2026-08-12 17:54:04.330 DEBUG [http-nio-8080-exec-1] [requestId=a4ba2568-106f-4bf5-8ca8-09718683392d] org.hibernate.SQL - 
    select
        v1_0.id,
        v1_0.actualizado_por,
        v1_0.cliente_id,
        v1_0.codigo,
        v1_0.creado_por,
        v1_0.estado,
        v1_0.fecha_actualizacion,
        v1_0.fecha_creacion,
        v1_0.subtotal,
        v1_0.total 
    from
        ventas v1_0 
    where
        v1_0.fecha_creacion>=? 
        and v1_0.fecha_creacion<?
2026-08-12 17:54:04.331 TRACE [http-nio-8080-exec-1] [requestId=a4ba2568-106f-4bf5-8ca8-09718683392d] org.hibernate.orm.jdbc.bind - binding parameter (1:TIMESTAMP) <- [2026-08-01T00:00]
2026-08-12 17:54:04.331 TRACE [http-nio-8080-exec-1] [requestId=a4ba2568-106f-4bf5-8ca8-09718683392d] org.hibernate.orm.jdbc.bind - binding parameter (2:TIMESTAMP) <- [2026-09-01T00:00]
2026-08-12 17:54:04.332 DEBUG [http-nio-8080-exec-1] [requestId=a4ba2568-106f-4bf5-8ca8-09718683392d] org.hibernate.SQL - 
    select
        c1_0.id,
        c1_0.categoria,
        c1_0.direccion,
        c1_0.email,
        c1_0.estado,
        c1_0.nombre,
        c1_0.telefono 
    from
        clients c1_0 
    where
        c1_0.id=?
2026-08-12 17:54:04.332 TRACE [http-nio-8080-exec-1] [requestId=a4ba2568-106f-4bf5-8ca8-09718683392d] org.hibernate.orm.jdbc.bind - binding parameter (1:BIGINT) <- [1]
2026-08-12 17:54:04.332 DEBUG [http-nio-8080-exec-1] [requestId=a4ba2568-106f-4bf5-8ca8-09718683392d] org.hibernate.SQL - 
    select
        c1_0.id,
        c1_0.categoria,
        c1_0.direccion,
        c1_0.email,
        c1_0.estado,
        c1_0.nombre,
        c1_0.telefono 
    from
        clients c1_0 
    where
        c1_0.id=?
2026-08-12 17:54:04.333 TRACE [http-nio-8080-exec-1] [requestId=a4ba2568-106f-4bf5-8ca8-09718683392d] org.hibernate.orm.jdbc.bind - binding parameter (1:BIGINT) <- [2]
2026-08-12 17:54:04.334 DEBUG [http-nio-8080-exec-1] [requestId=a4ba2568-106f-4bf5-8ca8-09718683392d] org.hibernate.SQL - 
    select
        d1_0.venta_id,
        d1_0.id,
        d1_0.cantidad,
        d1_0.envases_devueltos,
        d1_0.modalidad_envase,
        d1_0.precio_unitario,
        d1_0.producto_id,
        p1_0.id,
        p1_0.categoria,
        p1_0.codigo,
        p1_0.contenido,
        p1_0.descripcion,
        p1_0.estado,
        p1_0.precio_base,
        p1_0.unidad_medida,
        p1_0.unidades_por_paquete,
        d1_0.subtotal 
    from
        detalles_ventas d1_0 
    left join
        productos p1_0 
            on p1_0.id=d1_0.producto_id 
    where
        d1_0.venta_id=?
2026-08-12 17:54:04.334 TRACE [http-nio-8080-exec-1] [requestId=a4ba2568-106f-4bf5-8ca8-09718683392d] org.hibernate.orm.jdbc.bind - binding parameter (1:BIGINT) <- [1]
2026-08-12 17:54:04.336 DEBUG [http-nio-8080-exec-1] [requestId=a4ba2568-106f-4bf5-8ca8-09718683392d] org.hibernate.SQL - 
    select
        d1_0.venta_id,
        d1_0.id,
        d1_0.cantidad,
        d1_0.envases_devueltos,
        d1_0.modalidad_envase,
        d1_0.precio_unitario,
        d1_0.producto_id,
        p1_0.id,
        p1_0.categoria,
        p1_0.codigo,
        p1_0.contenido,
        p1_0.descripcion,
        p1_0.estado,
        p1_0.precio_base,
        p1_0.unidad_medida,
        p1_0.unidades_por_paquete,
        d1_0.subtotal 
    from
        detalles_ventas d1_0 
    left join
        productos p1_0 
            on p1_0.id=d1_0.producto_id 
    where
        d1_0.venta_id=?
2026-08-12 17:54:04.336 TRACE [http-nio-8080-exec-1] [requestId=a4ba2568-106f-4bf5-8ca8-09718683392d] org.hibernate.orm.jdbc.bind - binding parameter (1:BIGINT) <- [2]
2026-08-12 17:54:04.336 DEBUG [http-nio-8080-exec-1] [requestId=a4ba2568-106f-4bf5-8ca8-09718683392d] org.hibernate.SQL - 
    select
        d1_0.venta_id,
        d1_0.id,
        d1_0.cantidad,
        d1_0.envases_devueltos,
        d1_0.modalidad_envase,
        d1_0.precio_unitario,
        d1_0.producto_id,
        p1_0.id,
        p1_0.categoria,
        p1_0.codigo,
        p1_0.contenido,
        p1_0.descripcion,
        p1_0.estado,
        p1_0.precio_base,
        p1_0.unidad_medida,
        p1_0.unidades_por_paquete,
        d1_0.subtotal 
    from
        detalles_ventas d1_0 
    left join
        productos p1_0 
            on p1_0.id=d1_0.producto_id 
    where
        d1_0.venta_id=?
2026-08-12 17:54:04.337 TRACE [http-nio-8080-exec-1] [requestId=a4ba2568-106f-4bf5-8ca8-09718683392d] org.hibernate.orm.jdbc.bind - binding parameter (1:BIGINT) <- [5]
2026-08-12 17:54:04.337 DEBUG [http-nio-8080-exec-1] [requestId=a4ba2568-106f-4bf5-8ca8-09718683392d] org.hibernate.SQL - 
    select
        d1_0.venta_id,
        d1_0.id,
        d1_0.cantidad,
        d1_0.envases_devueltos,
        d1_0.modalidad_envase,
        d1_0.precio_unitario,
        d1_0.producto_id,
        p1_0.id,
        p1_0.categoria,
        p1_0.codigo,
        p1_0.contenido,
        p1_0.descripcion,
        p1_0.estado,
        p1_0.precio_base,
        p1_0.unidad_medida,
        p1_0.unidades_por_paquete,
        d1_0.subtotal 
    from
        detalles_ventas d1_0 
    left join
        productos p1_0 
            on p1_0.id=d1_0.producto_id 
    where
        d1_0.venta_id=?
2026-08-12 17:54:04.337 TRACE [http-nio-8080-exec-1] [requestId=a4ba2568-106f-4bf5-8ca8-09718683392d] org.hibernate.orm.jdbc.bind - binding parameter (1:BIGINT) <- [10]
2026-08-12 17:54:04.338 DEBUG [http-nio-8080-exec-1] [requestId=a4ba2568-106f-4bf5-8ca8-09718683392d] org.hibernate.SQL - 
    select
        d1_0.venta_id,
        d1_0.id,
        d1_0.cantidad,
        d1_0.envases_devueltos,
        d1_0.modalidad_envase,
        d1_0.precio_unitario,
        d1_0.producto_id,
        p1_0.id,
        p1_0.categoria,
        p1_0.codigo,
        p1_0.contenido,
        p1_0.descripcion,
        p1_0.estado,
        p1_0.precio_base,
        p1_0.unidad_medida,
        p1_0.unidades_por_paquete,
        d1_0.subtotal 
    from
        detalles_ventas d1_0 
    left join
        productos p1_0 
            on p1_0.id=d1_0.producto_id 
    where
        d1_0.venta_id=?
2026-08-12 17:54:04.338 TRACE [http-nio-8080-exec-1] [requestId=a4ba2568-106f-4bf5-8ca8-09718683392d] org.hibernate.orm.jdbc.bind - binding parameter (1:BIGINT) <- [11]
2026-08-12 17:54:04.339 DEBUG [http-nio-8080-exec-1] [requestId=a4ba2568-106f-4bf5-8ca8-09718683392d] org.hibernate.SQL - 
    select
        d1_0.venta_id,
        d1_0.id,
        d1_0.cantidad,
        d1_0.envases_devueltos,
        d1_0.modalidad_envase,
        d1_0.precio_unitario,
        d1_0.producto_id,
        p1_0.id,
        p1_0.categoria,
        p1_0.codigo,
        p1_0.contenido,
        p1_0.descripcion,
        p1_0.estado,
        p1_0.precio_base,
        p1_0.unidad_medida,
        p1_0.unidades_por_paquete,
        d1_0.subtotal 
    from
        detalles_ventas d1_0 
    left join
        productos p1_0 
            on p1_0.id=d1_0.producto_id 
    where
        d1_0.venta_id=?
2026-08-12 17:54:04.339 TRACE [http-nio-8080-exec-1] [requestId=a4ba2568-106f-4bf5-8ca8-09718683392d] org.hibernate.orm.jdbc.bind - binding parameter (1:BIGINT) <- [12]
2026-08-12 17:54:04.340 DEBUG [http-nio-8080-exec-1] [requestId=a4ba2568-106f-4bf5-8ca8-09718683392d] org.hibernate.SQL - 
    select
        d1_0.venta_id,
        d1_0.id,
        d1_0.cantidad,
        d1_0.envases_devueltos,
        d1_0.modalidad_envase,
        d1_0.precio_unitario,
        d1_0.producto_id,
        p1_0.id,
        p1_0.categoria,
        p1_0.codigo,
        p1_0.contenido,
        p1_0.descripcion,
        p1_0.estado,
        p1_0.precio_base,
        p1_0.unidad_medida,
        p1_0.unidades_por_paquete,
        d1_0.subtotal 
    from
        detalles_ventas d1_0 
    left join
        productos p1_0 
            on p1_0.id=d1_0.producto_id 
    where
        d1_0.venta_id=?
2026-08-12 17:54:04.340 TRACE [http-nio-8080-exec-1] [requestId=a4ba2568-106f-4bf5-8ca8-09718683392d] org.hibernate.orm.jdbc.bind - binding parameter (1:BIGINT) <- [14]
2026-08-12 17:54:04.344 DEBUG [http-nio-8080-exec-1] [requestId=a4ba2568-106f-4bf5-8ca8-09718683392d] org.hibernate.SQL - 
    select
        dc1_0.id,
        dc1_0.cantidad,
        dc1_0.compra_id,
        dc1_0.costo_unitario,
        dc1_0.producto_id,
        dc1_0.subtotal 
    from
        detalles_compras dc1_0 
    where
        dc1_0.producto_id=?
2026-08-12 17:54:04.344 TRACE [http-nio-8080-exec-1] [requestId=a4ba2568-106f-4bf5-8ca8-09718683392d] org.hibernate.orm.jdbc.bind - binding parameter (1:BIGINT) <- [1]
2026-08-12 17:54:04.345 DEBUG [http-nio-8080-exec-1] [requestId=a4ba2568-106f-4bf5-8ca8-09718683392d] org.hibernate.SQL - 
    select
        c1_0.id,
        c1_0.actualizado_por,
        c1_0.codigo,
        c1_0.creado_por,
        c1_0.estado,
        c1_0.fecha_actualizacion,
        c1_0.fecha_creacion,
        c1_0.proveedor_id,
        p1_0.id,
        p1_0.contacto,
        p1_0.direccion,
        p1_0.email,
        p1_0.estado,
        p1_0.razon_social,
        p1_0.ruc,
        p1_0.telefono,
        c1_0.subtotal,
        c1_0.total 
    from
        compras c1_0 
    join
        proveedores p1_0 
            on p1_0.id=c1_0.proveedor_id 
    where
        c1_0.id=?
2026-08-12 17:54:04.345 TRACE [http-nio-8080-exec-1] [requestId=a4ba2568-106f-4bf5-8ca8-09718683392d] org.hibernate.orm.jdbc.bind - binding parameter (1:BIGINT) <- [1]
2026-08-12 18:02:04.269 DEBUG [http-nio-8080-exec-7] [requestId=91927134-b715-4cd5-b25c-fb6b85a15eb5] org.hibernate.SQL - 
    select
        u1_0.id 
    from
        usuarios u1_0 
    where
        u1_0.username=? 
    limit
        ?
2026-08-12 18:02:04.269 TRACE [http-nio-8080-exec-7] [requestId=91927134-b715-4cd5-b25c-fb6b85a15eb5] org.hibernate.orm.jdbc.bind - binding parameter (1:VARCHAR) <- [ventasbencol]
2026-08-12 18:02:04.269 TRACE [http-nio-8080-exec-7] [requestId=91927134-b715-4cd5-b25c-fb6b85a15eb5] org.hibernate.orm.jdbc.bind - binding parameter (2:INTEGER) <- [1]
2026-08-12 18:02:04.272 DEBUG [http-nio-8080-exec-7] [requestId=91927134-b715-4cd5-b25c-fb6b85a15eb5] org.hibernate.SQL - 
    select
        u1_0.id 
    from
        usuarios u1_0 
    where
        u1_0.email=? 
    limit
        ?
2026-08-12 18:02:04.272 TRACE [http-nio-8080-exec-7] [requestId=91927134-b715-4cd5-b25c-fb6b85a15eb5] org.hibernate.orm.jdbc.bind - binding parameter (1:VARCHAR) <- [ventas@bencol.com]
2026-08-12 18:02:04.272 TRACE [http-nio-8080-exec-7] [requestId=91927134-b715-4cd5-b25c-fb6b85a15eb5] org.hibernate.orm.jdbc.bind - binding parameter (2:INTEGER) <- [1]
2026-08-12 18:02:04.333 DEBUG [http-nio-8080-exec-7] [requestId=91927134-b715-4cd5-b25c-fb6b85a15eb5] org.hibernate.SQL - 
    insert 
    into
        usuarios
        (email, estado, fecha_actualizacion, fecha_creacion, password, rol, username) 
    values
        (?, ?, ?, ?, ?, ?, ?)
2026-08-12 18:02:04.334 TRACE [http-nio-8080-exec-7] [requestId=91927134-b715-4cd5-b25c-fb6b85a15eb5] org.hibernate.orm.jdbc.bind - binding parameter (1:VARCHAR) <- [ventas@bencol.com]
2026-08-12 18:02:04.334 TRACE [http-nio-8080-exec-7] [requestId=91927134-b715-4cd5-b25c-fb6b85a15eb5] org.hibernate.orm.jdbc.bind - binding parameter (2:ENUM) <- [ACTIVO]
2026-08-12 18:02:04.334 TRACE [http-nio-8080-exec-7] [requestId=91927134-b715-4cd5-b25c-fb6b85a15eb5] org.hibernate.orm.jdbc.bind - binding parameter (3:TIMESTAMP) <- [null]
2026-08-12 18:02:04.334 TRACE [http-nio-8080-exec-7] [requestId=91927134-b715-4cd5-b25c-fb6b85a15eb5] org.hibernate.orm.jdbc.bind - binding parameter (4:TIMESTAMP) <- [2026-08-12T18:02:04.332424500]
2026-08-12 18:02:04.334 TRACE [http-nio-8080-exec-7] [requestId=91927134-b715-4cd5-b25c-fb6b85a15eb5] org.hibernate.orm.jdbc.bind - binding parameter (5:VARCHAR) <- [$2a$10$k2FMH9UqeXzUJwpb/YgsHeI0wYVKY2SH.freQJRAXiceS0N/xylY.]
2026-08-12 18:02:04.334 TRACE [http-nio-8080-exec-7] [requestId=91927134-b715-4cd5-b25c-fb6b85a15eb5] org.hibernate.orm.jdbc.bind - binding parameter (6:ENUM) <- [VENTAS]
2026-08-12 18:02:04.334 TRACE [http-nio-8080-exec-7] [requestId=91927134-b715-4cd5-b25c-fb6b85a15eb5] org.hibernate.orm.jdbc.bind - binding parameter (7:VARCHAR) <- [ventasbencol]
2026-08-12 18:03:35.353 DEBUG [http-nio-8080-exec-10] [requestId=f48f96b8-6b1c-4a9a-8e64-5e423c2ba801] org.hibernate.SQL - 
    select
        u1_0.id,
        u1_0.email,
        u1_0.estado,
        u1_0.fecha_actualizacion,
        u1_0.fecha_creacion,
        u1_0.password,
        u1_0.rol,
        u1_0.username 
    from
        usuarios u1_0 
    where
        u1_0.username=?
2026-08-12 18:03:35.353 TRACE [http-nio-8080-exec-10] [requestId=f48f96b8-6b1c-4a9a-8e64-5e423c2ba801] org.hibernate.orm.jdbc.bind - binding parameter (1:VARCHAR) <- [ventasbencol]
2026-08-12 18:04:28.607 DEBUG [http-nio-8080-exec-1] [requestId=0c3464ec-1607-484c-b4d4-7041e2956006] org.hibernate.SQL - 
    select
        u1_0.id 
    from
        usuarios u1_0 
    where
        u1_0.username=? 
    limit
        ?
2026-08-12 18:04:28.607 TRACE [http-nio-8080-exec-1] [requestId=0c3464ec-1607-484c-b4d4-7041e2956006] org.hibernate.orm.jdbc.bind - binding parameter (1:VARCHAR) <- [cobranzasbencol]
2026-08-12 18:04:28.607 TRACE [http-nio-8080-exec-1] [requestId=0c3464ec-1607-484c-b4d4-7041e2956006] org.hibernate.orm.jdbc.bind - binding parameter (2:INTEGER) <- [1]
2026-08-12 18:04:28.608 DEBUG [http-nio-8080-exec-1] [requestId=0c3464ec-1607-484c-b4d4-7041e2956006] org.hibernate.SQL - 
    select
        u1_0.id 
    from
        usuarios u1_0 
    where
        u1_0.email=? 
    limit
        ?
2026-08-12 18:04:28.608 TRACE [http-nio-8080-exec-1] [requestId=0c3464ec-1607-484c-b4d4-7041e2956006] org.hibernate.orm.jdbc.bind - binding parameter (1:VARCHAR) <- [cobranzas@bencol.com]
2026-08-12 18:04:28.608 TRACE [http-nio-8080-exec-1] [requestId=0c3464ec-1607-484c-b4d4-7041e2956006] org.hibernate.orm.jdbc.bind - binding parameter (2:INTEGER) <- [1]
2026-08-12 18:04:28.669 DEBUG [http-nio-8080-exec-1] [requestId=0c3464ec-1607-484c-b4d4-7041e2956006] org.hibernate.SQL - 
    insert 
    into
        usuarios
        (email, estado, fecha_actualizacion, fecha_creacion, password, rol, username) 
    values
        (?, ?, ?, ?, ?, ?, ?)
2026-08-12 18:04:28.669 TRACE [http-nio-8080-exec-1] [requestId=0c3464ec-1607-484c-b4d4-7041e2956006] org.hibernate.orm.jdbc.bind - binding parameter (1:VARCHAR) <- [cobranzas@bencol.com]
2026-08-12 18:04:28.669 TRACE [http-nio-8080-exec-1] [requestId=0c3464ec-1607-484c-b4d4-7041e2956006] org.hibernate.orm.jdbc.bind - binding parameter (2:ENUM) <- [ACTIVO]
2026-08-12 18:04:28.669 TRACE [http-nio-8080-exec-1] [requestId=0c3464ec-1607-484c-b4d4-7041e2956006] org.hibernate.orm.jdbc.bind - binding parameter (3:TIMESTAMP) <- [null]
2026-08-12 18:04:28.669 TRACE [http-nio-8080-exec-1] [requestId=0c3464ec-1607-484c-b4d4-7041e2956006] org.hibernate.orm.jdbc.bind - binding parameter (4:TIMESTAMP) <- [2026-08-12T18:04:28.669138400]
2026-08-12 18:04:28.669 TRACE [http-nio-8080-exec-1] [requestId=0c3464ec-1607-484c-b4d4-7041e2956006] org.hibernate.orm.jdbc.bind - binding parameter (5:VARCHAR) <- [$2a$10$yAqaDhdum9M5Xi29HjhhMuB64SVfGOLsE.c0nFxWCVBXg/myiZcea]
2026-08-12 18:04:28.669 TRACE [http-nio-8080-exec-1] [requestId=0c3464ec-1607-484c-b4d4-7041e2956006] org.hibernate.orm.jdbc.bind - binding parameter (6:ENUM) <- [COBRANZAS]
2026-08-12 18:04:28.669 TRACE [http-nio-8080-exec-1] [requestId=0c3464ec-1607-484c-b4d4-7041e2956006] org.hibernate.orm.jdbc.bind - binding parameter (7:VARCHAR) <- [cobranzasbencol]
2026-08-12 18:04:55.945 DEBUG [http-nio-8080-exec-3] [requestId=c743a84c-862c-4c06-b7f7-dbf32a561d71] org.hibernate.SQL - 
    select
        u1_0.id,
        u1_0.email,
        u1_0.estado,
        u1_0.fecha_actualizacion,
        u1_0.fecha_creacion,
        u1_0.password,
        u1_0.rol,
        u1_0.username 
    from
        usuarios u1_0 
    where
        u1_0.username=?
2026-08-12 18:04:55.945 TRACE [http-nio-8080-exec-3] [requestId=c743a84c-862c-4c06-b7f7-dbf32a561d71] org.hibernate.orm.jdbc.bind - binding parameter (1:VARCHAR) <- [cobranzasbencol]
2026-08-12 18:05:30.682 DEBUG [http-nio-8080-exec-4] [requestId=ea4b8a7e-64bc-49ff-a755-11867c370311] org.hibernate.SQL - 
    select
        u1_0.id 
    from
        usuarios u1_0 
    where
        u1_0.username=? 
    limit
        ?
2026-08-12 18:05:30.682 TRACE [http-nio-8080-exec-4] [requestId=ea4b8a7e-64bc-49ff-a755-11867c370311] org.hibernate.orm.jdbc.bind - binding parameter (1:VARCHAR) <- [cajabencol]
2026-08-12 18:05:30.682 TRACE [http-nio-8080-exec-4] [requestId=ea4b8a7e-64bc-49ff-a755-11867c370311] org.hibernate.orm.jdbc.bind - binding parameter (2:INTEGER) <- [1]
2026-08-12 18:05:30.683 DEBUG [http-nio-8080-exec-4] [requestId=ea4b8a7e-64bc-49ff-a755-11867c370311] org.hibernate.SQL - 
    select
        u1_0.id 
    from
        usuarios u1_0 
    where
        u1_0.email=? 
    limit
        ?
2026-08-12 18:05:30.683 TRACE [http-nio-8080-exec-4] [requestId=ea4b8a7e-64bc-49ff-a755-11867c370311] org.hibernate.orm.jdbc.bind - binding parameter (1:VARCHAR) <- [caja@bencol.com]
2026-08-12 18:05:30.683 TRACE [http-nio-8080-exec-4] [requestId=ea4b8a7e-64bc-49ff-a755-11867c370311] org.hibernate.orm.jdbc.bind - binding parameter (2:INTEGER) <- [1]
2026-08-12 18:05:30.745 DEBUG [http-nio-8080-exec-4] [requestId=ea4b8a7e-64bc-49ff-a755-11867c370311] org.hibernate.SQL - 
    insert 
    into
        usuarios
        (email, estado, fecha_actualizacion, fecha_creacion, password, rol, username) 
    values
        (?, ?, ?, ?, ?, ?, ?)
2026-08-12 18:05:30.745 TRACE [http-nio-8080-exec-4] [requestId=ea4b8a7e-64bc-49ff-a755-11867c370311] org.hibernate.orm.jdbc.bind - binding parameter (1:VARCHAR) <- [caja@bencol.com]
2026-08-12 18:05:30.745 TRACE [http-nio-8080-exec-4] [requestId=ea4b8a7e-64bc-49ff-a755-11867c370311] org.hibernate.orm.jdbc.bind - binding parameter (2:ENUM) <- [ACTIVO]
2026-08-12 18:05:30.745 TRACE [http-nio-8080-exec-4] [requestId=ea4b8a7e-64bc-49ff-a755-11867c370311] org.hibernate.orm.jdbc.bind - binding parameter (3:TIMESTAMP) <- [null]
2026-08-12 18:05:30.745 TRACE [http-nio-8080-exec-4] [requestId=ea4b8a7e-64bc-49ff-a755-11867c370311] org.hibernate.orm.jdbc.bind - binding parameter (4:TIMESTAMP) <- [2026-08-12T18:05:30.744524500]
2026-08-12 18:05:30.745 TRACE [http-nio-8080-exec-4] [requestId=ea4b8a7e-64bc-49ff-a755-11867c370311] org.hibernate.orm.jdbc.bind - binding parameter (5:VARCHAR) <- [$2a$10$wvHHRiU1c8c4/NWty7m0pur73ewNt0CzxkNSs1FaL1N6rcCrmyB8O]
2026-08-12 18:05:30.745 TRACE [http-nio-8080-exec-4] [requestId=ea4b8a7e-64bc-49ff-a755-11867c370311] org.hibernate.orm.jdbc.bind - binding parameter (6:ENUM) <- [CAJA]
2026-08-12 18:05:30.745 TRACE [http-nio-8080-exec-4] [requestId=ea4b8a7e-64bc-49ff-a755-11867c370311] org.hibernate.orm.jdbc.bind - binding parameter (7:VARCHAR) <- [cajabencol]
2026-08-12 18:05:52.561 DEBUG [http-nio-8080-exec-2] [requestId=b1b16af8-4780-49ae-94d8-fac2374eb807] org.hibernate.SQL - 
    select
        u1_0.id,
        u1_0.email,
        u1_0.estado,
        u1_0.fecha_actualizacion,
        u1_0.fecha_creacion,
        u1_0.password,
        u1_0.rol,
        u1_0.username 
    from
        usuarios u1_0 
    where
        u1_0.username=?
2026-08-12 18:05:52.563 TRACE [http-nio-8080-exec-2] [requestId=b1b16af8-4780-49ae-94d8-fac2374eb807] org.hibernate.orm.jdbc.bind - binding parameter (1:VARCHAR) <- [cajabencol]
2026-08-12 18:06:26.017 DEBUG [http-nio-8080-exec-5] [requestId=0ec70562-7e99-4116-9bbb-823d4d6dcc7d] org.hibernate.SQL - 
    select
        u1_0.id 
    from
        usuarios u1_0 
    where
        u1_0.username=? 
    limit
        ?
2026-08-12 18:06:26.018 TRACE [http-nio-8080-exec-5] [requestId=0ec70562-7e99-4116-9bbb-823d4d6dcc7d] org.hibernate.orm.jdbc.bind - binding parameter (1:VARCHAR) <- [almacenbencol]
2026-08-12 18:06:26.018 TRACE [http-nio-8080-exec-5] [requestId=0ec70562-7e99-4116-9bbb-823d4d6dcc7d] org.hibernate.orm.jdbc.bind - binding parameter (2:INTEGER) <- [1]
2026-08-12 18:06:26.019 DEBUG [http-nio-8080-exec-5] [requestId=0ec70562-7e99-4116-9bbb-823d4d6dcc7d] org.hibernate.SQL - 
    select
        u1_0.id 
    from
        usuarios u1_0 
    where
        u1_0.email=? 
    limit
        ?
2026-08-12 18:06:26.019 TRACE [http-nio-8080-exec-5] [requestId=0ec70562-7e99-4116-9bbb-823d4d6dcc7d] org.hibernate.orm.jdbc.bind - binding parameter (1:VARCHAR) <- [almacen@bencol.com]
2026-08-12 18:06:26.019 TRACE [http-nio-8080-exec-5] [requestId=0ec70562-7e99-4116-9bbb-823d4d6dcc7d] org.hibernate.orm.jdbc.bind - binding parameter (2:INTEGER) <- [1]
2026-08-12 18:06:26.077 DEBUG [http-nio-8080-exec-5] [requestId=0ec70562-7e99-4116-9bbb-823d4d6dcc7d] org.hibernate.SQL - 
    insert 
    into
        usuarios
        (email, estado, fecha_actualizacion, fecha_creacion, password, rol, username) 
    values
        (?, ?, ?, ?, ?, ?, ?)
2026-08-12 18:06:26.077 TRACE [http-nio-8080-exec-5] [requestId=0ec70562-7e99-4116-9bbb-823d4d6dcc7d] org.hibernate.orm.jdbc.bind - binding parameter (1:VARCHAR) <- [almacen@bencol.com]
2026-08-12 18:06:26.077 TRACE [http-nio-8080-exec-5] [requestId=0ec70562-7e99-4116-9bbb-823d4d6dcc7d] org.hibernate.orm.jdbc.bind - binding parameter (2:ENUM) <- [ACTIVO]
2026-08-12 18:06:26.077 TRACE [http-nio-8080-exec-5] [requestId=0ec70562-7e99-4116-9bbb-823d4d6dcc7d] org.hibernate.orm.jdbc.bind - binding parameter (3:TIMESTAMP) <- [null]
2026-08-12 18:06:26.077 TRACE [http-nio-8080-exec-5] [requestId=0ec70562-7e99-4116-9bbb-823d4d6dcc7d] org.hibernate.orm.jdbc.bind - binding parameter (4:TIMESTAMP) <- [2026-08-12T18:06:26.077841600]
2026-08-12 18:06:26.078 TRACE [http-nio-8080-exec-5] [requestId=0ec70562-7e99-4116-9bbb-823d4d6dcc7d] org.hibernate.orm.jdbc.bind - binding parameter (5:VARCHAR) <- [$2a$10$ju1dZgTza4Kk.BtVB0N4a.v5nd.j/wHEdrMCQIsu7fsaSHdQTKVBe]
2026-08-12 18:06:26.078 TRACE [http-nio-8080-exec-5] [requestId=0ec70562-7e99-4116-9bbb-823d4d6dcc7d] org.hibernate.orm.jdbc.bind - binding parameter (6:ENUM) <- [ALMACEN]
2026-08-12 18:06:26.078 TRACE [http-nio-8080-exec-5] [requestId=0ec70562-7e99-4116-9bbb-823d4d6dcc7d] org.hibernate.orm.jdbc.bind - binding parameter (7:VARCHAR) <- [almacenbencol]
2026-08-12 18:06:47.781 DEBUG [http-nio-8080-exec-6] [requestId=69b20ca6-bcb4-4efc-b632-d6c80391f266] org.hibernate.SQL - 
    select
        u1_0.id,
        u1_0.email,
        u1_0.estado,
        u1_0.fecha_actualizacion,
        u1_0.fecha_creacion,
        u1_0.password,
        u1_0.rol,
        u1_0.username 
    from
        usuarios u1_0 
    where
        u1_0.username=?
2026-08-12 18:06:47.782 TRACE [http-nio-8080-exec-6] [requestId=69b20ca6-bcb4-4efc-b632-d6c80391f266] org.hibernate.orm.jdbc.bind - binding parameter (1:VARCHAR) <- [almacenbencol]
2026-08-12 18:07:18.819 DEBUG [http-nio-8080-exec-7] [requestId=c57c856a-45a3-4e0e-be6f-a1d29c927707] org.hibernate.SQL - 
    select
        u1_0.id 
    from
        usuarios u1_0 
    where
        u1_0.username=? 
    limit
        ?
2026-08-12 18:07:18.819 TRACE [http-nio-8080-exec-7] [requestId=c57c856a-45a3-4e0e-be6f-a1d29c927707] org.hibernate.orm.jdbc.bind - binding parameter (1:VARCHAR) <- [comprasbencol]
2026-08-12 18:07:18.819 TRACE [http-nio-8080-exec-7] [requestId=c57c856a-45a3-4e0e-be6f-a1d29c927707] org.hibernate.orm.jdbc.bind - binding parameter (2:INTEGER) <- [1]
2026-08-12 18:07:18.820 DEBUG [http-nio-8080-exec-7] [requestId=c57c856a-45a3-4e0e-be6f-a1d29c927707] org.hibernate.SQL - 
    select
        u1_0.id 
    from
        usuarios u1_0 
    where
        u1_0.email=? 
    limit
        ?
2026-08-12 18:07:18.820 TRACE [http-nio-8080-exec-7] [requestId=c57c856a-45a3-4e0e-be6f-a1d29c927707] org.hibernate.orm.jdbc.bind - binding parameter (1:VARCHAR) <- [compras@bencol.com]
2026-08-12 18:07:18.820 TRACE [http-nio-8080-exec-7] [requestId=c57c856a-45a3-4e0e-be6f-a1d29c927707] org.hibernate.orm.jdbc.bind - binding parameter (2:INTEGER) <- [1]
2026-08-12 18:07:18.880 DEBUG [http-nio-8080-exec-7] [requestId=c57c856a-45a3-4e0e-be6f-a1d29c927707] org.hibernate.SQL - 
    insert 
    into
        usuarios
        (email, estado, fecha_actualizacion, fecha_creacion, password, rol, username) 
    values
        (?, ?, ?, ?, ?, ?, ?)
2026-08-12 18:07:18.880 TRACE [http-nio-8080-exec-7] [requestId=c57c856a-45a3-4e0e-be6f-a1d29c927707] org.hibernate.orm.jdbc.bind - binding parameter (1:VARCHAR) <- [compras@bencol.com]
2026-08-12 18:07:18.880 TRACE [http-nio-8080-exec-7] [requestId=c57c856a-45a3-4e0e-be6f-a1d29c927707] org.hibernate.orm.jdbc.bind - binding parameter (2:ENUM) <- [ACTIVO]
2026-08-12 18:07:18.880 TRACE [http-nio-8080-exec-7] [requestId=c57c856a-45a3-4e0e-be6f-a1d29c927707] org.hibernate.orm.jdbc.bind - binding parameter (3:TIMESTAMP) <- [null]
2026-08-12 18:07:18.880 TRACE [http-nio-8080-exec-7] [requestId=c57c856a-45a3-4e0e-be6f-a1d29c927707] org.hibernate.orm.jdbc.bind - binding parameter (4:TIMESTAMP) <- [2026-08-12T18:07:18.880116800]
2026-08-12 18:07:18.881 TRACE [http-nio-8080-exec-7] [requestId=c57c856a-45a3-4e0e-be6f-a1d29c927707] org.hibernate.orm.jdbc.bind - binding parameter (5:VARCHAR) <- [$2a$10$uKMGAAyWnY8s8MYacUYfSuKrQ.bHp3eKXBPa6A3FDU05HY4pO4MpG]
2026-08-12 18:07:18.881 TRACE [http-nio-8080-exec-7] [requestId=c57c856a-45a3-4e0e-be6f-a1d29c927707] org.hibernate.orm.jdbc.bind - binding parameter (6:ENUM) <- [COMPRAS]
2026-08-12 18:07:18.881 TRACE [http-nio-8080-exec-7] [requestId=c57c856a-45a3-4e0e-be6f-a1d29c927707] org.hibernate.orm.jdbc.bind - binding parameter (7:VARCHAR) <- [comprasbencol]
2026-08-12 18:07:43.364 DEBUG [http-nio-8080-exec-8] [requestId=1f7bac3b-3852-4c68-baa7-a61225932b9f] org.hibernate.SQL - 
    select
        u1_0.id,
        u1_0.email,
        u1_0.estado,
        u1_0.fecha_actualizacion,
        u1_0.fecha_creacion,
        u1_0.password,
        u1_0.rol,
        u1_0.username 
    from
        usuarios u1_0 
    where
        u1_0.username=?
2026-08-12 18:07:43.364 TRACE [http-nio-8080-exec-8] [requestId=1f7bac3b-3852-4c68-baa7-a61225932b9f] org.hibernate.orm.jdbc.bind - binding parameter (1:VARCHAR) <- [comprasbencol]
2026-08-12 18:13:24.070 DEBUG [http-nio-8080-exec-1] [requestId=cfb17112-2f3f-4fd5-a2f7-2060a5f1ac41] org.hibernate.SQL - 
    select
        v1_0.id,
        v1_0.actualizado_por,
        v1_0.cliente_id,
        v1_0.codigo,
        v1_0.creado_por,
        v1_0.estado,
        v1_0.fecha_actualizacion,
        v1_0.fecha_creacion,
        v1_0.subtotal,
        v1_0.total 
    from
        ventas v1_0 
    where
        (
            ? is null 
            or lower(v1_0.codigo) like lower(concat('%', ?, '%')) escape ''
        ) 
        and (
            ? is null 
            or v1_0.cliente_id=?
        ) 
        and (
            ? is null 
            or v1_0.estado=?
        ) 
        and (
            ? is null 
            or v1_0.fecha_creacion>=?
        ) 
        and (
            ? is null 
            or v1_0.fecha_creacion<?
        ) 
    order by
        v1_0.fecha_creacion desc 
    limit
        ?
2026-08-12 18:13:24.071 TRACE [http-nio-8080-exec-1] [requestId=cfb17112-2f3f-4fd5-a2f7-2060a5f1ac41] org.hibernate.orm.jdbc.bind - binding parameter (1:JAVA_OBJECT) <- [null]
2026-08-12 18:13:24.071 TRACE [http-nio-8080-exec-1] [requestId=cfb17112-2f3f-4fd5-a2f7-2060a5f1ac41] org.hibernate.orm.jdbc.bind - binding parameter (2:JAVA_OBJECT) <- [null]
2026-08-12 18:13:24.071 TRACE [http-nio-8080-exec-1] [requestId=cfb17112-2f3f-4fd5-a2f7-2060a5f1ac41] org.hibernate.orm.jdbc.bind - binding parameter (3:BIGINT) <- [null]
2026-08-12 18:13:24.071 TRACE [http-nio-8080-exec-1] [requestId=cfb17112-2f3f-4fd5-a2f7-2060a5f1ac41] org.hibernate.orm.jdbc.bind - binding parameter (4:BIGINT) <- [null]
2026-08-12 18:13:24.071 TRACE [http-nio-8080-exec-1] [requestId=cfb17112-2f3f-4fd5-a2f7-2060a5f1ac41] org.hibernate.orm.jdbc.bind - binding parameter (5:ENUM) <- [null]
2026-08-12 18:13:24.071 TRACE [http-nio-8080-exec-1] [requestId=cfb17112-2f3f-4fd5-a2f7-2060a5f1ac41] org.hibernate.orm.jdbc.bind - binding parameter (6:ENUM) <- [null]
2026-08-12 18:13:24.071 TRACE [http-nio-8080-exec-1] [requestId=cfb17112-2f3f-4fd5-a2f7-2060a5f1ac41] org.hibernate.orm.jdbc.bind - binding parameter (7:TIMESTAMP) <- [null]
2026-08-12 18:13:24.071 TRACE [http-nio-8080-exec-1] [requestId=cfb17112-2f3f-4fd5-a2f7-2060a5f1ac41] org.hibernate.orm.jdbc.bind - binding parameter (8:TIMESTAMP) <- [null]
2026-08-12 18:13:24.071 TRACE [http-nio-8080-exec-1] [requestId=cfb17112-2f3f-4fd5-a2f7-2060a5f1ac41] org.hibernate.orm.jdbc.bind - binding parameter (9:TIMESTAMP) <- [null]
2026-08-12 18:13:24.071 TRACE [http-nio-8080-exec-1] [requestId=cfb17112-2f3f-4fd5-a2f7-2060a5f1ac41] org.hibernate.orm.jdbc.bind - binding parameter (10:TIMESTAMP) <- [null]
2026-08-12 18:13:24.071 TRACE [http-nio-8080-exec-1] [requestId=cfb17112-2f3f-4fd5-a2f7-2060a5f1ac41] org.hibernate.orm.jdbc.bind - binding parameter (11:INTEGER) <- [20]
2026-08-12 18:13:24.073 DEBUG [http-nio-8080-exec-1] [requestId=cfb17112-2f3f-4fd5-a2f7-2060a5f1ac41] org.hibernate.SQL - 
    select
        c1_0.id,
        c1_0.categoria,
        c1_0.direccion,
        c1_0.email,
        c1_0.estado,
        c1_0.nombre,
        c1_0.telefono 
    from
        clients c1_0 
    where
        c1_0.id=?
2026-08-12 18:13:24.073 TRACE [http-nio-8080-exec-1] [requestId=cfb17112-2f3f-4fd5-a2f7-2060a5f1ac41] org.hibernate.orm.jdbc.bind - binding parameter (1:BIGINT) <- [2]
2026-08-12 18:13:24.075 DEBUG [http-nio-8080-exec-1] [requestId=cfb17112-2f3f-4fd5-a2f7-2060a5f1ac41] org.hibernate.SQL - 
    select
        c1_0.id,
        c1_0.categoria,
        c1_0.direccion,
        c1_0.email,
        c1_0.estado,
        c1_0.nombre,
        c1_0.telefono 
    from
        clients c1_0 
    where
        c1_0.id=?
2026-08-12 18:13:24.075 TRACE [http-nio-8080-exec-1] [requestId=cfb17112-2f3f-4fd5-a2f7-2060a5f1ac41] org.hibernate.orm.jdbc.bind - binding parameter (1:BIGINT) <- [1]
2026-08-12 18:13:24.077 DEBUG [http-nio-8080-exec-1] [requestId=cfb17112-2f3f-4fd5-a2f7-2060a5f1ac41] org.hibernate.SQL - 
    select
        d1_0.venta_id,
        d1_0.id,
        d1_0.cantidad,
        d1_0.envases_devueltos,
        d1_0.modalidad_envase,
        d1_0.precio_unitario,
        d1_0.producto_id,
        p1_0.id,
        p1_0.categoria,
        p1_0.codigo,
        p1_0.contenido,
        p1_0.descripcion,
        p1_0.estado,
        p1_0.precio_base,
        p1_0.unidad_medida,
        p1_0.unidades_por_paquete,
        d1_0.subtotal 
    from
        detalles_ventas d1_0 
    left join
        productos p1_0 
            on p1_0.id=d1_0.producto_id 
    where
        d1_0.venta_id=?
2026-08-12 18:13:24.077 TRACE [http-nio-8080-exec-1] [requestId=cfb17112-2f3f-4fd5-a2f7-2060a5f1ac41] org.hibernate.orm.jdbc.bind - binding parameter (1:BIGINT) <- [14]
2026-08-12 18:13:24.078 DEBUG [http-nio-8080-exec-1] [requestId=cfb17112-2f3f-4fd5-a2f7-2060a5f1ac41] org.hibernate.SQL - 
    select
        d1_0.venta_id,
        d1_0.id,
        d1_0.cantidad,
        d1_0.envases_devueltos,
        d1_0.modalidad_envase,
        d1_0.precio_unitario,
        d1_0.producto_id,
        p1_0.id,
        p1_0.categoria,
        p1_0.codigo,
        p1_0.contenido,
        p1_0.descripcion,
        p1_0.estado,
        p1_0.precio_base,
        p1_0.unidad_medida,
        p1_0.unidades_por_paquete,
        d1_0.subtotal 
    from
        detalles_ventas d1_0 
    left join
        productos p1_0 
            on p1_0.id=d1_0.producto_id 
    where
        d1_0.venta_id=?
2026-08-12 18:13:24.078 TRACE [http-nio-8080-exec-1] [requestId=cfb17112-2f3f-4fd5-a2f7-2060a5f1ac41] org.hibernate.orm.jdbc.bind - binding parameter (1:BIGINT) <- [13]
2026-08-12 18:13:24.079 DEBUG [http-nio-8080-exec-1] [requestId=cfb17112-2f3f-4fd5-a2f7-2060a5f1ac41] org.hibernate.SQL - 
    select
        d1_0.venta_id,
        d1_0.id,
        d1_0.cantidad,
        d1_0.envases_devueltos,
        d1_0.modalidad_envase,
        d1_0.precio_unitario,
        d1_0.producto_id,
        p1_0.id,
        p1_0.categoria,
        p1_0.codigo,
        p1_0.contenido,
        p1_0.descripcion,
        p1_0.estado,
        p1_0.precio_base,
        p1_0.unidad_medida,
        p1_0.unidades_por_paquete,
        d1_0.subtotal 
    from
        detalles_ventas d1_0 
    left join
        productos p1_0 
            on p1_0.id=d1_0.producto_id 
    where
        d1_0.venta_id=?
2026-08-12 18:13:24.079 TRACE [http-nio-8080-exec-1] [requestId=cfb17112-2f3f-4fd5-a2f7-2060a5f1ac41] org.hibernate.orm.jdbc.bind - binding parameter (1:BIGINT) <- [12]
2026-08-12 18:13:24.080 DEBUG [http-nio-8080-exec-1] [requestId=cfb17112-2f3f-4fd5-a2f7-2060a5f1ac41] org.hibernate.SQL - 
    select
        d1_0.venta_id,
        d1_0.id,
        d1_0.cantidad,
        d1_0.envases_devueltos,
        d1_0.modalidad_envase,
        d1_0.precio_unitario,
        d1_0.producto_id,
        p1_0.id,
        p1_0.categoria,
        p1_0.codigo,
        p1_0.contenido,
        p1_0.descripcion,
        p1_0.estado,
        p1_0.precio_base,
        p1_0.unidad_medida,
        p1_0.unidades_por_paquete,
        d1_0.subtotal 
    from
        detalles_ventas d1_0 
    left join
        productos p1_0 
            on p1_0.id=d1_0.producto_id 
    where
        d1_0.venta_id=?
2026-08-12 18:13:24.080 TRACE [http-nio-8080-exec-1] [requestId=cfb17112-2f3f-4fd5-a2f7-2060a5f1ac41] org.hibernate.orm.jdbc.bind - binding parameter (1:BIGINT) <- [11]
2026-08-12 18:13:24.080 DEBUG [http-nio-8080-exec-1] [requestId=cfb17112-2f3f-4fd5-a2f7-2060a5f1ac41] org.hibernate.SQL - 
    select
        d1_0.venta_id,
        d1_0.id,
        d1_0.cantidad,
        d1_0.envases_devueltos,
        d1_0.modalidad_envase,
        d1_0.precio_unitario,
        d1_0.producto_id,
        p1_0.id,
        p1_0.categoria,
        p1_0.codigo,
        p1_0.contenido,
        p1_0.descripcion,
        p1_0.estado,
        p1_0.precio_base,
        p1_0.unidad_medida,
        p1_0.unidades_por_paquete,
        d1_0.subtotal 
    from
        detalles_ventas d1_0 
    left join
        productos p1_0 
            on p1_0.id=d1_0.producto_id 
    where
        d1_0.venta_id=?
2026-08-12 18:13:24.081 TRACE [http-nio-8080-exec-1] [requestId=cfb17112-2f3f-4fd5-a2f7-2060a5f1ac41] org.hibernate.orm.jdbc.bind - binding parameter (1:BIGINT) <- [10]
2026-08-12 18:13:24.081 DEBUG [http-nio-8080-exec-1] [requestId=cfb17112-2f3f-4fd5-a2f7-2060a5f1ac41] org.hibernate.SQL - 
    select
        d1_0.venta_id,
        d1_0.id,
        d1_0.cantidad,
        d1_0.envases_devueltos,
        d1_0.modalidad_envase,
        d1_0.precio_unitario,
        d1_0.producto_id,
        p1_0.id,
        p1_0.categoria,
        p1_0.codigo,
        p1_0.contenido,
        p1_0.descripcion,
        p1_0.estado,
        p1_0.precio_base,
        p1_0.unidad_medida,
        p1_0.unidades_por_paquete,
        d1_0.subtotal 
    from
        detalles_ventas d1_0 
    left join
        productos p1_0 
            on p1_0.id=d1_0.producto_id 
    where
        d1_0.venta_id=?
2026-08-12 18:13:24.081 TRACE [http-nio-8080-exec-1] [requestId=cfb17112-2f3f-4fd5-a2f7-2060a5f1ac41] org.hibernate.orm.jdbc.bind - binding parameter (1:BIGINT) <- [7]
2026-08-12 18:13:24.082 DEBUG [http-nio-8080-exec-1] [requestId=cfb17112-2f3f-4fd5-a2f7-2060a5f1ac41] org.hibernate.SQL - 
    select
        d1_0.venta_id,
        d1_0.id,
        d1_0.cantidad,
        d1_0.envases_devueltos,
        d1_0.modalidad_envase,
        d1_0.precio_unitario,
        d1_0.producto_id,
        p1_0.id,
        p1_0.categoria,
        p1_0.codigo,
        p1_0.contenido,
        p1_0.descripcion,
        p1_0.estado,
        p1_0.precio_base,
        p1_0.unidad_medida,
        p1_0.unidades_por_paquete,
        d1_0.subtotal 
    from
        detalles_ventas d1_0 
    left join
        productos p1_0 
            on p1_0.id=d1_0.producto_id 
    where
        d1_0.venta_id=?
2026-08-12 18:13:24.082 TRACE [http-nio-8080-exec-1] [requestId=cfb17112-2f3f-4fd5-a2f7-2060a5f1ac41] org.hibernate.orm.jdbc.bind - binding parameter (1:BIGINT) <- [5]
2026-08-12 18:13:24.083 DEBUG [http-nio-8080-exec-1] [requestId=cfb17112-2f3f-4fd5-a2f7-2060a5f1ac41] org.hibernate.SQL - 
    select
        d1_0.venta_id,
        d1_0.id,
        d1_0.cantidad,
        d1_0.envases_devueltos,
        d1_0.modalidad_envase,
        d1_0.precio_unitario,
        d1_0.producto_id,
        p1_0.id,
        p1_0.categoria,
        p1_0.codigo,
        p1_0.contenido,
        p1_0.descripcion,
        p1_0.estado,
        p1_0.precio_base,
        p1_0.unidad_medida,
        p1_0.unidades_por_paquete,
        d1_0.subtotal 
    from
        detalles_ventas d1_0 
    left join
        productos p1_0 
            on p1_0.id=d1_0.producto_id 
    where
        d1_0.venta_id=?
2026-08-12 18:13:24.083 TRACE [http-nio-8080-exec-1] [requestId=cfb17112-2f3f-4fd5-a2f7-2060a5f1ac41] org.hibernate.orm.jdbc.bind - binding parameter (1:BIGINT) <- [2]
2026-08-12 18:13:24.084 DEBUG [http-nio-8080-exec-1] [requestId=cfb17112-2f3f-4fd5-a2f7-2060a5f1ac41] org.hibernate.SQL - 
    select
        d1_0.venta_id,
        d1_0.id,
        d1_0.cantidad,
        d1_0.envases_devueltos,
        d1_0.modalidad_envase,
        d1_0.precio_unitario,
        d1_0.producto_id,
        p1_0.id,
        p1_0.categoria,
        p1_0.codigo,
        p1_0.contenido,
        p1_0.descripcion,
        p1_0.estado,
        p1_0.precio_base,
        p1_0.unidad_medida,
        p1_0.unidades_por_paquete,
        d1_0.subtotal 
    from
        detalles_ventas d1_0 
    left join
        productos p1_0 
            on p1_0.id=d1_0.producto_id 
    where
        d1_0.venta_id=?
2026-08-12 18:13:24.084 TRACE [http-nio-8080-exec-1] [requestId=cfb17112-2f3f-4fd5-a2f7-2060a5f1ac41] org.hibernate.orm.jdbc.bind - binding parameter (1:BIGINT) <- [1]
2026-08-12 18:13:35.343 DEBUG [http-nio-8080-exec-3] [requestId=827a2803-6034-4c7c-b31b-93ec7b7e4b19] org.hibernate.SQL - 
    select
        c1_0.id,
        c1_0.categoria,
        c1_0.direccion,
        c1_0.email,
        c1_0.estado,
        c1_0.nombre,
        c1_0.telefono 
    from
        clients c1_0 
    where
        (
            ? is null 
            or lower(c1_0.nombre) like lower(concat('%', ?, '%')) escape '' 
            or lower(c1_0.telefono) like lower(concat('%', ?, '%')) escape '' 
            or lower(c1_0.email) like lower(concat('%', ?, '%')) escape ''
        ) 
        and (
            ? is null 
            or c1_0.estado=?
        ) 
        and (
            ? is null 
            or c1_0.categoria=?
        ) 
    order by
        c1_0.nombre 
    limit
        ?
2026-08-12 18:13:35.344 TRACE [http-nio-8080-exec-3] [requestId=827a2803-6034-4c7c-b31b-93ec7b7e4b19] org.hibernate.orm.jdbc.bind - binding parameter (1:JAVA_OBJECT) <- [null]
2026-08-12 18:13:35.344 TRACE [http-nio-8080-exec-3] [requestId=827a2803-6034-4c7c-b31b-93ec7b7e4b19] org.hibernate.orm.jdbc.bind - binding parameter (2:JAVA_OBJECT) <- [null]
2026-08-12 18:13:35.344 TRACE [http-nio-8080-exec-3] [requestId=827a2803-6034-4c7c-b31b-93ec7b7e4b19] org.hibernate.orm.jdbc.bind - binding parameter (3:JAVA_OBJECT) <- [null]
2026-08-12 18:13:35.344 TRACE [http-nio-8080-exec-3] [requestId=827a2803-6034-4c7c-b31b-93ec7b7e4b19] org.hibernate.orm.jdbc.bind - binding parameter (4:JAVA_OBJECT) <- [null]
2026-08-12 18:13:35.344 TRACE [http-nio-8080-exec-3] [requestId=827a2803-6034-4c7c-b31b-93ec7b7e4b19] org.hibernate.orm.jdbc.bind - binding parameter (5:ENUM) <- [null]
2026-08-12 18:13:35.344 TRACE [http-nio-8080-exec-3] [requestId=827a2803-6034-4c7c-b31b-93ec7b7e4b19] org.hibernate.orm.jdbc.bind - binding parameter (6:ENUM) <- [null]
2026-08-12 18:13:35.344 TRACE [http-nio-8080-exec-3] [requestId=827a2803-6034-4c7c-b31b-93ec7b7e4b19] org.hibernate.orm.jdbc.bind - binding parameter (7:ENUM) <- [null]
2026-08-12 18:13:35.344 TRACE [http-nio-8080-exec-3] [requestId=827a2803-6034-4c7c-b31b-93ec7b7e4b19] org.hibernate.orm.jdbc.bind - binding parameter (8:ENUM) <- [null]
2026-08-12 18:13:35.344 TRACE [http-nio-8080-exec-3] [requestId=827a2803-6034-4c7c-b31b-93ec7b7e4b19] org.hibernate.orm.jdbc.bind - binding parameter (9:INTEGER) <- [20]
2026-08-12 18:13:44.391 DEBUG [http-nio-8080-exec-4] [requestId=2a9887e5-3053-47e4-97bd-7198889e0a24] org.hibernate.SQL - 
    select
        p1_0.id,
        p1_0.categoria,
        p1_0.codigo,
        p1_0.contenido,
        p1_0.descripcion,
        p1_0.estado,
        p1_0.precio_base,
        p1_0.unidad_medida,
        p1_0.unidades_por_paquete 
    from
        productos p1_0 
    where
        (
            ? is null 
            or lower(p1_0.codigo) like lower(concat('%', ?, '%')) escape '' 
            or lower(p1_0.descripcion) like lower(concat('%', ?, '%')) escape ''
        ) 
        and (
            ? is null 
            or p1_0.estado=?
        ) 
        and (
            ? is null 
            or p1_0.categoria=?
        ) 
    order by
        p1_0.descripcion 
    limit
        ?
2026-08-12 18:13:44.391 TRACE [http-nio-8080-exec-4] [requestId=2a9887e5-3053-47e4-97bd-7198889e0a24] org.hibernate.orm.jdbc.bind - binding parameter (1:JAVA_OBJECT) <- [null]
2026-08-12 18:13:44.391 TRACE [http-nio-8080-exec-4] [requestId=2a9887e5-3053-47e4-97bd-7198889e0a24] org.hibernate.orm.jdbc.bind - binding parameter (2:JAVA_OBJECT) <- [null]
2026-08-12 18:13:44.391 TRACE [http-nio-8080-exec-4] [requestId=2a9887e5-3053-47e4-97bd-7198889e0a24] org.hibernate.orm.jdbc.bind - binding parameter (3:JAVA_OBJECT) <- [null]
2026-08-12 18:13:44.391 TRACE [http-nio-8080-exec-4] [requestId=2a9887e5-3053-47e4-97bd-7198889e0a24] org.hibernate.orm.jdbc.bind - binding parameter (4:ENUM) <- [null]
2026-08-12 18:13:44.391 TRACE [http-nio-8080-exec-4] [requestId=2a9887e5-3053-47e4-97bd-7198889e0a24] org.hibernate.orm.jdbc.bind - binding parameter (5:ENUM) <- [null]
2026-08-12 18:13:44.391 TRACE [http-nio-8080-exec-4] [requestId=2a9887e5-3053-47e4-97bd-7198889e0a24] org.hibernate.orm.jdbc.bind - binding parameter (6:ENUM) <- [null]
2026-08-12 18:13:44.391 TRACE [http-nio-8080-exec-4] [requestId=2a9887e5-3053-47e4-97bd-7198889e0a24] org.hibernate.orm.jdbc.bind - binding parameter (7:ENUM) <- [null]
2026-08-12 18:13:44.391 TRACE [http-nio-8080-exec-4] [requestId=2a9887e5-3053-47e4-97bd-7198889e0a24] org.hibernate.orm.jdbc.bind - binding parameter (8:INTEGER) <- [20]
2026-08-12 18:13:53.547 DEBUG [http-nio-8080-exec-2] [requestId=f3ea48ee-cd48-4c22-863b-05626d215aba] org.hibernate.SQL - 
    select
        coalesce(sum(v1_0.total), 0) 
    from
        ventas v1_0 
    where
        v1_0.fecha_creacion>=? 
        and v1_0.fecha_creacion<? 
        and v1_0.estado<>?
2026-08-12 18:13:53.548 TRACE [http-nio-8080-exec-2] [requestId=f3ea48ee-cd48-4c22-863b-05626d215aba] org.hibernate.orm.jdbc.bind - binding parameter (1:TIMESTAMP) <- [2026-08-12T00:00]
2026-08-12 18:13:53.548 TRACE [http-nio-8080-exec-2] [requestId=f3ea48ee-cd48-4c22-863b-05626d215aba] org.hibernate.orm.jdbc.bind - binding parameter (2:TIMESTAMP) <- [2026-08-13T00:00]
2026-08-12 18:13:53.548 TRACE [http-nio-8080-exec-2] [requestId=f3ea48ee-cd48-4c22-863b-05626d215aba] org.hibernate.orm.jdbc.bind - binding parameter (3:ENUM) <- [ANULADA]
2026-08-12 18:13:53.549 DEBUG [http-nio-8080-exec-2] [requestId=f3ea48ee-cd48-4c22-863b-05626d215aba] org.hibernate.SQL - 
    select
        count(v1_0.id) 
    from
        ventas v1_0 
    where
        v1_0.fecha_creacion>=? 
        and v1_0.fecha_creacion<? 
        and v1_0.estado<>?
2026-08-12 18:13:53.549 TRACE [http-nio-8080-exec-2] [requestId=f3ea48ee-cd48-4c22-863b-05626d215aba] org.hibernate.orm.jdbc.bind - binding parameter (1:TIMESTAMP) <- [2026-08-12T00:00]
2026-08-12 18:13:53.549 TRACE [http-nio-8080-exec-2] [requestId=f3ea48ee-cd48-4c22-863b-05626d215aba] org.hibernate.orm.jdbc.bind - binding parameter (2:TIMESTAMP) <- [2026-08-13T00:00]
2026-08-12 18:13:53.549 TRACE [http-nio-8080-exec-2] [requestId=f3ea48ee-cd48-4c22-863b-05626d215aba] org.hibernate.orm.jdbc.bind - binding parameter (3:ENUM) <- [ANULADA]
2026-08-12 18:13:53.549 DEBUG [http-nio-8080-exec-2] [requestId=f3ea48ee-cd48-4c22-863b-05626d215aba] org.hibernate.SQL - 
    select
        coalesce(sum(p1_0.monto), 0) 
    from
        pagos p1_0 
    where
        p1_0.fecha_pago>=? 
        and p1_0.fecha_pago<?
2026-08-12 18:13:53.549 TRACE [http-nio-8080-exec-2] [requestId=f3ea48ee-cd48-4c22-863b-05626d215aba] org.hibernate.orm.jdbc.bind - binding parameter (1:TIMESTAMP) <- [2026-08-12T00:00]
2026-08-12 18:13:53.549 TRACE [http-nio-8080-exec-2] [requestId=f3ea48ee-cd48-4c22-863b-05626d215aba] org.hibernate.orm.jdbc.bind - binding parameter (2:TIMESTAMP) <- [2026-08-13T00:00]
2026-08-12 18:13:53.550 DEBUG [http-nio-8080-exec-2] [requestId=f3ea48ee-cd48-4c22-863b-05626d215aba] org.hibernate.SQL - 
    select
        coalesce(sum(pp1_0.monto), 0) 
    from
        pagos_proveedores pp1_0 
    where
        pp1_0.fecha_pago>=? 
        and pp1_0.fecha_pago<?
2026-08-12 18:13:53.550 TRACE [http-nio-8080-exec-2] [requestId=f3ea48ee-cd48-4c22-863b-05626d215aba] org.hibernate.orm.jdbc.bind - binding parameter (1:TIMESTAMP) <- [2026-08-12T00:00]
2026-08-12 18:13:53.550 TRACE [http-nio-8080-exec-2] [requestId=f3ea48ee-cd48-4c22-863b-05626d215aba] org.hibernate.orm.jdbc.bind - binding parameter (2:TIMESTAMP) <- [2026-08-13T00:00]
2026-08-12 18:13:53.552 DEBUG [http-nio-8080-exec-2] [requestId=f3ea48ee-cd48-4c22-863b-05626d215aba] org.hibernate.SQL - 
    select
        coalesce(sum(cc1_0.saldo_pendiente), 0) 
    from
        cuentas_cobrar cc1_0 
    where
        cc1_0.estado in (?, ?)
2026-08-12 18:13:53.553 TRACE [http-nio-8080-exec-2] [requestId=f3ea48ee-cd48-4c22-863b-05626d215aba] org.hibernate.orm.jdbc.bind - binding parameter (1:ENUM) <- [PENDIENTE]
2026-08-12 18:13:53.553 TRACE [http-nio-8080-exec-2] [requestId=f3ea48ee-cd48-4c22-863b-05626d215aba] org.hibernate.orm.jdbc.bind - binding parameter (2:ENUM) <- [PARCIAL]
2026-08-12 18:13:53.554 DEBUG [http-nio-8080-exec-2] [requestId=f3ea48ee-cd48-4c22-863b-05626d215aba] org.hibernate.SQL - 
    select
        coalesce(sum(cp1_0.saldo_pendiente), 0) 
    from
        cuentas_pagar cp1_0 
    where
        cp1_0.estado in (?, ?)
2026-08-12 18:13:53.554 TRACE [http-nio-8080-exec-2] [requestId=f3ea48ee-cd48-4c22-863b-05626d215aba] org.hibernate.orm.jdbc.bind - binding parameter (1:ENUM) <- [PENDIENTE]
2026-08-12 18:13:53.554 TRACE [http-nio-8080-exec-2] [requestId=f3ea48ee-cd48-4c22-863b-05626d215aba] org.hibernate.orm.jdbc.bind - binding parameter (2:ENUM) <- [PARCIAL]
2026-08-12 18:13:53.555 DEBUG [http-nio-8080-exec-2] [requestId=f3ea48ee-cd48-4c22-863b-05626d215aba] org.hibernate.SQL - 
    select
        c1_0.id,
        c1_0.abierta_por,
        c1_0.cerrada_por,
        c1_0.diferencia,
        c1_0.estado,
        c1_0.fecha_apertura,
        c1_0.fecha_cierre,
        c1_0.saldo_actual,
        c1_0.saldo_esperado,
        c1_0.saldo_inicial,
        c1_0.saldo_real,
        c1_0.total_egresos,
        c1_0.total_ingresos 
    from
        cajas c1_0 
    where
        c1_0.estado=? 
    order by
        c1_0.fecha_apertura desc 
    limit
        ?
2026-08-12 18:13:53.555 TRACE [http-nio-8080-exec-2] [requestId=f3ea48ee-cd48-4c22-863b-05626d215aba] org.hibernate.orm.jdbc.bind - binding parameter (1:ENUM) <- [ABIERTA]
2026-08-12 18:13:53.555 TRACE [http-nio-8080-exec-2] [requestId=f3ea48ee-cd48-4c22-863b-05626d215aba] org.hibernate.orm.jdbc.bind - binding parameter (2:INTEGER) <- [1]
2026-08-12 18:13:53.556 DEBUG [http-nio-8080-exec-2] [requestId=f3ea48ee-cd48-4c22-863b-05626d215aba] org.hibernate.SQL - 
    select
        mc1_0.id,
        mc1_0.caja_id,
        mc1_0.concepto,
        mc1_0.fecha_movimiento,
        mc1_0.monto,
        mc1_0.referencia,
        mc1_0.registrado_por,
        mc1_0.tipo_movimiento 
    from
        movimientos_caja mc1_0 
    where
        mc1_0.fecha_movimiento>=? 
        and mc1_0.fecha_movimiento<?
2026-08-12 18:13:53.556 TRACE [http-nio-8080-exec-2] [requestId=f3ea48ee-cd48-4c22-863b-05626d215aba] org.hibernate.orm.jdbc.bind - binding parameter (1:TIMESTAMP) <- [2026-08-12T00:00]
2026-08-12 18:13:53.556 TRACE [http-nio-8080-exec-2] [requestId=f3ea48ee-cd48-4c22-863b-05626d215aba] org.hibernate.orm.jdbc.bind - binding parameter (2:TIMESTAMP) <- [2026-08-13T00:00]
2026-08-12 18:13:53.557 DEBUG [http-nio-8080-exec-2] [requestId=f3ea48ee-cd48-4c22-863b-05626d215aba] org.hibernate.SQL - 
    select
        c1_0.id,
        c1_0.abierta_por,
        c1_0.cerrada_por,
        c1_0.diferencia,
        c1_0.estado,
        c1_0.fecha_apertura,
        c1_0.fecha_cierre,
        c1_0.saldo_actual,
        c1_0.saldo_esperado,
        c1_0.saldo_inicial,
        c1_0.saldo_real,
        c1_0.total_egresos,
        c1_0.total_ingresos 
    from
        cajas c1_0 
    where
        c1_0.id=?
2026-08-12 18:13:53.557 TRACE [http-nio-8080-exec-2] [requestId=f3ea48ee-cd48-4c22-863b-05626d215aba] org.hibernate.orm.jdbc.bind - binding parameter (1:BIGINT) <- [1]
2026-08-12 18:13:53.558 DEBUG [http-nio-8080-exec-2] [requestId=f3ea48ee-cd48-4c22-863b-05626d215aba] org.hibernate.SQL - 
    select
        coalesce(sum(c1_0.total), 0) 
    from
        compras c1_0 
    where
        c1_0.fecha_creacion>=? 
        and c1_0.fecha_creacion<? 
        and c1_0.estado<>?
2026-08-12 18:13:53.559 TRACE [http-nio-8080-exec-2] [requestId=f3ea48ee-cd48-4c22-863b-05626d215aba] org.hibernate.orm.jdbc.bind - binding parameter (1:TIMESTAMP) <- [2026-08-12T00:00]
2026-08-12 18:13:53.559 TRACE [http-nio-8080-exec-2] [requestId=f3ea48ee-cd48-4c22-863b-05626d215aba] org.hibernate.orm.jdbc.bind - binding parameter (2:TIMESTAMP) <- [2026-08-13T00:00]
2026-08-12 18:13:53.559 TRACE [http-nio-8080-exec-2] [requestId=f3ea48ee-cd48-4c22-863b-05626d215aba] org.hibernate.orm.jdbc.bind - binding parameter (3:ENUM) <- [ANULADA]
2026-08-12 18:13:53.559 DEBUG [http-nio-8080-exec-2] [requestId=f3ea48ee-cd48-4c22-863b-05626d215aba] org.hibernate.SQL - 
    select
        count(c1_0.id) 
    from
        compras c1_0 
    where
        c1_0.fecha_creacion>=? 
        and c1_0.fecha_creacion<? 
        and c1_0.estado<>?
2026-08-12 18:13:53.559 TRACE [http-nio-8080-exec-2] [requestId=f3ea48ee-cd48-4c22-863b-05626d215aba] org.hibernate.orm.jdbc.bind - binding parameter (1:TIMESTAMP) <- [2026-08-12T00:00]
2026-08-12 18:13:53.560 TRACE [http-nio-8080-exec-2] [requestId=f3ea48ee-cd48-4c22-863b-05626d215aba] org.hibernate.orm.jdbc.bind - binding parameter (2:TIMESTAMP) <- [2026-08-13T00:00]
2026-08-12 18:13:53.560 TRACE [http-nio-8080-exec-2] [requestId=f3ea48ee-cd48-4c22-863b-05626d215aba] org.hibernate.orm.jdbc.bind - binding parameter (3:ENUM) <- [ANULADA]
2026-08-12 18:13:53.561 DEBUG [http-nio-8080-exec-2] [requestId=f3ea48ee-cd48-4c22-863b-05626d215aba] org.hibernate.SQL - 
    select
        count(i1_0.id) 
    from
        inventarios i1_0
2026-08-12 18:13:53.561 DEBUG [http-nio-8080-exec-2] [requestId=f3ea48ee-cd48-4c22-863b-05626d215aba] org.hibernate.SQL - 
    select
        count(i1_0.id) 
    from
        inventarios i1_0 
    where
        i1_0.stock_actual<=i1_0.stock_minimo
2026-08-12 18:15:01.070 WARN  [http-nio-8080-exec-7] [requestId=e91eb9c8-d072-4cf2-9169-790e019423fd] o.h.v.i.m.a.CascadingMetaDataBuilder - HV000271: Using `@Valid` on a container (java.util.List) is deprecated. You should apply the annotation on the type argument(s). Affected element: detalles
2026-08-12 18:15:01.087 DEBUG [http-nio-8080-exec-7] [requestId=e91eb9c8-d072-4cf2-9169-790e019423fd] org.hibernate.SQL - 
    select
        c1_0.id,
        c1_0.categoria,
        c1_0.direccion,
        c1_0.email,
        c1_0.estado,
        c1_0.nombre,
        c1_0.telefono 
    from
        clients c1_0 
    where
        c1_0.id=?
2026-08-12 18:15:01.087 TRACE [http-nio-8080-exec-7] [requestId=e91eb9c8-d072-4cf2-9169-790e019423fd] org.hibernate.orm.jdbc.bind - binding parameter (1:BIGINT) <- [2]
2026-08-12 18:15:01.088 DEBUG [http-nio-8080-exec-7] [requestId=e91eb9c8-d072-4cf2-9169-790e019423fd] org.hibernate.SQL - 
    select
        p1_0.id,
        p1_0.categoria,
        p1_0.codigo,
        p1_0.contenido,
        p1_0.descripcion,
        p1_0.estado,
        p1_0.precio_base,
        p1_0.unidad_medida,
        p1_0.unidades_por_paquete 
    from
        productos p1_0 
    where
        p1_0.id=?
2026-08-12 18:15:01.089 TRACE [http-nio-8080-exec-7] [requestId=e91eb9c8-d072-4cf2-9169-790e019423fd] org.hibernate.orm.jdbc.bind - binding parameter (1:BIGINT) <- [1]
2026-08-12 18:15:01.092 DEBUG [http-nio-8080-exec-7] [requestId=e91eb9c8-d072-4cf2-9169-790e019423fd] org.hibernate.SQL - 
    select
        cp1_0.id,
        cp1_0.cliente_id,
        cp1_0.fecha_actualizacion,
        cp1_0.fecha_creacion,
        cp1_0.precio,
        cp1_0.producto_id 
    from
        clientes_precios cp1_0 
    where
        cp1_0.cliente_id=? 
        and cp1_0.producto_id=?
2026-08-12 18:15:01.093 TRACE [http-nio-8080-exec-7] [requestId=e91eb9c8-d072-4cf2-9169-790e019423fd] org.hibernate.orm.jdbc.bind - binding parameter (1:BIGINT) <- [2]
2026-08-12 18:15:01.093 TRACE [http-nio-8080-exec-7] [requestId=e91eb9c8-d072-4cf2-9169-790e019423fd] org.hibernate.orm.jdbc.bind - binding parameter (2:BIGINT) <- [1]
2026-08-12 18:15:01.096 DEBUG [http-nio-8080-exec-7] [requestId=e91eb9c8-d072-4cf2-9169-790e019423fd] org.hibernate.SQL - 
    insert 
    into
        ventas
        (actualizado_por, cliente_id, codigo, creado_por, estado, fecha_actualizacion, fecha_creacion, subtotal, total) 
    values
        (?, ?, ?, ?, ?, ?, ?, ?, ?)
2026-08-12 18:15:01.097 TRACE [http-nio-8080-exec-7] [requestId=e91eb9c8-d072-4cf2-9169-790e019423fd] org.hibernate.orm.jdbc.bind - binding parameter (1:VARCHAR) <- [null]
2026-08-12 18:15:01.097 TRACE [http-nio-8080-exec-7] [requestId=e91eb9c8-d072-4cf2-9169-790e019423fd] org.hibernate.orm.jdbc.bind - binding parameter (2:BIGINT) <- [2]
2026-08-12 18:15:01.097 TRACE [http-nio-8080-exec-7] [requestId=e91eb9c8-d072-4cf2-9169-790e019423fd] org.hibernate.orm.jdbc.bind - binding parameter (3:VARCHAR) <- [VEN-4C781A40]
2026-08-12 18:15:01.097 TRACE [http-nio-8080-exec-7] [requestId=e91eb9c8-d072-4cf2-9169-790e019423fd] org.hibernate.orm.jdbc.bind - binding parameter (4:VARCHAR) <- [ventasbencol]
2026-08-12 18:15:01.097 TRACE [http-nio-8080-exec-7] [requestId=e91eb9c8-d072-4cf2-9169-790e019423fd] org.hibernate.orm.jdbc.bind - binding parameter (5:ENUM) <- [EMITIDA]
2026-08-12 18:15:01.097 TRACE [http-nio-8080-exec-7] [requestId=e91eb9c8-d072-4cf2-9169-790e019423fd] org.hibernate.orm.jdbc.bind - binding parameter (6:TIMESTAMP) <- [null]
2026-08-12 18:15:01.097 TRACE [http-nio-8080-exec-7] [requestId=e91eb9c8-d072-4cf2-9169-790e019423fd] org.hibernate.orm.jdbc.bind - binding parameter (7:TIMESTAMP) <- [2026-08-12T18:15:01.095380900]
2026-08-12 18:15:01.097 TRACE [http-nio-8080-exec-7] [requestId=e91eb9c8-d072-4cf2-9169-790e019423fd] org.hibernate.orm.jdbc.bind - binding parameter (8:NUMERIC) <- [45.00]
2026-08-12 18:15:01.097 TRACE [http-nio-8080-exec-7] [requestId=e91eb9c8-d072-4cf2-9169-790e019423fd] org.hibernate.orm.jdbc.bind - binding parameter (9:NUMERIC) <- [45.00]
2026-08-12 18:15:01.100 DEBUG [http-nio-8080-exec-7] [requestId=e91eb9c8-d072-4cf2-9169-790e019423fd] org.hibernate.SQL - 
    insert 
    into
        detalles_ventas
        (cantidad, envases_devueltos, modalidad_envase, precio_unitario, producto_id, subtotal, venta_id) 
    values
        (?, ?, ?, ?, ?, ?, ?)
2026-08-12 18:15:01.100 TRACE [http-nio-8080-exec-7] [requestId=e91eb9c8-d072-4cf2-9169-790e019423fd] org.hibernate.orm.jdbc.bind - binding parameter (1:INTEGER) <- [5]
2026-08-12 18:15:01.100 TRACE [http-nio-8080-exec-7] [requestId=e91eb9c8-d072-4cf2-9169-790e019423fd] org.hibernate.orm.jdbc.bind - binding parameter (2:INTEGER) <- [5]
2026-08-12 18:15:01.100 TRACE [http-nio-8080-exec-7] [requestId=e91eb9c8-d072-4cf2-9169-790e019423fd] org.hibernate.orm.jdbc.bind - binding parameter (3:ENUM) <- [INTERCAMBIO]
2026-08-12 18:15:01.100 TRACE [http-nio-8080-exec-7] [requestId=e91eb9c8-d072-4cf2-9169-790e019423fd] org.hibernate.orm.jdbc.bind - binding parameter (4:NUMERIC) <- [9.00]
2026-08-12 18:15:01.100 TRACE [http-nio-8080-exec-7] [requestId=e91eb9c8-d072-4cf2-9169-790e019423fd] org.hibernate.orm.jdbc.bind - binding parameter (5:BIGINT) <- [1]
2026-08-12 18:15:01.100 TRACE [http-nio-8080-exec-7] [requestId=e91eb9c8-d072-4cf2-9169-790e019423fd] org.hibernate.orm.jdbc.bind - binding parameter (6:NUMERIC) <- [45.00]
2026-08-12 18:15:01.100 TRACE [http-nio-8080-exec-7] [requestId=e91eb9c8-d072-4cf2-9169-790e019423fd] org.hibernate.orm.jdbc.bind - binding parameter (7:BIGINT) <- [15]
2026-08-12 18:15:01.106 DEBUG [http-nio-8080-exec-7] [requestId=e91eb9c8-d072-4cf2-9169-790e019423fd] org.hibernate.SQL - 
    select
        cec1_0.id,
        cec1_0.cantidad_prestados,
        cec1_0.cantidad_propios,
        cec1_0.cliente_id,
        cec1_0.fecha_actualizacion,
        cec1_0.fecha_creacion,
        cec1_0.producto_id 
    from
        cuentas_envases_clientes cec1_0 
    where
        cec1_0.cliente_id=? 
        and cec1_0.producto_id=? 
    for
        updateof cec1_0
2026-08-12 18:15:01.106 TRACE [http-nio-8080-exec-7] [requestId=e91eb9c8-d072-4cf2-9169-790e019423fd] org.hibernate.orm.jdbc.bind - binding parameter (1:BIGINT) <- [2]
2026-08-12 18:15:01.106 TRACE [http-nio-8080-exec-7] [requestId=e91eb9c8-d072-4cf2-9169-790e019423fd] org.hibernate.orm.jdbc.bind - binding parameter (2:BIGINT) <- [1]
2026-08-12 18:15:01.112 DEBUG [http-nio-8080-exec-7] [requestId=e91eb9c8-d072-4cf2-9169-790e019423fd] org.hibernate.SQL - 
    insert 
    into
        movimientos_envases
        (cantidad, cuenta_envase_id, fecha_movimiento, referencia, registrado_por, tipo_movimiento) 
    values
        (?, ?, ?, ?, ?, ?)
2026-08-12 18:15:01.112 TRACE [http-nio-8080-exec-7] [requestId=e91eb9c8-d072-4cf2-9169-790e019423fd] org.hibernate.orm.jdbc.bind - binding parameter (1:INTEGER) <- [5]
2026-08-12 18:15:01.112 TRACE [http-nio-8080-exec-7] [requestId=e91eb9c8-d072-4cf2-9169-790e019423fd] org.hibernate.orm.jdbc.bind - binding parameter (2:BIGINT) <- [5]
2026-08-12 18:15:01.112 TRACE [http-nio-8080-exec-7] [requestId=e91eb9c8-d072-4cf2-9169-790e019423fd] org.hibernate.orm.jdbc.bind - binding parameter (3:TIMESTAMP) <- [2026-08-12T18:15:01.110890100]
2026-08-12 18:15:01.112 TRACE [http-nio-8080-exec-7] [requestId=e91eb9c8-d072-4cf2-9169-790e019423fd] org.hibernate.orm.jdbc.bind - binding parameter (4:VARCHAR) <- [Venta VEN-4C781A40]
2026-08-12 18:15:01.112 TRACE [http-nio-8080-exec-7] [requestId=e91eb9c8-d072-4cf2-9169-790e019423fd] org.hibernate.orm.jdbc.bind - binding parameter (5:VARCHAR) <- [ventasbencol]
2026-08-12 18:15:01.112 TRACE [http-nio-8080-exec-7] [requestId=e91eb9c8-d072-4cf2-9169-790e019423fd] org.hibernate.orm.jdbc.bind - binding parameter (6:ENUM) <- [INTERCAMBIO]
2026-08-12 18:15:01.117 DEBUG [http-nio-8080-exec-7] [requestId=e91eb9c8-d072-4cf2-9169-790e019423fd] org.hibernate.SQL - 
    insert 
    into
        cuentas_cobrar
        (estado, fecha_actualizacion, fecha_creacion, monto_pagado, monto_total, saldo_pendiente, venta_id) 
    values
        (?, ?, ?, ?, ?, ?, ?)
2026-08-12 18:15:01.117 TRACE [http-nio-8080-exec-7] [requestId=e91eb9c8-d072-4cf2-9169-790e019423fd] org.hibernate.orm.jdbc.bind - binding parameter (1:ENUM) <- [PENDIENTE]
2026-08-12 18:15:01.117 TRACE [http-nio-8080-exec-7] [requestId=e91eb9c8-d072-4cf2-9169-790e019423fd] org.hibernate.orm.jdbc.bind - binding parameter (2:TIMESTAMP) <- [null]
2026-08-12 18:15:01.117 TRACE [http-nio-8080-exec-7] [requestId=e91eb9c8-d072-4cf2-9169-790e019423fd] org.hibernate.orm.jdbc.bind - binding parameter (3:TIMESTAMP) <- [2026-08-12T18:15:01.115403300]
2026-08-12 18:15:01.117 TRACE [http-nio-8080-exec-7] [requestId=e91eb9c8-d072-4cf2-9169-790e019423fd] org.hibernate.orm.jdbc.bind - binding parameter (4:NUMERIC) <- [0]
2026-08-12 18:15:01.117 TRACE [http-nio-8080-exec-7] [requestId=e91eb9c8-d072-4cf2-9169-790e019423fd] org.hibernate.orm.jdbc.bind - binding parameter (5:NUMERIC) <- [45.00]
2026-08-12 18:15:01.117 TRACE [http-nio-8080-exec-7] [requestId=e91eb9c8-d072-4cf2-9169-790e019423fd] org.hibernate.orm.jdbc.bind - binding parameter (6:NUMERIC) <- [45.00]
2026-08-12 18:15:01.117 TRACE [http-nio-8080-exec-7] [requestId=e91eb9c8-d072-4cf2-9169-790e019423fd] org.hibernate.orm.jdbc.bind - binding parameter (7:BIGINT) <- [15]
2026-08-12 18:15:01.118 INFO  [http-nio-8080-exec-7] [requestId=e91eb9c8-d072-4cf2-9169-790e019423fd] c.r.b.ventas.service.VentaServiceImpl - Venta creada. id=15, codigo=VEN-4C781A40, clienteId=2, total=45.00, usuario=ventasbencol
2026-08-12 18:15:26.630 DEBUG [http-nio-8080-exec-8] [requestId=eb66ae3e-0eec-4d3b-8d80-3b07bdb453f0] org.hibernate.SQL - 
    select
        c1_0.id,
        c1_0.categoria,
        c1_0.direccion,
        c1_0.email,
        c1_0.estado,
        c1_0.nombre,
        c1_0.telefono 
    from
        clients c1_0 
    where
        c1_0.id=?
2026-08-12 18:15:26.631 TRACE [http-nio-8080-exec-8] [requestId=eb66ae3e-0eec-4d3b-8d80-3b07bdb453f0] org.hibernate.orm.jdbc.bind - binding parameter (1:BIGINT) <- [2]
2026-08-12 18:15:26.632 DEBUG [http-nio-8080-exec-8] [requestId=eb66ae3e-0eec-4d3b-8d80-3b07bdb453f0] org.hibernate.SQL - 
    select
        p1_0.id,
        p1_0.categoria,
        p1_0.codigo,
        p1_0.contenido,
        p1_0.descripcion,
        p1_0.estado,
        p1_0.precio_base,
        p1_0.unidad_medida,
        p1_0.unidades_por_paquete 
    from
        productos p1_0 
    where
        p1_0.id=?
2026-08-12 18:15:26.632 TRACE [http-nio-8080-exec-8] [requestId=eb66ae3e-0eec-4d3b-8d80-3b07bdb453f0] org.hibernate.orm.jdbc.bind - binding parameter (1:BIGINT) <- [1]
2026-08-12 18:15:26.635 WARN  [http-nio-8080-exec-8] [requestId=eb66ae3e-0eec-4d3b-8d80-3b07bdb453f0] c.r.b.u.e.GlobalExceptionHandler - Regla de negocio rechazada. path=/bencol.agua/ventas, mensaje=Solo un administrador puede modificar el precio de compra de un bidón.
2026-08-12 18:15:26.636 WARN  [http-nio-8080-exec-8] [requestId=eb66ae3e-0eec-4d3b-8d80-3b07bdb453f0] o.s.w.s.m.m.a.ExceptionHandlerExceptionResolver - Resolved [com.runicsoft.bencolapp.utils.exceptions.BusinessException: Solo un administrador puede modificar el precio de compra de un bidón.]
2026-08-12 18:16:46.903 DEBUG [http-nio-8080-exec-10] [requestId=00d689c9-3dbb-440e-819a-62d618cb2b28] org.hibernate.SQL - 
    select
        c1_0.id,
        c1_0.abierta_por,
        c1_0.cerrada_por,
        c1_0.diferencia,
        c1_0.estado,
        c1_0.fecha_apertura,
        c1_0.fecha_cierre,
        c1_0.saldo_actual,
        c1_0.saldo_esperado,
        c1_0.saldo_inicial,
        c1_0.saldo_real,
        c1_0.total_egresos,
        c1_0.total_ingresos 
    from
        cajas c1_0 
    where
        (
            ? is null 
            or c1_0.estado=?
        ) 
        and (
            ? is null 
            or c1_0.fecha_apertura>=?
        ) 
        and (
            ? is null 
            or c1_0.fecha_apertura<?
        ) 
    order by
        c1_0.fecha_apertura desc 
    limit
        ?
2026-08-12 18:16:46.903 TRACE [http-nio-8080-exec-10] [requestId=00d689c9-3dbb-440e-819a-62d618cb2b28] org.hibernate.orm.jdbc.bind - binding parameter (1:ENUM) <- [null]
2026-08-12 18:16:46.903 TRACE [http-nio-8080-exec-10] [requestId=00d689c9-3dbb-440e-819a-62d618cb2b28] org.hibernate.orm.jdbc.bind - binding parameter (2:ENUM) <- [null]
2026-08-12 18:16:46.903 TRACE [http-nio-8080-exec-10] [requestId=00d689c9-3dbb-440e-819a-62d618cb2b28] org.hibernate.orm.jdbc.bind - binding parameter (3:TIMESTAMP) <- [null]
2026-08-12 18:16:46.903 TRACE [http-nio-8080-exec-10] [requestId=00d689c9-3dbb-440e-819a-62d618cb2b28] org.hibernate.orm.jdbc.bind - binding parameter (4:TIMESTAMP) <- [null]
2026-08-12 18:16:46.903 TRACE [http-nio-8080-exec-10] [requestId=00d689c9-3dbb-440e-819a-62d618cb2b28] org.hibernate.orm.jdbc.bind - binding parameter (5:TIMESTAMP) <- [null]
2026-08-12 18:16:46.903 TRACE [http-nio-8080-exec-10] [requestId=00d689c9-3dbb-440e-819a-62d618cb2b28] org.hibernate.orm.jdbc.bind - binding parameter (6:TIMESTAMP) <- [null]
2026-08-12 18:16:46.903 TRACE [http-nio-8080-exec-10] [requestId=00d689c9-3dbb-440e-819a-62d618cb2b28] org.hibernate.orm.jdbc.bind - binding parameter (7:INTEGER) <- [20]
2026-08-12 18:16:46.904 DEBUG [http-nio-8080-exec-10] [requestId=00d689c9-3dbb-440e-819a-62d618cb2b28] org.hibernate.SQL - 
    select
        m1_0.caja_id,
        m1_0.id,
        m1_0.concepto,
        m1_0.fecha_movimiento,
        m1_0.monto,
        m1_0.referencia,
        m1_0.registrado_por,
        m1_0.tipo_movimiento 
    from
        movimientos_caja m1_0 
    where
        m1_0.caja_id=?
2026-08-12 18:16:46.905 TRACE [http-nio-8080-exec-10] [requestId=00d689c9-3dbb-440e-819a-62d618cb2b28] org.hibernate.orm.jdbc.bind - binding parameter (1:BIGINT) <- [1]
2026-08-12 18:16:54.425 DEBUG [http-nio-8080-exec-1] [requestId=a1d83dd7-dc1e-4c71-a737-3bfe8aca7dcc] org.hibernate.SQL - 
    select
        e1_0.id,
        e1_0.categoria,
        e1_0.concepto,
        e1_0.fecha_egreso,
        e1_0.monto,
        e1_0.referencia,
        e1_0.registrado_por 
    from
        egresos e1_0 
    where
        (
            ? is null 
            or e1_0.categoria=?
        ) 
        and (
            ? is null 
            or e1_0.fecha_egreso>=?
        ) 
        and (
            ? is null 
            or e1_0.fecha_egreso<?
        ) 
    order by
        e1_0.fecha_egreso desc 
    limit
        ?
2026-08-12 18:16:54.425 TRACE [http-nio-8080-exec-1] [requestId=a1d83dd7-dc1e-4c71-a737-3bfe8aca7dcc] org.hibernate.orm.jdbc.bind - binding parameter (1:ENUM) <- [null]
2026-08-12 18:16:54.425 TRACE [http-nio-8080-exec-1] [requestId=a1d83dd7-dc1e-4c71-a737-3bfe8aca7dcc] org.hibernate.orm.jdbc.bind - binding parameter (2:ENUM) <- [null]
2026-08-12 18:16:54.425 TRACE [http-nio-8080-exec-1] [requestId=a1d83dd7-dc1e-4c71-a737-3bfe8aca7dcc] org.hibernate.orm.jdbc.bind - binding parameter (3:TIMESTAMP) <- [null]
2026-08-12 18:16:54.425 TRACE [http-nio-8080-exec-1] [requestId=a1d83dd7-dc1e-4c71-a737-3bfe8aca7dcc] org.hibernate.orm.jdbc.bind - binding parameter (4:TIMESTAMP) <- [null]
2026-08-12 18:16:54.425 TRACE [http-nio-8080-exec-1] [requestId=a1d83dd7-dc1e-4c71-a737-3bfe8aca7dcc] org.hibernate.orm.jdbc.bind - binding parameter (5:TIMESTAMP) <- [null]
2026-08-12 18:16:54.425 TRACE [http-nio-8080-exec-1] [requestId=a1d83dd7-dc1e-4c71-a737-3bfe8aca7dcc] org.hibernate.orm.jdbc.bind - binding parameter (6:TIMESTAMP) <- [null]
2026-08-12 18:16:54.425 TRACE [http-nio-8080-exec-1] [requestId=a1d83dd7-dc1e-4c71-a737-3bfe8aca7dcc] org.hibernate.orm.jdbc.bind - binding parameter (7:INTEGER) <- [20]
2026-08-12 18:17:01.212 DEBUG [http-nio-8080-exec-3] [requestId=83f5343f-2144-4bfc-842a-7f873589cd88] org.hibernate.SQL - 
    select
        cc1_0.id,
        cc1_0.estado,
        cc1_0.fecha_actualizacion,
        cc1_0.fecha_creacion,
        cc1_0.monto_pagado,
        cc1_0.monto_total,
        cc1_0.saldo_pendiente,
        cc1_0.venta_id 
    from
        cuentas_cobrar cc1_0 
    join
        ventas v1_0 
            on v1_0.id=cc1_0.venta_id 
    where
        (
            ? is null 
            or v1_0.cliente_id=?
        ) 
        and (
            ? is null 
            or cc1_0.estado=?
        ) 
        and (
            ? is null 
            or v1_0.fecha_creacion>=?
        ) 
        and (
            ? is null 
            or v1_0.fecha_creacion<?
        ) 
    order by
        v1_0.fecha_creacion desc 
    limit
        ?
2026-08-12 18:17:01.212 TRACE [http-nio-8080-exec-3] [requestId=83f5343f-2144-4bfc-842a-7f873589cd88] org.hibernate.orm.jdbc.bind - binding parameter (1:BIGINT) <- [null]
2026-08-12 18:17:01.212 TRACE [http-nio-8080-exec-3] [requestId=83f5343f-2144-4bfc-842a-7f873589cd88] org.hibernate.orm.jdbc.bind - binding parameter (2:BIGINT) <- [null]
2026-08-12 18:17:01.212 TRACE [http-nio-8080-exec-3] [requestId=83f5343f-2144-4bfc-842a-7f873589cd88] org.hibernate.orm.jdbc.bind - binding parameter (3:ENUM) <- [null]
2026-08-12 18:17:01.212 TRACE [http-nio-8080-exec-3] [requestId=83f5343f-2144-4bfc-842a-7f873589cd88] org.hibernate.orm.jdbc.bind - binding parameter (4:ENUM) <- [null]
2026-08-12 18:17:01.212 TRACE [http-nio-8080-exec-3] [requestId=83f5343f-2144-4bfc-842a-7f873589cd88] org.hibernate.orm.jdbc.bind - binding parameter (5:TIMESTAMP) <- [null]
2026-08-12 18:17:01.212 TRACE [http-nio-8080-exec-3] [requestId=83f5343f-2144-4bfc-842a-7f873589cd88] org.hibernate.orm.jdbc.bind - binding parameter (6:TIMESTAMP) <- [null]
2026-08-12 18:17:01.212 TRACE [http-nio-8080-exec-3] [requestId=83f5343f-2144-4bfc-842a-7f873589cd88] org.hibernate.orm.jdbc.bind - binding parameter (7:TIMESTAMP) <- [null]
2026-08-12 18:17:01.212 TRACE [http-nio-8080-exec-3] [requestId=83f5343f-2144-4bfc-842a-7f873589cd88] org.hibernate.orm.jdbc.bind - binding parameter (8:TIMESTAMP) <- [null]
2026-08-12 18:17:01.212 TRACE [http-nio-8080-exec-3] [requestId=83f5343f-2144-4bfc-842a-7f873589cd88] org.hibernate.orm.jdbc.bind - binding parameter (9:INTEGER) <- [20]
2026-08-12 18:17:01.213 DEBUG [http-nio-8080-exec-3] [requestId=83f5343f-2144-4bfc-842a-7f873589cd88] org.hibernate.SQL - 
    select
        v1_0.id,
        v1_0.actualizado_por,
        v1_0.cliente_id,
        c1_0.id,
        c1_0.categoria,
        c1_0.direccion,
        c1_0.email,
        c1_0.estado,
        c1_0.nombre,
        c1_0.telefono,
        v1_0.codigo,
        v1_0.creado_por,
        v1_0.estado,
        v1_0.fecha_actualizacion,
        v1_0.fecha_creacion,
        v1_0.subtotal,
        v1_0.total 
    from
        ventas v1_0 
    join
        clients c1_0 
            on c1_0.id=v1_0.cliente_id 
    where
        v1_0.id=?
2026-08-12 18:17:01.213 TRACE [http-nio-8080-exec-3] [requestId=83f5343f-2144-4bfc-842a-7f873589cd88] org.hibernate.orm.jdbc.bind - binding parameter (1:BIGINT) <- [15]
2026-08-12 18:17:01.215 DEBUG [http-nio-8080-exec-3] [requestId=83f5343f-2144-4bfc-842a-7f873589cd88] org.hibernate.SQL - 
    select
        v1_0.id,
        v1_0.actualizado_por,
        v1_0.cliente_id,
        c1_0.id,
        c1_0.categoria,
        c1_0.direccion,
        c1_0.email,
        c1_0.estado,
        c1_0.nombre,
        c1_0.telefono,
        v1_0.codigo,
        v1_0.creado_por,
        v1_0.estado,
        v1_0.fecha_actualizacion,
        v1_0.fecha_creacion,
        v1_0.subtotal,
        v1_0.total 
    from
        ventas v1_0 
    join
        clients c1_0 
            on c1_0.id=v1_0.cliente_id 
    where
        v1_0.id=?
2026-08-12 18:17:01.215 TRACE [http-nio-8080-exec-3] [requestId=83f5343f-2144-4bfc-842a-7f873589cd88] org.hibernate.orm.jdbc.bind - binding parameter (1:BIGINT) <- [14]
2026-08-12 18:17:01.216 DEBUG [http-nio-8080-exec-3] [requestId=83f5343f-2144-4bfc-842a-7f873589cd88] org.hibernate.SQL - 
    select
        v1_0.id,
        v1_0.actualizado_por,
        v1_0.cliente_id,
        c1_0.id,
        c1_0.categoria,
        c1_0.direccion,
        c1_0.email,
        c1_0.estado,
        c1_0.nombre,
        c1_0.telefono,
        v1_0.codigo,
        v1_0.creado_por,
        v1_0.estado,
        v1_0.fecha_actualizacion,
        v1_0.fecha_creacion,
        v1_0.subtotal,
        v1_0.total 
    from
        ventas v1_0 
    join
        clients c1_0 
            on c1_0.id=v1_0.cliente_id 
    where
        v1_0.id=?
2026-08-12 18:17:01.216 TRACE [http-nio-8080-exec-3] [requestId=83f5343f-2144-4bfc-842a-7f873589cd88] org.hibernate.orm.jdbc.bind - binding parameter (1:BIGINT) <- [13]
2026-08-12 18:17:01.217 DEBUG [http-nio-8080-exec-3] [requestId=83f5343f-2144-4bfc-842a-7f873589cd88] org.hibernate.SQL - 
    select
        v1_0.id,
        v1_0.actualizado_por,
        v1_0.cliente_id,
        c1_0.id,
        c1_0.categoria,
        c1_0.direccion,
        c1_0.email,
        c1_0.estado,
        c1_0.nombre,
        c1_0.telefono,
        v1_0.codigo,
        v1_0.creado_por,
        v1_0.estado,
        v1_0.fecha_actualizacion,
        v1_0.fecha_creacion,
        v1_0.subtotal,
        v1_0.total 
    from
        ventas v1_0 
    join
        clients c1_0 
            on c1_0.id=v1_0.cliente_id 
    where
        v1_0.id=?
2026-08-12 18:17:01.217 TRACE [http-nio-8080-exec-3] [requestId=83f5343f-2144-4bfc-842a-7f873589cd88] org.hibernate.orm.jdbc.bind - binding parameter (1:BIGINT) <- [12]
2026-08-12 18:17:01.218 DEBUG [http-nio-8080-exec-3] [requestId=83f5343f-2144-4bfc-842a-7f873589cd88] org.hibernate.SQL - 
    select
        v1_0.id,
        v1_0.actualizado_por,
        v1_0.cliente_id,
        c1_0.id,
        c1_0.categoria,
        c1_0.direccion,
        c1_0.email,
        c1_0.estado,
        c1_0.nombre,
        c1_0.telefono,
        v1_0.codigo,
        v1_0.creado_por,
        v1_0.estado,
        v1_0.fecha_actualizacion,
        v1_0.fecha_creacion,
        v1_0.subtotal,
        v1_0.total 
    from
        ventas v1_0 
    join
        clients c1_0 
            on c1_0.id=v1_0.cliente_id 
    where
        v1_0.id=?
2026-08-12 18:17:01.218 TRACE [http-nio-8080-exec-3] [requestId=83f5343f-2144-4bfc-842a-7f873589cd88] org.hibernate.orm.jdbc.bind - binding parameter (1:BIGINT) <- [11]
2026-08-12 18:17:01.219 DEBUG [http-nio-8080-exec-3] [requestId=83f5343f-2144-4bfc-842a-7f873589cd88] org.hibernate.SQL - 
    select
        v1_0.id,
        v1_0.actualizado_por,
        v1_0.cliente_id,
        c1_0.id,
        c1_0.categoria,
        c1_0.direccion,
        c1_0.email,
        c1_0.estado,
        c1_0.nombre,
        c1_0.telefono,
        v1_0.codigo,
        v1_0.creado_por,
        v1_0.estado,
        v1_0.fecha_actualizacion,
        v1_0.fecha_creacion,
        v1_0.subtotal,
        v1_0.total 
    from
        ventas v1_0 
    join
        clients c1_0 
            on c1_0.id=v1_0.cliente_id 
    where
        v1_0.id=?
2026-08-12 18:17:01.219 TRACE [http-nio-8080-exec-3] [requestId=83f5343f-2144-4bfc-842a-7f873589cd88] org.hibernate.orm.jdbc.bind - binding parameter (1:BIGINT) <- [10]
2026-08-12 18:17:01.220 DEBUG [http-nio-8080-exec-3] [requestId=83f5343f-2144-4bfc-842a-7f873589cd88] org.hibernate.SQL - 
    select
        v1_0.id,
        v1_0.actualizado_por,
        v1_0.cliente_id,
        c1_0.id,
        c1_0.categoria,
        c1_0.direccion,
        c1_0.email,
        c1_0.estado,
        c1_0.nombre,
        c1_0.telefono,
        v1_0.codigo,
        v1_0.creado_por,
        v1_0.estado,
        v1_0.fecha_actualizacion,
        v1_0.fecha_creacion,
        v1_0.subtotal,
        v1_0.total 
    from
        ventas v1_0 
    join
        clients c1_0 
            on c1_0.id=v1_0.cliente_id 
    where
        v1_0.id=?
2026-08-12 18:17:01.220 TRACE [http-nio-8080-exec-3] [requestId=83f5343f-2144-4bfc-842a-7f873589cd88] org.hibernate.orm.jdbc.bind - binding parameter (1:BIGINT) <- [7]
2026-08-12 18:17:01.221 DEBUG [http-nio-8080-exec-3] [requestId=83f5343f-2144-4bfc-842a-7f873589cd88] org.hibernate.SQL - 
    select
        v1_0.id,
        v1_0.actualizado_por,
        v1_0.cliente_id,
        c1_0.id,
        c1_0.categoria,
        c1_0.direccion,
        c1_0.email,
        c1_0.estado,
        c1_0.nombre,
        c1_0.telefono,
        v1_0.codigo,
        v1_0.creado_por,
        v1_0.estado,
        v1_0.fecha_actualizacion,
        v1_0.fecha_creacion,
        v1_0.subtotal,
        v1_0.total 
    from
        ventas v1_0 
    join
        clients c1_0 
            on c1_0.id=v1_0.cliente_id 
    where
        v1_0.id=?
2026-08-12 18:17:01.221 TRACE [http-nio-8080-exec-3] [requestId=83f5343f-2144-4bfc-842a-7f873589cd88] org.hibernate.orm.jdbc.bind - binding parameter (1:BIGINT) <- [5]
2026-08-12 18:17:01.222 DEBUG [http-nio-8080-exec-3] [requestId=83f5343f-2144-4bfc-842a-7f873589cd88] org.hibernate.SQL - 
    select
        v1_0.id,
        v1_0.actualizado_por,
        v1_0.cliente_id,
        c1_0.id,
        c1_0.categoria,
        c1_0.direccion,
        c1_0.email,
        c1_0.estado,
        c1_0.nombre,
        c1_0.telefono,
        v1_0.codigo,
        v1_0.creado_por,
        v1_0.estado,
        v1_0.fecha_actualizacion,
        v1_0.fecha_creacion,
        v1_0.subtotal,
        v1_0.total 
    from
        ventas v1_0 
    join
        clients c1_0 
            on c1_0.id=v1_0.cliente_id 
    where
        v1_0.id=?
2026-08-12 18:17:01.222 TRACE [http-nio-8080-exec-3] [requestId=83f5343f-2144-4bfc-842a-7f873589cd88] org.hibernate.orm.jdbc.bind - binding parameter (1:BIGINT) <- [2]
2026-08-12 18:17:01.223 DEBUG [http-nio-8080-exec-3] [requestId=83f5343f-2144-4bfc-842a-7f873589cd88] org.hibernate.SQL - 
    select
        v1_0.id,
        v1_0.actualizado_por,
        v1_0.cliente_id,
        c1_0.id,
        c1_0.categoria,
        c1_0.direccion,
        c1_0.email,
        c1_0.estado,
        c1_0.nombre,
        c1_0.telefono,
        v1_0.codigo,
        v1_0.creado_por,
        v1_0.estado,
        v1_0.fecha_actualizacion,
        v1_0.fecha_creacion,
        v1_0.subtotal,
        v1_0.total 
    from
        ventas v1_0 
    join
        clients c1_0 
            on c1_0.id=v1_0.cliente_id 
    where
        v1_0.id=?
2026-08-12 18:17:01.223 TRACE [http-nio-8080-exec-3] [requestId=83f5343f-2144-4bfc-842a-7f873589cd88] org.hibernate.orm.jdbc.bind - binding parameter (1:BIGINT) <- [1]
2026-08-12 18:17:01.224 DEBUG [http-nio-8080-exec-3] [requestId=83f5343f-2144-4bfc-842a-7f873589cd88] org.hibernate.SQL - 
    select
        p1_0.cuenta_cobrar_id,
        p1_0.id,
        p1_0.fecha_pago,
        p1_0.metodo_pago,
        p1_0.monto,
        p1_0.referencia,
        p1_0.registrado_por 
    from
        pagos p1_0 
    where
        p1_0.cuenta_cobrar_id=?
2026-08-12 18:17:01.224 TRACE [http-nio-8080-exec-3] [requestId=83f5343f-2144-4bfc-842a-7f873589cd88] org.hibernate.orm.jdbc.bind - binding parameter (1:BIGINT) <- [10]
2026-08-12 18:17:01.225 DEBUG [http-nio-8080-exec-3] [requestId=83f5343f-2144-4bfc-842a-7f873589cd88] org.hibernate.SQL - 
    select
        p1_0.cuenta_cobrar_id,
        p1_0.id,
        p1_0.fecha_pago,
        p1_0.metodo_pago,
        p1_0.monto,
        p1_0.referencia,
        p1_0.registrado_por 
    from
        pagos p1_0 
    where
        p1_0.cuenta_cobrar_id=?
2026-08-12 18:17:01.226 TRACE [http-nio-8080-exec-3] [requestId=83f5343f-2144-4bfc-842a-7f873589cd88] org.hibernate.orm.jdbc.bind - binding parameter (1:BIGINT) <- [9]
2026-08-12 18:17:01.227 DEBUG [http-nio-8080-exec-3] [requestId=83f5343f-2144-4bfc-842a-7f873589cd88] org.hibernate.SQL - 
    select
        p1_0.cuenta_cobrar_id,
        p1_0.id,
        p1_0.fecha_pago,
        p1_0.metodo_pago,
        p1_0.monto,
        p1_0.referencia,
        p1_0.registrado_por 
    from
        pagos p1_0 
    where
        p1_0.cuenta_cobrar_id=?
2026-08-12 18:17:01.227 TRACE [http-nio-8080-exec-3] [requestId=83f5343f-2144-4bfc-842a-7f873589cd88] org.hibernate.orm.jdbc.bind - binding parameter (1:BIGINT) <- [8]
2026-08-12 18:17:01.228 DEBUG [http-nio-8080-exec-3] [requestId=83f5343f-2144-4bfc-842a-7f873589cd88] org.hibernate.SQL - 
    select
        p1_0.cuenta_cobrar_id,
        p1_0.id,
        p1_0.fecha_pago,
        p1_0.metodo_pago,
        p1_0.monto,
        p1_0.referencia,
        p1_0.registrado_por 
    from
        pagos p1_0 
    where
        p1_0.cuenta_cobrar_id=?
2026-08-12 18:17:01.228 TRACE [http-nio-8080-exec-3] [requestId=83f5343f-2144-4bfc-842a-7f873589cd88] org.hibernate.orm.jdbc.bind - binding parameter (1:BIGINT) <- [7]
2026-08-12 18:17:01.228 DEBUG [http-nio-8080-exec-3] [requestId=83f5343f-2144-4bfc-842a-7f873589cd88] org.hibernate.SQL - 
    select
        p1_0.cuenta_cobrar_id,
        p1_0.id,
        p1_0.fecha_pago,
        p1_0.metodo_pago,
        p1_0.monto,
        p1_0.referencia,
        p1_0.registrado_por 
    from
        pagos p1_0 
    where
        p1_0.cuenta_cobrar_id=?
2026-08-12 18:17:01.228 TRACE [http-nio-8080-exec-3] [requestId=83f5343f-2144-4bfc-842a-7f873589cd88] org.hibernate.orm.jdbc.bind - binding parameter (1:BIGINT) <- [6]
2026-08-12 18:17:01.229 DEBUG [http-nio-8080-exec-3] [requestId=83f5343f-2144-4bfc-842a-7f873589cd88] org.hibernate.SQL - 
    select
        p1_0.cuenta_cobrar_id,
        p1_0.id,
        p1_0.fecha_pago,
        p1_0.metodo_pago,
        p1_0.monto,
        p1_0.referencia,
        p1_0.registrado_por 
    from
        pagos p1_0 
    where
        p1_0.cuenta_cobrar_id=?
2026-08-12 18:17:01.229 TRACE [http-nio-8080-exec-3] [requestId=83f5343f-2144-4bfc-842a-7f873589cd88] org.hibernate.orm.jdbc.bind - binding parameter (1:BIGINT) <- [5]
2026-08-12 18:17:01.229 DEBUG [http-nio-8080-exec-3] [requestId=83f5343f-2144-4bfc-842a-7f873589cd88] org.hibernate.SQL - 
    select
        p1_0.cuenta_cobrar_id,
        p1_0.id,
        p1_0.fecha_pago,
        p1_0.metodo_pago,
        p1_0.monto,
        p1_0.referencia,
        p1_0.registrado_por 
    from
        pagos p1_0 
    where
        p1_0.cuenta_cobrar_id=?
2026-08-12 18:17:01.230 TRACE [http-nio-8080-exec-3] [requestId=83f5343f-2144-4bfc-842a-7f873589cd88] org.hibernate.orm.jdbc.bind - binding parameter (1:BIGINT) <- [4]
2026-08-12 18:17:01.230 DEBUG [http-nio-8080-exec-3] [requestId=83f5343f-2144-4bfc-842a-7f873589cd88] org.hibernate.SQL - 
    select
        p1_0.cuenta_cobrar_id,
        p1_0.id,
        p1_0.fecha_pago,
        p1_0.metodo_pago,
        p1_0.monto,
        p1_0.referencia,
        p1_0.registrado_por 
    from
        pagos p1_0 
    where
        p1_0.cuenta_cobrar_id=?
2026-08-12 18:17:01.230 TRACE [http-nio-8080-exec-3] [requestId=83f5343f-2144-4bfc-842a-7f873589cd88] org.hibernate.orm.jdbc.bind - binding parameter (1:BIGINT) <- [3]
2026-08-12 18:17:01.231 DEBUG [http-nio-8080-exec-3] [requestId=83f5343f-2144-4bfc-842a-7f873589cd88] org.hibernate.SQL - 
    select
        p1_0.cuenta_cobrar_id,
        p1_0.id,
        p1_0.fecha_pago,
        p1_0.metodo_pago,
        p1_0.monto,
        p1_0.referencia,
        p1_0.registrado_por 
    from
        pagos p1_0 
    where
        p1_0.cuenta_cobrar_id=?
2026-08-12 18:17:01.231 TRACE [http-nio-8080-exec-3] [requestId=83f5343f-2144-4bfc-842a-7f873589cd88] org.hibernate.orm.jdbc.bind - binding parameter (1:BIGINT) <- [2]
2026-08-12 18:17:01.231 DEBUG [http-nio-8080-exec-3] [requestId=83f5343f-2144-4bfc-842a-7f873589cd88] org.hibernate.SQL - 
    select
        p1_0.cuenta_cobrar_id,
        p1_0.id,
        p1_0.fecha_pago,
        p1_0.metodo_pago,
        p1_0.monto,
        p1_0.referencia,
        p1_0.registrado_por 
    from
        pagos p1_0 
    where
        p1_0.cuenta_cobrar_id=?
2026-08-12 18:17:01.231 TRACE [http-nio-8080-exec-3] [requestId=83f5343f-2144-4bfc-842a-7f873589cd88] org.hibernate.orm.jdbc.bind - binding parameter (1:BIGINT) <- [1]
2026-08-12 18:17:08.073 DEBUG [http-nio-8080-exec-4] [requestId=c44a3c39-2c96-48ac-951d-a864e468f8d7] org.hibernate.SQL - 
    select
        cp1_0.id,
        cp1_0.compra_id,
        cp1_0.estado,
        cp1_0.fecha_actualizacion,
        cp1_0.fecha_creacion,
        cp1_0.monto_pagado,
        cp1_0.monto_total,
        cp1_0.saldo_pendiente 
    from
        cuentas_pagar cp1_0 
    join
        compras c1_0 
            on c1_0.id=cp1_0.compra_id 
    where
        (
            ? is null 
            or c1_0.proveedor_id=?
        ) 
        and (
            ? is null 
            or cp1_0.estado=?
        ) 
        and (
            ? is null 
            or c1_0.fecha_creacion>=?
        ) 
        and (
            ? is null 
            or c1_0.fecha_creacion<?
        ) 
    order by
        c1_0.fecha_creacion desc 
    limit
        ?
2026-08-12 18:17:08.074 TRACE [http-nio-8080-exec-4] [requestId=c44a3c39-2c96-48ac-951d-a864e468f8d7] org.hibernate.orm.jdbc.bind - binding parameter (1:BIGINT) <- [null]
2026-08-12 18:17:08.074 TRACE [http-nio-8080-exec-4] [requestId=c44a3c39-2c96-48ac-951d-a864e468f8d7] org.hibernate.orm.jdbc.bind - binding parameter (2:BIGINT) <- [null]
2026-08-12 18:17:08.074 TRACE [http-nio-8080-exec-4] [requestId=c44a3c39-2c96-48ac-951d-a864e468f8d7] org.hibernate.orm.jdbc.bind - binding parameter (3:ENUM) <- [null]
2026-08-12 18:17:08.074 TRACE [http-nio-8080-exec-4] [requestId=c44a3c39-2c96-48ac-951d-a864e468f8d7] org.hibernate.orm.jdbc.bind - binding parameter (4:ENUM) <- [null]
2026-08-12 18:17:08.074 TRACE [http-nio-8080-exec-4] [requestId=c44a3c39-2c96-48ac-951d-a864e468f8d7] org.hibernate.orm.jdbc.bind - binding parameter (5:TIMESTAMP) <- [null]
2026-08-12 18:17:08.074 TRACE [http-nio-8080-exec-4] [requestId=c44a3c39-2c96-48ac-951d-a864e468f8d7] org.hibernate.orm.jdbc.bind - binding parameter (6:TIMESTAMP) <- [null]
2026-08-12 18:17:08.074 TRACE [http-nio-8080-exec-4] [requestId=c44a3c39-2c96-48ac-951d-a864e468f8d7] org.hibernate.orm.jdbc.bind - binding parameter (7:TIMESTAMP) <- [null]
2026-08-12 18:17:08.074 TRACE [http-nio-8080-exec-4] [requestId=c44a3c39-2c96-48ac-951d-a864e468f8d7] org.hibernate.orm.jdbc.bind - binding parameter (8:TIMESTAMP) <- [null]
2026-08-12 18:17:08.074 TRACE [http-nio-8080-exec-4] [requestId=c44a3c39-2c96-48ac-951d-a864e468f8d7] org.hibernate.orm.jdbc.bind - binding parameter (9:INTEGER) <- [20]
2026-08-12 18:17:08.075 DEBUG [http-nio-8080-exec-4] [requestId=c44a3c39-2c96-48ac-951d-a864e468f8d7] org.hibernate.SQL - 
    select
        c1_0.id,
        c1_0.actualizado_por,
        c1_0.codigo,
        c1_0.creado_por,
        c1_0.estado,
        c1_0.fecha_actualizacion,
        c1_0.fecha_creacion,
        c1_0.proveedor_id,
        p1_0.id,
        p1_0.contacto,
        p1_0.direccion,
        p1_0.email,
        p1_0.estado,
        p1_0.razon_social,
        p1_0.ruc,
        p1_0.telefono,
        c1_0.subtotal,
        c1_0.total 
    from
        compras c1_0 
    join
        proveedores p1_0 
            on p1_0.id=c1_0.proveedor_id 
    where
        c1_0.id=?
2026-08-12 18:17:08.075 TRACE [http-nio-8080-exec-4] [requestId=c44a3c39-2c96-48ac-951d-a864e468f8d7] org.hibernate.orm.jdbc.bind - binding parameter (1:BIGINT) <- [1]
2026-08-12 18:17:08.077 DEBUG [http-nio-8080-exec-4] [requestId=c44a3c39-2c96-48ac-951d-a864e468f8d7] org.hibernate.SQL - 
    select
        p1_0.cuenta_pagar_id,
        p1_0.id,
        p1_0.fecha_pago,
        p1_0.metodo_pago,
        p1_0.monto,
        p1_0.referencia,
        p1_0.registrado_por 
    from
        pagos_proveedores p1_0 
    where
        p1_0.cuenta_pagar_id=?
2026-08-12 18:17:08.077 TRACE [http-nio-8080-exec-4] [requestId=c44a3c39-2c96-48ac-951d-a864e468f8d7] org.hibernate.orm.jdbc.bind - binding parameter (1:BIGINT) <- [1]
2026-08-12 18:17:15.370 DEBUG [http-nio-8080-exec-2] [requestId=2f4faf84-6822-49ce-9344-d5389bf156f2] org.hibernate.SQL - 
    select
        coalesce(sum(v1_0.total), 0) 
    from
        ventas v1_0 
    where
        v1_0.fecha_creacion>=? 
        and v1_0.fecha_creacion<? 
        and v1_0.estado<>?
2026-08-12 18:17:15.371 TRACE [http-nio-8080-exec-2] [requestId=2f4faf84-6822-49ce-9344-d5389bf156f2] org.hibernate.orm.jdbc.bind - binding parameter (1:TIMESTAMP) <- [2026-08-12T00:00]
2026-08-12 18:17:15.371 TRACE [http-nio-8080-exec-2] [requestId=2f4faf84-6822-49ce-9344-d5389bf156f2] org.hibernate.orm.jdbc.bind - binding parameter (2:TIMESTAMP) <- [2026-08-13T00:00]
2026-08-12 18:17:15.371 TRACE [http-nio-8080-exec-2] [requestId=2f4faf84-6822-49ce-9344-d5389bf156f2] org.hibernate.orm.jdbc.bind - binding parameter (3:ENUM) <- [ANULADA]
2026-08-12 18:17:15.372 DEBUG [http-nio-8080-exec-2] [requestId=2f4faf84-6822-49ce-9344-d5389bf156f2] org.hibernate.SQL - 
    select
        count(v1_0.id) 
    from
        ventas v1_0 
    where
        v1_0.fecha_creacion>=? 
        and v1_0.fecha_creacion<? 
        and v1_0.estado<>?
2026-08-12 18:17:15.372 TRACE [http-nio-8080-exec-2] [requestId=2f4faf84-6822-49ce-9344-d5389bf156f2] org.hibernate.orm.jdbc.bind - binding parameter (1:TIMESTAMP) <- [2026-08-12T00:00]
2026-08-12 18:17:15.372 TRACE [http-nio-8080-exec-2] [requestId=2f4faf84-6822-49ce-9344-d5389bf156f2] org.hibernate.orm.jdbc.bind - binding parameter (2:TIMESTAMP) <- [2026-08-13T00:00]
2026-08-12 18:17:15.372 TRACE [http-nio-8080-exec-2] [requestId=2f4faf84-6822-49ce-9344-d5389bf156f2] org.hibernate.orm.jdbc.bind - binding parameter (3:ENUM) <- [ANULADA]
2026-08-12 18:17:15.373 DEBUG [http-nio-8080-exec-2] [requestId=2f4faf84-6822-49ce-9344-d5389bf156f2] org.hibernate.SQL - 
    select
        coalesce(sum(p1_0.monto), 0) 
    from
        pagos p1_0 
    where
        p1_0.fecha_pago>=? 
        and p1_0.fecha_pago<?
2026-08-12 18:17:15.373 TRACE [http-nio-8080-exec-2] [requestId=2f4faf84-6822-49ce-9344-d5389bf156f2] org.hibernate.orm.jdbc.bind - binding parameter (1:TIMESTAMP) <- [2026-08-12T00:00]
2026-08-12 18:17:15.373 TRACE [http-nio-8080-exec-2] [requestId=2f4faf84-6822-49ce-9344-d5389bf156f2] org.hibernate.orm.jdbc.bind - binding parameter (2:TIMESTAMP) <- [2026-08-13T00:00]
2026-08-12 18:17:15.374 DEBUG [http-nio-8080-exec-2] [requestId=2f4faf84-6822-49ce-9344-d5389bf156f2] org.hibernate.SQL - 
    select
        coalesce(sum(pp1_0.monto), 0) 
    from
        pagos_proveedores pp1_0 
    where
        pp1_0.fecha_pago>=? 
        and pp1_0.fecha_pago<?
2026-08-12 18:17:15.374 TRACE [http-nio-8080-exec-2] [requestId=2f4faf84-6822-49ce-9344-d5389bf156f2] org.hibernate.orm.jdbc.bind - binding parameter (1:TIMESTAMP) <- [2026-08-12T00:00]
2026-08-12 18:17:15.374 TRACE [http-nio-8080-exec-2] [requestId=2f4faf84-6822-49ce-9344-d5389bf156f2] org.hibernate.orm.jdbc.bind - binding parameter (2:TIMESTAMP) <- [2026-08-13T00:00]
2026-08-12 18:17:15.375 DEBUG [http-nio-8080-exec-2] [requestId=2f4faf84-6822-49ce-9344-d5389bf156f2] org.hibernate.SQL - 
    select
        coalesce(sum(cc1_0.saldo_pendiente), 0) 
    from
        cuentas_cobrar cc1_0 
    where
        cc1_0.estado in (?, ?)
2026-08-12 18:17:15.376 TRACE [http-nio-8080-exec-2] [requestId=2f4faf84-6822-49ce-9344-d5389bf156f2] org.hibernate.orm.jdbc.bind - binding parameter (1:ENUM) <- [PENDIENTE]
2026-08-12 18:17:15.376 TRACE [http-nio-8080-exec-2] [requestId=2f4faf84-6822-49ce-9344-d5389bf156f2] org.hibernate.orm.jdbc.bind - binding parameter (2:ENUM) <- [PARCIAL]
2026-08-12 18:17:15.378 DEBUG [http-nio-8080-exec-2] [requestId=2f4faf84-6822-49ce-9344-d5389bf156f2] org.hibernate.SQL - 
    select
        coalesce(sum(cp1_0.saldo_pendiente), 0) 
    from
        cuentas_pagar cp1_0 
    where
        cp1_0.estado in (?, ?)
2026-08-12 18:17:15.378 TRACE [http-nio-8080-exec-2] [requestId=2f4faf84-6822-49ce-9344-d5389bf156f2] org.hibernate.orm.jdbc.bind - binding parameter (1:ENUM) <- [PENDIENTE]
2026-08-12 18:17:15.378 TRACE [http-nio-8080-exec-2] [requestId=2f4faf84-6822-49ce-9344-d5389bf156f2] org.hibernate.orm.jdbc.bind - binding parameter (2:ENUM) <- [PARCIAL]
2026-08-12 18:17:15.379 DEBUG [http-nio-8080-exec-2] [requestId=2f4faf84-6822-49ce-9344-d5389bf156f2] org.hibernate.SQL - 
    select
        c1_0.id,
        c1_0.abierta_por,
        c1_0.cerrada_por,
        c1_0.diferencia,
        c1_0.estado,
        c1_0.fecha_apertura,
        c1_0.fecha_cierre,
        c1_0.saldo_actual,
        c1_0.saldo_esperado,
        c1_0.saldo_inicial,
        c1_0.saldo_real,
        c1_0.total_egresos,
        c1_0.total_ingresos 
    from
        cajas c1_0 
    where
        c1_0.estado=? 
    order by
        c1_0.fecha_apertura desc 
    limit
        ?
2026-08-12 18:17:15.380 TRACE [http-nio-8080-exec-2] [requestId=2f4faf84-6822-49ce-9344-d5389bf156f2] org.hibernate.orm.jdbc.bind - binding parameter (1:ENUM) <- [ABIERTA]
2026-08-12 18:17:15.380 TRACE [http-nio-8080-exec-2] [requestId=2f4faf84-6822-49ce-9344-d5389bf156f2] org.hibernate.orm.jdbc.bind - binding parameter (2:INTEGER) <- [1]
2026-08-12 18:17:15.381 DEBUG [http-nio-8080-exec-2] [requestId=2f4faf84-6822-49ce-9344-d5389bf156f2] org.hibernate.SQL - 
    select
        mc1_0.id,
        mc1_0.caja_id,
        mc1_0.concepto,
        mc1_0.fecha_movimiento,
        mc1_0.monto,
        mc1_0.referencia,
        mc1_0.registrado_por,
        mc1_0.tipo_movimiento 
    from
        movimientos_caja mc1_0 
    where
        mc1_0.fecha_movimiento>=? 
        and mc1_0.fecha_movimiento<?
2026-08-12 18:17:15.381 TRACE [http-nio-8080-exec-2] [requestId=2f4faf84-6822-49ce-9344-d5389bf156f2] org.hibernate.orm.jdbc.bind - binding parameter (1:TIMESTAMP) <- [2026-08-12T00:00]
2026-08-12 18:17:15.381 TRACE [http-nio-8080-exec-2] [requestId=2f4faf84-6822-49ce-9344-d5389bf156f2] org.hibernate.orm.jdbc.bind - binding parameter (2:TIMESTAMP) <- [2026-08-13T00:00]
2026-08-12 18:17:15.382 DEBUG [http-nio-8080-exec-2] [requestId=2f4faf84-6822-49ce-9344-d5389bf156f2] org.hibernate.SQL - 
    select
        c1_0.id,
        c1_0.abierta_por,
        c1_0.cerrada_por,
        c1_0.diferencia,
        c1_0.estado,
        c1_0.fecha_apertura,
        c1_0.fecha_cierre,
        c1_0.saldo_actual,
        c1_0.saldo_esperado,
        c1_0.saldo_inicial,
        c1_0.saldo_real,
        c1_0.total_egresos,
        c1_0.total_ingresos 
    from
        cajas c1_0 
    where
        c1_0.id=?
2026-08-12 18:17:15.382 TRACE [http-nio-8080-exec-2] [requestId=2f4faf84-6822-49ce-9344-d5389bf156f2] org.hibernate.orm.jdbc.bind - binding parameter (1:BIGINT) <- [1]
2026-08-12 18:17:15.384 DEBUG [http-nio-8080-exec-2] [requestId=2f4faf84-6822-49ce-9344-d5389bf156f2] org.hibernate.SQL - 
    select
        coalesce(sum(c1_0.total), 0) 
    from
        compras c1_0 
    where
        c1_0.fecha_creacion>=? 
        and c1_0.fecha_creacion<? 
        and c1_0.estado<>?
2026-08-12 18:17:15.384 TRACE [http-nio-8080-exec-2] [requestId=2f4faf84-6822-49ce-9344-d5389bf156f2] org.hibernate.orm.jdbc.bind - binding parameter (1:TIMESTAMP) <- [2026-08-12T00:00]
2026-08-12 18:17:15.384 TRACE [http-nio-8080-exec-2] [requestId=2f4faf84-6822-49ce-9344-d5389bf156f2] org.hibernate.orm.jdbc.bind - binding parameter (2:TIMESTAMP) <- [2026-08-13T00:00]
2026-08-12 18:17:15.384 TRACE [http-nio-8080-exec-2] [requestId=2f4faf84-6822-49ce-9344-d5389bf156f2] org.hibernate.orm.jdbc.bind - binding parameter (3:ENUM) <- [ANULADA]
2026-08-12 18:17:15.385 DEBUG [http-nio-8080-exec-2] [requestId=2f4faf84-6822-49ce-9344-d5389bf156f2] org.hibernate.SQL - 
    select
        count(c1_0.id) 
    from
        compras c1_0 
    where
        c1_0.fecha_creacion>=? 
        and c1_0.fecha_creacion<? 
        and c1_0.estado<>?
2026-08-12 18:17:15.385 TRACE [http-nio-8080-exec-2] [requestId=2f4faf84-6822-49ce-9344-d5389bf156f2] org.hibernate.orm.jdbc.bind - binding parameter (1:TIMESTAMP) <- [2026-08-12T00:00]
2026-08-12 18:17:15.386 TRACE [http-nio-8080-exec-2] [requestId=2f4faf84-6822-49ce-9344-d5389bf156f2] org.hibernate.orm.jdbc.bind - binding parameter (2:TIMESTAMP) <- [2026-08-13T00:00]
2026-08-12 18:17:15.386 TRACE [http-nio-8080-exec-2] [requestId=2f4faf84-6822-49ce-9344-d5389bf156f2] org.hibernate.orm.jdbc.bind - binding parameter (3:ENUM) <- [ANULADA]
2026-08-12 18:17:15.386 DEBUG [http-nio-8080-exec-2] [requestId=2f4faf84-6822-49ce-9344-d5389bf156f2] org.hibernate.SQL - 
    select
        count(i1_0.id) 
    from
        inventarios i1_0
2026-08-12 18:17:15.388 DEBUG [http-nio-8080-exec-2] [requestId=2f4faf84-6822-49ce-9344-d5389bf156f2] org.hibernate.SQL - 
    select
        count(i1_0.id) 
    from
        inventarios i1_0 
    where
        i1_0.stock_actual<=i1_0.stock_minimo
2026-08-12 18:18:29.742 DEBUG [http-nio-8080-exec-9] [requestId=f24cecbf-f1e3-41a9-974d-1b3742c9001b] org.hibernate.SQL - 
    select
        c1_0.id,
        c1_0.categoria,
        c1_0.direccion,
        c1_0.email,
        c1_0.estado,
        c1_0.nombre,
        c1_0.telefono 
    from
        clients c1_0 
    where
        (
            ? is null 
            or lower(c1_0.nombre) like lower(concat('%', ?, '%')) escape '' 
            or lower(c1_0.telefono) like lower(concat('%', ?, '%')) escape '' 
            or lower(c1_0.email) like lower(concat('%', ?, '%')) escape ''
        ) 
        and (
            ? is null 
            or c1_0.estado=?
        ) 
        and (
            ? is null 
            or c1_0.categoria=?
        ) 
    order by
        c1_0.nombre 
    limit
        ?
2026-08-12 18:18:29.742 TRACE [http-nio-8080-exec-9] [requestId=f24cecbf-f1e3-41a9-974d-1b3742c9001b] org.hibernate.orm.jdbc.bind - binding parameter (1:JAVA_OBJECT) <- [null]
2026-08-12 18:18:29.743 TRACE [http-nio-8080-exec-9] [requestId=f24cecbf-f1e3-41a9-974d-1b3742c9001b] org.hibernate.orm.jdbc.bind - binding parameter (2:JAVA_OBJECT) <- [null]
2026-08-12 18:18:29.743 TRACE [http-nio-8080-exec-9] [requestId=f24cecbf-f1e3-41a9-974d-1b3742c9001b] org.hibernate.orm.jdbc.bind - binding parameter (3:JAVA_OBJECT) <- [null]
2026-08-12 18:18:29.743 TRACE [http-nio-8080-exec-9] [requestId=f24cecbf-f1e3-41a9-974d-1b3742c9001b] org.hibernate.orm.jdbc.bind - binding parameter (4:JAVA_OBJECT) <- [null]
2026-08-12 18:18:29.743 TRACE [http-nio-8080-exec-9] [requestId=f24cecbf-f1e3-41a9-974d-1b3742c9001b] org.hibernate.orm.jdbc.bind - binding parameter (5:ENUM) <- [null]
2026-08-12 18:18:29.743 TRACE [http-nio-8080-exec-9] [requestId=f24cecbf-f1e3-41a9-974d-1b3742c9001b] org.hibernate.orm.jdbc.bind - binding parameter (6:ENUM) <- [null]
2026-08-12 18:18:29.743 TRACE [http-nio-8080-exec-9] [requestId=f24cecbf-f1e3-41a9-974d-1b3742c9001b] org.hibernate.orm.jdbc.bind - binding parameter (7:ENUM) <- [null]
2026-08-12 18:18:29.743 TRACE [http-nio-8080-exec-9] [requestId=f24cecbf-f1e3-41a9-974d-1b3742c9001b] org.hibernate.orm.jdbc.bind - binding parameter (8:ENUM) <- [null]
2026-08-12 18:18:29.743 TRACE [http-nio-8080-exec-9] [requestId=f24cecbf-f1e3-41a9-974d-1b3742c9001b] org.hibernate.orm.jdbc.bind - binding parameter (9:INTEGER) <- [20]
2026-08-12 18:18:35.640 DEBUG [http-nio-8080-exec-10] [requestId=4158e46a-7111-46db-be06-e843a87082e0] org.hibernate.SQL - 
    select
        v1_0.id,
        v1_0.actualizado_por,
        v1_0.cliente_id,
        v1_0.codigo,
        v1_0.creado_por,
        v1_0.estado,
        v1_0.fecha_actualizacion,
        v1_0.fecha_creacion,
        v1_0.subtotal,
        v1_0.total 
    from
        ventas v1_0 
    where
        (
            ? is null 
            or lower(v1_0.codigo) like lower(concat('%', ?, '%')) escape ''
        ) 
        and (
            ? is null 
            or v1_0.cliente_id=?
        ) 
        and (
            ? is null 
            or v1_0.estado=?
        ) 
        and (
            ? is null 
            or v1_0.fecha_creacion>=?
        ) 
        and (
            ? is null 
            or v1_0.fecha_creacion<?
        ) 
    order by
        v1_0.fecha_creacion desc 
    limit
        ?
2026-08-12 18:18:35.641 TRACE [http-nio-8080-exec-10] [requestId=4158e46a-7111-46db-be06-e843a87082e0] org.hibernate.orm.jdbc.bind - binding parameter (1:JAVA_OBJECT) <- [null]
2026-08-12 18:18:35.641 TRACE [http-nio-8080-exec-10] [requestId=4158e46a-7111-46db-be06-e843a87082e0] org.hibernate.orm.jdbc.bind - binding parameter (2:JAVA_OBJECT) <- [null]
2026-08-12 18:18:35.641 TRACE [http-nio-8080-exec-10] [requestId=4158e46a-7111-46db-be06-e843a87082e0] org.hibernate.orm.jdbc.bind - binding parameter (3:BIGINT) <- [null]
2026-08-12 18:18:35.641 TRACE [http-nio-8080-exec-10] [requestId=4158e46a-7111-46db-be06-e843a87082e0] org.hibernate.orm.jdbc.bind - binding parameter (4:BIGINT) <- [null]
2026-08-12 18:18:35.641 TRACE [http-nio-8080-exec-10] [requestId=4158e46a-7111-46db-be06-e843a87082e0] org.hibernate.orm.jdbc.bind - binding parameter (5:ENUM) <- [null]
2026-08-12 18:18:35.641 TRACE [http-nio-8080-exec-10] [requestId=4158e46a-7111-46db-be06-e843a87082e0] org.hibernate.orm.jdbc.bind - binding parameter (6:ENUM) <- [null]
2026-08-12 18:18:35.641 TRACE [http-nio-8080-exec-10] [requestId=4158e46a-7111-46db-be06-e843a87082e0] org.hibernate.orm.jdbc.bind - binding parameter (7:TIMESTAMP) <- [null]
2026-08-12 18:18:35.641 TRACE [http-nio-8080-exec-10] [requestId=4158e46a-7111-46db-be06-e843a87082e0] org.hibernate.orm.jdbc.bind - binding parameter (8:TIMESTAMP) <- [null]
2026-08-12 18:18:35.641 TRACE [http-nio-8080-exec-10] [requestId=4158e46a-7111-46db-be06-e843a87082e0] org.hibernate.orm.jdbc.bind - binding parameter (9:TIMESTAMP) <- [null]
2026-08-12 18:18:35.641 TRACE [http-nio-8080-exec-10] [requestId=4158e46a-7111-46db-be06-e843a87082e0] org.hibernate.orm.jdbc.bind - binding parameter (10:TIMESTAMP) <- [null]
2026-08-12 18:18:35.641 TRACE [http-nio-8080-exec-10] [requestId=4158e46a-7111-46db-be06-e843a87082e0] org.hibernate.orm.jdbc.bind - binding parameter (11:INTEGER) <- [20]
2026-08-12 18:18:35.642 DEBUG [http-nio-8080-exec-10] [requestId=4158e46a-7111-46db-be06-e843a87082e0] org.hibernate.SQL - 
    select
        c1_0.id,
        c1_0.categoria,
        c1_0.direccion,
        c1_0.email,
        c1_0.estado,
        c1_0.nombre,
        c1_0.telefono 
    from
        clients c1_0 
    where
        c1_0.id=?
2026-08-12 18:18:35.642 TRACE [http-nio-8080-exec-10] [requestId=4158e46a-7111-46db-be06-e843a87082e0] org.hibernate.orm.jdbc.bind - binding parameter (1:BIGINT) <- [2]
2026-08-12 18:18:35.643 DEBUG [http-nio-8080-exec-10] [requestId=4158e46a-7111-46db-be06-e843a87082e0] org.hibernate.SQL - 
    select
        c1_0.id,
        c1_0.categoria,
        c1_0.direccion,
        c1_0.email,
        c1_0.estado,
        c1_0.nombre,
        c1_0.telefono 
    from
        clients c1_0 
    where
        c1_0.id=?
2026-08-12 18:18:35.643 TRACE [http-nio-8080-exec-10] [requestId=4158e46a-7111-46db-be06-e843a87082e0] org.hibernate.orm.jdbc.bind - binding parameter (1:BIGINT) <- [1]
2026-08-12 18:18:35.644 DEBUG [http-nio-8080-exec-10] [requestId=4158e46a-7111-46db-be06-e843a87082e0] org.hibernate.SQL - 
    select
        d1_0.venta_id,
        d1_0.id,
        d1_0.cantidad,
        d1_0.envases_devueltos,
        d1_0.modalidad_envase,
        d1_0.precio_unitario,
        d1_0.producto_id,
        p1_0.id,
        p1_0.categoria,
        p1_0.codigo,
        p1_0.contenido,
        p1_0.descripcion,
        p1_0.estado,
        p1_0.precio_base,
        p1_0.unidad_medida,
        p1_0.unidades_por_paquete,
        d1_0.subtotal 
    from
        detalles_ventas d1_0 
    left join
        productos p1_0 
            on p1_0.id=d1_0.producto_id 
    where
        d1_0.venta_id=?
2026-08-12 18:18:35.644 TRACE [http-nio-8080-exec-10] [requestId=4158e46a-7111-46db-be06-e843a87082e0] org.hibernate.orm.jdbc.bind - binding parameter (1:BIGINT) <- [15]
2026-08-12 18:18:35.645 DEBUG [http-nio-8080-exec-10] [requestId=4158e46a-7111-46db-be06-e843a87082e0] org.hibernate.SQL - 
    select
        d1_0.venta_id,
        d1_0.id,
        d1_0.cantidad,
        d1_0.envases_devueltos,
        d1_0.modalidad_envase,
        d1_0.precio_unitario,
        d1_0.producto_id,
        p1_0.id,
        p1_0.categoria,
        p1_0.codigo,
        p1_0.contenido,
        p1_0.descripcion,
        p1_0.estado,
        p1_0.precio_base,
        p1_0.unidad_medida,
        p1_0.unidades_por_paquete,
        d1_0.subtotal 
    from
        detalles_ventas d1_0 
    left join
        productos p1_0 
            on p1_0.id=d1_0.producto_id 
    where
        d1_0.venta_id=?
2026-08-12 18:18:35.645 TRACE [http-nio-8080-exec-10] [requestId=4158e46a-7111-46db-be06-e843a87082e0] org.hibernate.orm.jdbc.bind - binding parameter (1:BIGINT) <- [14]
2026-08-12 18:18:35.646 DEBUG [http-nio-8080-exec-10] [requestId=4158e46a-7111-46db-be06-e843a87082e0] org.hibernate.SQL - 
    select
        d1_0.venta_id,
        d1_0.id,
        d1_0.cantidad,
        d1_0.envases_devueltos,
        d1_0.modalidad_envase,
        d1_0.precio_unitario,
        d1_0.producto_id,
        p1_0.id,
        p1_0.categoria,
        p1_0.codigo,
        p1_0.contenido,
        p1_0.descripcion,
        p1_0.estado,
        p1_0.precio_base,
        p1_0.unidad_medida,
        p1_0.unidades_por_paquete,
        d1_0.subtotal 
    from
        detalles_ventas d1_0 
    left join
        productos p1_0 
            on p1_0.id=d1_0.producto_id 
    where
        d1_0.venta_id=?
2026-08-12 18:18:35.646 TRACE [http-nio-8080-exec-10] [requestId=4158e46a-7111-46db-be06-e843a87082e0] org.hibernate.orm.jdbc.bind - binding parameter (1:BIGINT) <- [13]
2026-08-12 18:18:35.647 DEBUG [http-nio-8080-exec-10] [requestId=4158e46a-7111-46db-be06-e843a87082e0] org.hibernate.SQL - 
    select
        d1_0.venta_id,
        d1_0.id,
        d1_0.cantidad,
        d1_0.envases_devueltos,
        d1_0.modalidad_envase,
        d1_0.precio_unitario,
        d1_0.producto_id,
        p1_0.id,
        p1_0.categoria,
        p1_0.codigo,
        p1_0.contenido,
        p1_0.descripcion,
        p1_0.estado,
        p1_0.precio_base,
        p1_0.unidad_medida,
        p1_0.unidades_por_paquete,
        d1_0.subtotal 
    from
        detalles_ventas d1_0 
    left join
        productos p1_0 
            on p1_0.id=d1_0.producto_id 
    where
        d1_0.venta_id=?
2026-08-12 18:18:35.647 TRACE [http-nio-8080-exec-10] [requestId=4158e46a-7111-46db-be06-e843a87082e0] org.hibernate.orm.jdbc.bind - binding parameter (1:BIGINT) <- [12]
2026-08-12 18:18:35.647 DEBUG [http-nio-8080-exec-10] [requestId=4158e46a-7111-46db-be06-e843a87082e0] org.hibernate.SQL - 
    select
        d1_0.venta_id,
        d1_0.id,
        d1_0.cantidad,
        d1_0.envases_devueltos,
        d1_0.modalidad_envase,
        d1_0.precio_unitario,
        d1_0.producto_id,
        p1_0.id,
        p1_0.categoria,
        p1_0.codigo,
        p1_0.contenido,
        p1_0.descripcion,
        p1_0.estado,
        p1_0.precio_base,
        p1_0.unidad_medida,
        p1_0.unidades_por_paquete,
        d1_0.subtotal 
    from
        detalles_ventas d1_0 
    left join
        productos p1_0 
            on p1_0.id=d1_0.producto_id 
    where
        d1_0.venta_id=?
2026-08-12 18:18:35.648 TRACE [http-nio-8080-exec-10] [requestId=4158e46a-7111-46db-be06-e843a87082e0] org.hibernate.orm.jdbc.bind - binding parameter (1:BIGINT) <- [11]
2026-08-12 18:18:35.648 DEBUG [http-nio-8080-exec-10] [requestId=4158e46a-7111-46db-be06-e843a87082e0] org.hibernate.SQL - 
    select
        d1_0.venta_id,
        d1_0.id,
        d1_0.cantidad,
        d1_0.envases_devueltos,
        d1_0.modalidad_envase,
        d1_0.precio_unitario,
        d1_0.producto_id,
        p1_0.id,
        p1_0.categoria,
        p1_0.codigo,
        p1_0.contenido,
        p1_0.descripcion,
        p1_0.estado,
        p1_0.precio_base,
        p1_0.unidad_medida,
        p1_0.unidades_por_paquete,
        d1_0.subtotal 
    from
        detalles_ventas d1_0 
    left join
        productos p1_0 
            on p1_0.id=d1_0.producto_id 
    where
        d1_0.venta_id=?
2026-08-12 18:18:35.649 TRACE [http-nio-8080-exec-10] [requestId=4158e46a-7111-46db-be06-e843a87082e0] org.hibernate.orm.jdbc.bind - binding parameter (1:BIGINT) <- [10]
2026-08-12 18:18:35.650 DEBUG [http-nio-8080-exec-10] [requestId=4158e46a-7111-46db-be06-e843a87082e0] org.hibernate.SQL - 
    select
        d1_0.venta_id,
        d1_0.id,
        d1_0.cantidad,
        d1_0.envases_devueltos,
        d1_0.modalidad_envase,
        d1_0.precio_unitario,
        d1_0.producto_id,
        p1_0.id,
        p1_0.categoria,
        p1_0.codigo,
        p1_0.contenido,
        p1_0.descripcion,
        p1_0.estado,
        p1_0.precio_base,
        p1_0.unidad_medida,
        p1_0.unidades_por_paquete,
        d1_0.subtotal 
    from
        detalles_ventas d1_0 
    left join
        productos p1_0 
            on p1_0.id=d1_0.producto_id 
    where
        d1_0.venta_id=?
2026-08-12 18:18:35.650 TRACE [http-nio-8080-exec-10] [requestId=4158e46a-7111-46db-be06-e843a87082e0] org.hibernate.orm.jdbc.bind - binding parameter (1:BIGINT) <- [7]
2026-08-12 18:18:35.651 DEBUG [http-nio-8080-exec-10] [requestId=4158e46a-7111-46db-be06-e843a87082e0] org.hibernate.SQL - 
    select
        d1_0.venta_id,
        d1_0.id,
        d1_0.cantidad,
        d1_0.envases_devueltos,
        d1_0.modalidad_envase,
        d1_0.precio_unitario,
        d1_0.producto_id,
        p1_0.id,
        p1_0.categoria,
        p1_0.codigo,
        p1_0.contenido,
        p1_0.descripcion,
        p1_0.estado,
        p1_0.precio_base,
        p1_0.unidad_medida,
        p1_0.unidades_por_paquete,
        d1_0.subtotal 
    from
        detalles_ventas d1_0 
    left join
        productos p1_0 
            on p1_0.id=d1_0.producto_id 
    where
        d1_0.venta_id=?
2026-08-12 18:18:35.651 TRACE [http-nio-8080-exec-10] [requestId=4158e46a-7111-46db-be06-e843a87082e0] org.hibernate.orm.jdbc.bind - binding parameter (1:BIGINT) <- [5]
2026-08-12 18:18:35.652 DEBUG [http-nio-8080-exec-10] [requestId=4158e46a-7111-46db-be06-e843a87082e0] org.hibernate.SQL - 
    select
        d1_0.venta_id,
        d1_0.id,
        d1_0.cantidad,
        d1_0.envases_devueltos,
        d1_0.modalidad_envase,
        d1_0.precio_unitario,
        d1_0.producto_id,
        p1_0.id,
        p1_0.categoria,
        p1_0.codigo,
        p1_0.contenido,
        p1_0.descripcion,
        p1_0.estado,
        p1_0.precio_base,
        p1_0.unidad_medida,
        p1_0.unidades_por_paquete,
        d1_0.subtotal 
    from
        detalles_ventas d1_0 
    left join
        productos p1_0 
            on p1_0.id=d1_0.producto_id 
    where
        d1_0.venta_id=?
2026-08-12 18:18:35.652 TRACE [http-nio-8080-exec-10] [requestId=4158e46a-7111-46db-be06-e843a87082e0] org.hibernate.orm.jdbc.bind - binding parameter (1:BIGINT) <- [2]
2026-08-12 18:18:35.652 DEBUG [http-nio-8080-exec-10] [requestId=4158e46a-7111-46db-be06-e843a87082e0] org.hibernate.SQL - 
    select
        d1_0.venta_id,
        d1_0.id,
        d1_0.cantidad,
        d1_0.envases_devueltos,
        d1_0.modalidad_envase,
        d1_0.precio_unitario,
        d1_0.producto_id,
        p1_0.id,
        p1_0.categoria,
        p1_0.codigo,
        p1_0.contenido,
        p1_0.descripcion,
        p1_0.estado,
        p1_0.precio_base,
        p1_0.unidad_medida,
        p1_0.unidades_por_paquete,
        d1_0.subtotal 
    from
        detalles_ventas d1_0 
    left join
        productos p1_0 
            on p1_0.id=d1_0.producto_id 
    where
        d1_0.venta_id=?
2026-08-12 18:18:35.653 TRACE [http-nio-8080-exec-10] [requestId=4158e46a-7111-46db-be06-e843a87082e0] org.hibernate.orm.jdbc.bind - binding parameter (1:BIGINT) <- [1]
2026-08-12 18:18:41.313 DEBUG [http-nio-8080-exec-1] [requestId=0342366e-14e8-4281-b6b8-726e3622665f] org.hibernate.SQL - 
    select
        cc1_0.id,
        cc1_0.estado,
        cc1_0.fecha_actualizacion,
        cc1_0.fecha_creacion,
        cc1_0.monto_pagado,
        cc1_0.monto_total,
        cc1_0.saldo_pendiente,
        cc1_0.venta_id 
    from
        cuentas_cobrar cc1_0 
    join
        ventas v1_0 
            on v1_0.id=cc1_0.venta_id 
    where
        (
            ? is null 
            or v1_0.cliente_id=?
        ) 
        and (
            ? is null 
            or cc1_0.estado=?
        ) 
        and (
            ? is null 
            or v1_0.fecha_creacion>=?
        ) 
        and (
            ? is null 
            or v1_0.fecha_creacion<?
        ) 
    order by
        v1_0.fecha_creacion desc 
    limit
        ?
2026-08-12 18:18:41.313 TRACE [http-nio-8080-exec-1] [requestId=0342366e-14e8-4281-b6b8-726e3622665f] org.hibernate.orm.jdbc.bind - binding parameter (1:BIGINT) <- [null]
2026-08-12 18:18:41.313 TRACE [http-nio-8080-exec-1] [requestId=0342366e-14e8-4281-b6b8-726e3622665f] org.hibernate.orm.jdbc.bind - binding parameter (2:BIGINT) <- [null]
2026-08-12 18:18:41.313 TRACE [http-nio-8080-exec-1] [requestId=0342366e-14e8-4281-b6b8-726e3622665f] org.hibernate.orm.jdbc.bind - binding parameter (3:ENUM) <- [null]
2026-08-12 18:18:41.313 TRACE [http-nio-8080-exec-1] [requestId=0342366e-14e8-4281-b6b8-726e3622665f] org.hibernate.orm.jdbc.bind - binding parameter (4:ENUM) <- [null]
2026-08-12 18:18:41.313 TRACE [http-nio-8080-exec-1] [requestId=0342366e-14e8-4281-b6b8-726e3622665f] org.hibernate.orm.jdbc.bind - binding parameter (5:TIMESTAMP) <- [null]
2026-08-12 18:18:41.313 TRACE [http-nio-8080-exec-1] [requestId=0342366e-14e8-4281-b6b8-726e3622665f] org.hibernate.orm.jdbc.bind - binding parameter (6:TIMESTAMP) <- [null]
2026-08-12 18:18:41.313 TRACE [http-nio-8080-exec-1] [requestId=0342366e-14e8-4281-b6b8-726e3622665f] org.hibernate.orm.jdbc.bind - binding parameter (7:TIMESTAMP) <- [null]
2026-08-12 18:18:41.313 TRACE [http-nio-8080-exec-1] [requestId=0342366e-14e8-4281-b6b8-726e3622665f] org.hibernate.orm.jdbc.bind - binding parameter (8:TIMESTAMP) <- [null]
2026-08-12 18:18:41.313 TRACE [http-nio-8080-exec-1] [requestId=0342366e-14e8-4281-b6b8-726e3622665f] org.hibernate.orm.jdbc.bind - binding parameter (9:INTEGER) <- [20]
2026-08-12 18:18:41.314 DEBUG [http-nio-8080-exec-1] [requestId=0342366e-14e8-4281-b6b8-726e3622665f] org.hibernate.SQL - 
    select
        v1_0.id,
        v1_0.actualizado_por,
        v1_0.cliente_id,
        c1_0.id,
        c1_0.categoria,
        c1_0.direccion,
        c1_0.email,
        c1_0.estado,
        c1_0.nombre,
        c1_0.telefono,
        v1_0.codigo,
        v1_0.creado_por,
        v1_0.estado,
        v1_0.fecha_actualizacion,
        v1_0.fecha_creacion,
        v1_0.subtotal,
        v1_0.total 
    from
        ventas v1_0 
    join
        clients c1_0 
            on c1_0.id=v1_0.cliente_id 
    where
        v1_0.id=?
2026-08-12 18:18:41.315 TRACE [http-nio-8080-exec-1] [requestId=0342366e-14e8-4281-b6b8-726e3622665f] org.hibernate.orm.jdbc.bind - binding parameter (1:BIGINT) <- [15]
2026-08-12 18:18:41.316 DEBUG [http-nio-8080-exec-1] [requestId=0342366e-14e8-4281-b6b8-726e3622665f] org.hibernate.SQL - 
    select
        v1_0.id,
        v1_0.actualizado_por,
        v1_0.cliente_id,
        c1_0.id,
        c1_0.categoria,
        c1_0.direccion,
        c1_0.email,
        c1_0.estado,
        c1_0.nombre,
        c1_0.telefono,
        v1_0.codigo,
        v1_0.creado_por,
        v1_0.estado,
        v1_0.fecha_actualizacion,
        v1_0.fecha_creacion,
        v1_0.subtotal,
        v1_0.total 
    from
        ventas v1_0 
    join
        clients c1_0 
            on c1_0.id=v1_0.cliente_id 
    where
        v1_0.id=?
2026-08-12 18:18:41.316 TRACE [http-nio-8080-exec-1] [requestId=0342366e-14e8-4281-b6b8-726e3622665f] org.hibernate.orm.jdbc.bind - binding parameter (1:BIGINT) <- [14]
2026-08-12 18:18:41.317 DEBUG [http-nio-8080-exec-1] [requestId=0342366e-14e8-4281-b6b8-726e3622665f] org.hibernate.SQL - 
    select
        v1_0.id,
        v1_0.actualizado_por,
        v1_0.cliente_id,
        c1_0.id,
        c1_0.categoria,
        c1_0.direccion,
        c1_0.email,
        c1_0.estado,
        c1_0.nombre,
        c1_0.telefono,
        v1_0.codigo,
        v1_0.creado_por,
        v1_0.estado,
        v1_0.fecha_actualizacion,
        v1_0.fecha_creacion,
        v1_0.subtotal,
        v1_0.total 
    from
        ventas v1_0 
    join
        clients c1_0 
            on c1_0.id=v1_0.cliente_id 
    where
        v1_0.id=?
2026-08-12 18:18:41.317 TRACE [http-nio-8080-exec-1] [requestId=0342366e-14e8-4281-b6b8-726e3622665f] org.hibernate.orm.jdbc.bind - binding parameter (1:BIGINT) <- [13]
2026-08-12 18:18:41.319 DEBUG [http-nio-8080-exec-1] [requestId=0342366e-14e8-4281-b6b8-726e3622665f] org.hibernate.SQL - 
    select
        v1_0.id,
        v1_0.actualizado_por,
        v1_0.cliente_id,
        c1_0.id,
        c1_0.categoria,
        c1_0.direccion,
        c1_0.email,
        c1_0.estado,
        c1_0.nombre,
        c1_0.telefono,
        v1_0.codigo,
        v1_0.creado_por,
        v1_0.estado,
        v1_0.fecha_actualizacion,
        v1_0.fecha_creacion,
        v1_0.subtotal,
        v1_0.total 
    from
        ventas v1_0 
    join
        clients c1_0 
            on c1_0.id=v1_0.cliente_id 
    where
        v1_0.id=?
2026-08-12 18:18:41.319 TRACE [http-nio-8080-exec-1] [requestId=0342366e-14e8-4281-b6b8-726e3622665f] org.hibernate.orm.jdbc.bind - binding parameter (1:BIGINT) <- [12]
2026-08-12 18:18:41.320 DEBUG [http-nio-8080-exec-1] [requestId=0342366e-14e8-4281-b6b8-726e3622665f] org.hibernate.SQL - 
    select
        v1_0.id,
        v1_0.actualizado_por,
        v1_0.cliente_id,
        c1_0.id,
        c1_0.categoria,
        c1_0.direccion,
        c1_0.email,
        c1_0.estado,
        c1_0.nombre,
        c1_0.telefono,
        v1_0.codigo,
        v1_0.creado_por,
        v1_0.estado,
        v1_0.fecha_actualizacion,
        v1_0.fecha_creacion,
        v1_0.subtotal,
        v1_0.total 
    from
        ventas v1_0 
    join
        clients c1_0 
            on c1_0.id=v1_0.cliente_id 
    where
        v1_0.id=?
2026-08-12 18:18:41.320 TRACE [http-nio-8080-exec-1] [requestId=0342366e-14e8-4281-b6b8-726e3622665f] org.hibernate.orm.jdbc.bind - binding parameter (1:BIGINT) <- [11]
2026-08-12 18:18:41.321 DEBUG [http-nio-8080-exec-1] [requestId=0342366e-14e8-4281-b6b8-726e3622665f] org.hibernate.SQL - 
    select
        v1_0.id,
        v1_0.actualizado_por,
        v1_0.cliente_id,
        c1_0.id,
        c1_0.categoria,
        c1_0.direccion,
        c1_0.email,
        c1_0.estado,
        c1_0.nombre,
        c1_0.telefono,
        v1_0.codigo,
        v1_0.creado_por,
        v1_0.estado,
        v1_0.fecha_actualizacion,
        v1_0.fecha_creacion,
        v1_0.subtotal,
        v1_0.total 
    from
        ventas v1_0 
    join
        clients c1_0 
            on c1_0.id=v1_0.cliente_id 
    where
        v1_0.id=?
2026-08-12 18:18:41.321 TRACE [http-nio-8080-exec-1] [requestId=0342366e-14e8-4281-b6b8-726e3622665f] org.hibernate.orm.jdbc.bind - binding parameter (1:BIGINT) <- [10]
2026-08-12 18:18:41.322 DEBUG [http-nio-8080-exec-1] [requestId=0342366e-14e8-4281-b6b8-726e3622665f] org.hibernate.SQL - 
    select
        v1_0.id,
        v1_0.actualizado_por,
        v1_0.cliente_id,
        c1_0.id,
        c1_0.categoria,
        c1_0.direccion,
        c1_0.email,
        c1_0.estado,
        c1_0.nombre,
        c1_0.telefono,
        v1_0.codigo,
        v1_0.creado_por,
        v1_0.estado,
        v1_0.fecha_actualizacion,
        v1_0.fecha_creacion,
        v1_0.subtotal,
        v1_0.total 
    from
        ventas v1_0 
    join
        clients c1_0 
            on c1_0.id=v1_0.cliente_id 
    where
        v1_0.id=?
2026-08-12 18:18:41.322 TRACE [http-nio-8080-exec-1] [requestId=0342366e-14e8-4281-b6b8-726e3622665f] org.hibernate.orm.jdbc.bind - binding parameter (1:BIGINT) <- [7]
2026-08-12 18:18:41.322 DEBUG [http-nio-8080-exec-1] [requestId=0342366e-14e8-4281-b6b8-726e3622665f] org.hibernate.SQL - 
    select
        v1_0.id,
        v1_0.actualizado_por,
        v1_0.cliente_id,
        c1_0.id,
        c1_0.categoria,
        c1_0.direccion,
        c1_0.email,
        c1_0.estado,
        c1_0.nombre,
        c1_0.telefono,
        v1_0.codigo,
        v1_0.creado_por,
        v1_0.estado,
        v1_0.fecha_actualizacion,
        v1_0.fecha_creacion,
        v1_0.subtotal,
        v1_0.total 
    from
        ventas v1_0 
    join
        clients c1_0 
            on c1_0.id=v1_0.cliente_id 
    where
        v1_0.id=?
2026-08-12 18:18:41.322 TRACE [http-nio-8080-exec-1] [requestId=0342366e-14e8-4281-b6b8-726e3622665f] org.hibernate.orm.jdbc.bind - binding parameter (1:BIGINT) <- [5]
2026-08-12 18:18:41.324 DEBUG [http-nio-8080-exec-1] [requestId=0342366e-14e8-4281-b6b8-726e3622665f] org.hibernate.SQL - 
    select
        v1_0.id,
        v1_0.actualizado_por,
        v1_0.cliente_id,
        c1_0.id,
        c1_0.categoria,
        c1_0.direccion,
        c1_0.email,
        c1_0.estado,
        c1_0.nombre,
        c1_0.telefono,
        v1_0.codigo,
        v1_0.creado_por,
        v1_0.estado,
        v1_0.fecha_actualizacion,
        v1_0.fecha_creacion,
        v1_0.subtotal,
        v1_0.total 
    from
        ventas v1_0 
    join
        clients c1_0 
            on c1_0.id=v1_0.cliente_id 
    where
        v1_0.id=?
2026-08-12 18:18:41.324 TRACE [http-nio-8080-exec-1] [requestId=0342366e-14e8-4281-b6b8-726e3622665f] org.hibernate.orm.jdbc.bind - binding parameter (1:BIGINT) <- [2]
2026-08-12 18:18:41.325 DEBUG [http-nio-8080-exec-1] [requestId=0342366e-14e8-4281-b6b8-726e3622665f] org.hibernate.SQL - 
    select
        v1_0.id,
        v1_0.actualizado_por,
        v1_0.cliente_id,
        c1_0.id,
        c1_0.categoria,
        c1_0.direccion,
        c1_0.email,
        c1_0.estado,
        c1_0.nombre,
        c1_0.telefono,
        v1_0.codigo,
        v1_0.creado_por,
        v1_0.estado,
        v1_0.fecha_actualizacion,
        v1_0.fecha_creacion,
        v1_0.subtotal,
        v1_0.total 
    from
        ventas v1_0 
    join
        clients c1_0 
            on c1_0.id=v1_0.cliente_id 
    where
        v1_0.id=?
2026-08-12 18:18:41.325 TRACE [http-nio-8080-exec-1] [requestId=0342366e-14e8-4281-b6b8-726e3622665f] org.hibernate.orm.jdbc.bind - binding parameter (1:BIGINT) <- [1]
2026-08-12 18:18:41.327 DEBUG [http-nio-8080-exec-1] [requestId=0342366e-14e8-4281-b6b8-726e3622665f] org.hibernate.SQL - 
    select
        p1_0.cuenta_cobrar_id,
        p1_0.id,
        p1_0.fecha_pago,
        p1_0.metodo_pago,
        p1_0.monto,
        p1_0.referencia,
        p1_0.registrado_por 
    from
        pagos p1_0 
    where
        p1_0.cuenta_cobrar_id=?
2026-08-12 18:18:41.327 TRACE [http-nio-8080-exec-1] [requestId=0342366e-14e8-4281-b6b8-726e3622665f] org.hibernate.orm.jdbc.bind - binding parameter (1:BIGINT) <- [10]
2026-08-12 18:18:41.328 DEBUG [http-nio-8080-exec-1] [requestId=0342366e-14e8-4281-b6b8-726e3622665f] org.hibernate.SQL - 
    select
        p1_0.cuenta_cobrar_id,
        p1_0.id,
        p1_0.fecha_pago,
        p1_0.metodo_pago,
        p1_0.monto,
        p1_0.referencia,
        p1_0.registrado_por 
    from
        pagos p1_0 
    where
        p1_0.cuenta_cobrar_id=?
2026-08-12 18:18:41.328 TRACE [http-nio-8080-exec-1] [requestId=0342366e-14e8-4281-b6b8-726e3622665f] org.hibernate.orm.jdbc.bind - binding parameter (1:BIGINT) <- [9]
2026-08-12 18:18:41.328 DEBUG [http-nio-8080-exec-1] [requestId=0342366e-14e8-4281-b6b8-726e3622665f] org.hibernate.SQL - 
    select
        p1_0.cuenta_cobrar_id,
        p1_0.id,
        p1_0.fecha_pago,
        p1_0.metodo_pago,
        p1_0.monto,
        p1_0.referencia,
        p1_0.registrado_por 
    from
        pagos p1_0 
    where
        p1_0.cuenta_cobrar_id=?
2026-08-12 18:18:41.329 TRACE [http-nio-8080-exec-1] [requestId=0342366e-14e8-4281-b6b8-726e3622665f] org.hibernate.orm.jdbc.bind - binding parameter (1:BIGINT) <- [8]
2026-08-12 18:18:41.329 DEBUG [http-nio-8080-exec-1] [requestId=0342366e-14e8-4281-b6b8-726e3622665f] org.hibernate.SQL - 
    select
        p1_0.cuenta_cobrar_id,
        p1_0.id,
        p1_0.fecha_pago,
        p1_0.metodo_pago,
        p1_0.monto,
        p1_0.referencia,
        p1_0.registrado_por 
    from
        pagos p1_0 
    where
        p1_0.cuenta_cobrar_id=?
2026-08-12 18:18:41.329 TRACE [http-nio-8080-exec-1] [requestId=0342366e-14e8-4281-b6b8-726e3622665f] org.hibernate.orm.jdbc.bind - binding parameter (1:BIGINT) <- [7]
2026-08-12 18:18:41.329 DEBUG [http-nio-8080-exec-1] [requestId=0342366e-14e8-4281-b6b8-726e3622665f] org.hibernate.SQL - 
    select
        p1_0.cuenta_cobrar_id,
        p1_0.id,
        p1_0.fecha_pago,
        p1_0.metodo_pago,
        p1_0.monto,
        p1_0.referencia,
        p1_0.registrado_por 
    from
        pagos p1_0 
    where
        p1_0.cuenta_cobrar_id=?
2026-08-12 18:18:41.330 TRACE [http-nio-8080-exec-1] [requestId=0342366e-14e8-4281-b6b8-726e3622665f] org.hibernate.orm.jdbc.bind - binding parameter (1:BIGINT) <- [6]
2026-08-12 18:18:41.331 DEBUG [http-nio-8080-exec-1] [requestId=0342366e-14e8-4281-b6b8-726e3622665f] org.hibernate.SQL - 
    select
        p1_0.cuenta_cobrar_id,
        p1_0.id,
        p1_0.fecha_pago,
        p1_0.metodo_pago,
        p1_0.monto,
        p1_0.referencia,
        p1_0.registrado_por 
    from
        pagos p1_0 
    where
        p1_0.cuenta_cobrar_id=?
2026-08-12 18:18:41.331 TRACE [http-nio-8080-exec-1] [requestId=0342366e-14e8-4281-b6b8-726e3622665f] org.hibernate.orm.jdbc.bind - binding parameter (1:BIGINT) <- [5]
2026-08-12 18:18:41.332 DEBUG [http-nio-8080-exec-1] [requestId=0342366e-14e8-4281-b6b8-726e3622665f] org.hibernate.SQL - 
    select
        p1_0.cuenta_cobrar_id,
        p1_0.id,
        p1_0.fecha_pago,
        p1_0.metodo_pago,
        p1_0.monto,
        p1_0.referencia,
        p1_0.registrado_por 
    from
        pagos p1_0 
    where
        p1_0.cuenta_cobrar_id=?
2026-08-12 18:18:41.332 TRACE [http-nio-8080-exec-1] [requestId=0342366e-14e8-4281-b6b8-726e3622665f] org.hibernate.orm.jdbc.bind - binding parameter (1:BIGINT) <- [4]
2026-08-12 18:18:41.333 DEBUG [http-nio-8080-exec-1] [requestId=0342366e-14e8-4281-b6b8-726e3622665f] org.hibernate.SQL - 
    select
        p1_0.cuenta_cobrar_id,
        p1_0.id,
        p1_0.fecha_pago,
        p1_0.metodo_pago,
        p1_0.monto,
        p1_0.referencia,
        p1_0.registrado_por 
    from
        pagos p1_0 
    where
        p1_0.cuenta_cobrar_id=?
2026-08-12 18:18:41.333 TRACE [http-nio-8080-exec-1] [requestId=0342366e-14e8-4281-b6b8-726e3622665f] org.hibernate.orm.jdbc.bind - binding parameter (1:BIGINT) <- [3]
2026-08-12 18:18:41.333 DEBUG [http-nio-8080-exec-1] [requestId=0342366e-14e8-4281-b6b8-726e3622665f] org.hibernate.SQL - 
    select
        p1_0.cuenta_cobrar_id,
        p1_0.id,
        p1_0.fecha_pago,
        p1_0.metodo_pago,
        p1_0.monto,
        p1_0.referencia,
        p1_0.registrado_por 
    from
        pagos p1_0 
    where
        p1_0.cuenta_cobrar_id=?
2026-08-12 18:18:41.333 TRACE [http-nio-8080-exec-1] [requestId=0342366e-14e8-4281-b6b8-726e3622665f] org.hibernate.orm.jdbc.bind - binding parameter (1:BIGINT) <- [2]
2026-08-12 18:18:41.334 DEBUG [http-nio-8080-exec-1] [requestId=0342366e-14e8-4281-b6b8-726e3622665f] org.hibernate.SQL - 
    select
        p1_0.cuenta_cobrar_id,
        p1_0.id,
        p1_0.fecha_pago,
        p1_0.metodo_pago,
        p1_0.monto,
        p1_0.referencia,
        p1_0.registrado_por 
    from
        pagos p1_0 
    where
        p1_0.cuenta_cobrar_id=?
2026-08-12 18:18:41.334 TRACE [http-nio-8080-exec-1] [requestId=0342366e-14e8-4281-b6b8-726e3622665f] org.hibernate.orm.jdbc.bind - binding parameter (1:BIGINT) <- [1]
2026-08-12 18:18:47.001 DEBUG [http-nio-8080-exec-3] [requestId=8b381674-58a9-4c10-a37c-da06f6c74768] org.hibernate.SQL - 
    select
        coalesce(sum(v1_0.total), 0) 
    from
        ventas v1_0 
    where
        v1_0.fecha_creacion>=? 
        and v1_0.fecha_creacion<? 
        and v1_0.estado<>?
2026-08-12 18:18:47.001 TRACE [http-nio-8080-exec-3] [requestId=8b381674-58a9-4c10-a37c-da06f6c74768] org.hibernate.orm.jdbc.bind - binding parameter (1:TIMESTAMP) <- [2026-08-12T00:00]
2026-08-12 18:18:47.001 TRACE [http-nio-8080-exec-3] [requestId=8b381674-58a9-4c10-a37c-da06f6c74768] org.hibernate.orm.jdbc.bind - binding parameter (2:TIMESTAMP) <- [2026-08-13T00:00]
2026-08-12 18:18:47.002 TRACE [http-nio-8080-exec-3] [requestId=8b381674-58a9-4c10-a37c-da06f6c74768] org.hibernate.orm.jdbc.bind - binding parameter (3:ENUM) <- [ANULADA]
2026-08-12 18:18:47.003 DEBUG [http-nio-8080-exec-3] [requestId=8b381674-58a9-4c10-a37c-da06f6c74768] org.hibernate.SQL - 
    select
        count(v1_0.id) 
    from
        ventas v1_0 
    where
        v1_0.fecha_creacion>=? 
        and v1_0.fecha_creacion<? 
        and v1_0.estado<>?
2026-08-12 18:18:47.003 TRACE [http-nio-8080-exec-3] [requestId=8b381674-58a9-4c10-a37c-da06f6c74768] org.hibernate.orm.jdbc.bind - binding parameter (1:TIMESTAMP) <- [2026-08-12T00:00]
2026-08-12 18:18:47.003 TRACE [http-nio-8080-exec-3] [requestId=8b381674-58a9-4c10-a37c-da06f6c74768] org.hibernate.orm.jdbc.bind - binding parameter (2:TIMESTAMP) <- [2026-08-13T00:00]
2026-08-12 18:18:47.003 TRACE [http-nio-8080-exec-3] [requestId=8b381674-58a9-4c10-a37c-da06f6c74768] org.hibernate.orm.jdbc.bind - binding parameter (3:ENUM) <- [ANULADA]
2026-08-12 18:18:47.004 DEBUG [http-nio-8080-exec-3] [requestId=8b381674-58a9-4c10-a37c-da06f6c74768] org.hibernate.SQL - 
    select
        coalesce(sum(p1_0.monto), 0) 
    from
        pagos p1_0 
    where
        p1_0.fecha_pago>=? 
        and p1_0.fecha_pago<?
2026-08-12 18:18:47.005 TRACE [http-nio-8080-exec-3] [requestId=8b381674-58a9-4c10-a37c-da06f6c74768] org.hibernate.orm.jdbc.bind - binding parameter (1:TIMESTAMP) <- [2026-08-12T00:00]
2026-08-12 18:18:47.005 TRACE [http-nio-8080-exec-3] [requestId=8b381674-58a9-4c10-a37c-da06f6c74768] org.hibernate.orm.jdbc.bind - binding parameter (2:TIMESTAMP) <- [2026-08-13T00:00]
2026-08-12 18:18:47.006 DEBUG [http-nio-8080-exec-3] [requestId=8b381674-58a9-4c10-a37c-da06f6c74768] org.hibernate.SQL - 
    select
        coalesce(sum(pp1_0.monto), 0) 
    from
        pagos_proveedores pp1_0 
    where
        pp1_0.fecha_pago>=? 
        and pp1_0.fecha_pago<?
2026-08-12 18:18:47.006 TRACE [http-nio-8080-exec-3] [requestId=8b381674-58a9-4c10-a37c-da06f6c74768] org.hibernate.orm.jdbc.bind - binding parameter (1:TIMESTAMP) <- [2026-08-12T00:00]
2026-08-12 18:18:47.006 TRACE [http-nio-8080-exec-3] [requestId=8b381674-58a9-4c10-a37c-da06f6c74768] org.hibernate.orm.jdbc.bind - binding parameter (2:TIMESTAMP) <- [2026-08-13T00:00]
2026-08-12 18:18:47.008 DEBUG [http-nio-8080-exec-3] [requestId=8b381674-58a9-4c10-a37c-da06f6c74768] org.hibernate.SQL - 
    select
        coalesce(sum(cc1_0.saldo_pendiente), 0) 
    from
        cuentas_cobrar cc1_0 
    where
        cc1_0.estado in (?, ?)
2026-08-12 18:18:47.008 TRACE [http-nio-8080-exec-3] [requestId=8b381674-58a9-4c10-a37c-da06f6c74768] org.hibernate.orm.jdbc.bind - binding parameter (1:ENUM) <- [PENDIENTE]
2026-08-12 18:18:47.008 TRACE [http-nio-8080-exec-3] [requestId=8b381674-58a9-4c10-a37c-da06f6c74768] org.hibernate.orm.jdbc.bind - binding parameter (2:ENUM) <- [PARCIAL]
2026-08-12 18:18:47.009 DEBUG [http-nio-8080-exec-3] [requestId=8b381674-58a9-4c10-a37c-da06f6c74768] org.hibernate.SQL - 
    select
        coalesce(sum(cp1_0.saldo_pendiente), 0) 
    from
        cuentas_pagar cp1_0 
    where
        cp1_0.estado in (?, ?)
2026-08-12 18:18:47.010 TRACE [http-nio-8080-exec-3] [requestId=8b381674-58a9-4c10-a37c-da06f6c74768] org.hibernate.orm.jdbc.bind - binding parameter (1:ENUM) <- [PENDIENTE]
2026-08-12 18:18:47.010 TRACE [http-nio-8080-exec-3] [requestId=8b381674-58a9-4c10-a37c-da06f6c74768] org.hibernate.orm.jdbc.bind - binding parameter (2:ENUM) <- [PARCIAL]
2026-08-12 18:18:47.010 DEBUG [http-nio-8080-exec-3] [requestId=8b381674-58a9-4c10-a37c-da06f6c74768] org.hibernate.SQL - 
    select
        c1_0.id,
        c1_0.abierta_por,
        c1_0.cerrada_por,
        c1_0.diferencia,
        c1_0.estado,
        c1_0.fecha_apertura,
        c1_0.fecha_cierre,
        c1_0.saldo_actual,
        c1_0.saldo_esperado,
        c1_0.saldo_inicial,
        c1_0.saldo_real,
        c1_0.total_egresos,
        c1_0.total_ingresos 
    from
        cajas c1_0 
    where
        c1_0.estado=? 
    order by
        c1_0.fecha_apertura desc 
    limit
        ?
2026-08-12 18:18:47.011 TRACE [http-nio-8080-exec-3] [requestId=8b381674-58a9-4c10-a37c-da06f6c74768] org.hibernate.orm.jdbc.bind - binding parameter (1:ENUM) <- [ABIERTA]
2026-08-12 18:18:47.011 TRACE [http-nio-8080-exec-3] [requestId=8b381674-58a9-4c10-a37c-da06f6c74768] org.hibernate.orm.jdbc.bind - binding parameter (2:INTEGER) <- [1]
2026-08-12 18:18:47.011 DEBUG [http-nio-8080-exec-3] [requestId=8b381674-58a9-4c10-a37c-da06f6c74768] org.hibernate.SQL - 
    select
        mc1_0.id,
        mc1_0.caja_id,
        mc1_0.concepto,
        mc1_0.fecha_movimiento,
        mc1_0.monto,
        mc1_0.referencia,
        mc1_0.registrado_por,
        mc1_0.tipo_movimiento 
    from
        movimientos_caja mc1_0 
    where
        mc1_0.fecha_movimiento>=? 
        and mc1_0.fecha_movimiento<?
2026-08-12 18:18:47.012 TRACE [http-nio-8080-exec-3] [requestId=8b381674-58a9-4c10-a37c-da06f6c74768] org.hibernate.orm.jdbc.bind - binding parameter (1:TIMESTAMP) <- [2026-08-12T00:00]
2026-08-12 18:18:47.012 TRACE [http-nio-8080-exec-3] [requestId=8b381674-58a9-4c10-a37c-da06f6c74768] org.hibernate.orm.jdbc.bind - binding parameter (2:TIMESTAMP) <- [2026-08-13T00:00]
2026-08-12 18:18:47.013 DEBUG [http-nio-8080-exec-3] [requestId=8b381674-58a9-4c10-a37c-da06f6c74768] org.hibernate.SQL - 
    select
        c1_0.id,
        c1_0.abierta_por,
        c1_0.cerrada_por,
        c1_0.diferencia,
        c1_0.estado,
        c1_0.fecha_apertura,
        c1_0.fecha_cierre,
        c1_0.saldo_actual,
        c1_0.saldo_esperado,
        c1_0.saldo_inicial,
        c1_0.saldo_real,
        c1_0.total_egresos,
        c1_0.total_ingresos 
    from
        cajas c1_0 
    where
        c1_0.id=?
2026-08-12 18:18:47.013 TRACE [http-nio-8080-exec-3] [requestId=8b381674-58a9-4c10-a37c-da06f6c74768] org.hibernate.orm.jdbc.bind - binding parameter (1:BIGINT) <- [1]
2026-08-12 18:18:47.014 DEBUG [http-nio-8080-exec-3] [requestId=8b381674-58a9-4c10-a37c-da06f6c74768] org.hibernate.SQL - 
    select
        coalesce(sum(c1_0.total), 0) 
    from
        compras c1_0 
    where
        c1_0.fecha_creacion>=? 
        and c1_0.fecha_creacion<? 
        and c1_0.estado<>?
2026-08-12 18:18:47.014 TRACE [http-nio-8080-exec-3] [requestId=8b381674-58a9-4c10-a37c-da06f6c74768] org.hibernate.orm.jdbc.bind - binding parameter (1:TIMESTAMP) <- [2026-08-12T00:00]
2026-08-12 18:18:47.015 TRACE [http-nio-8080-exec-3] [requestId=8b381674-58a9-4c10-a37c-da06f6c74768] org.hibernate.orm.jdbc.bind - binding parameter (2:TIMESTAMP) <- [2026-08-13T00:00]
2026-08-12 18:18:47.015 TRACE [http-nio-8080-exec-3] [requestId=8b381674-58a9-4c10-a37c-da06f6c74768] org.hibernate.orm.jdbc.bind - binding parameter (3:ENUM) <- [ANULADA]
2026-08-12 18:18:47.016 DEBUG [http-nio-8080-exec-3] [requestId=8b381674-58a9-4c10-a37c-da06f6c74768] org.hibernate.SQL - 
    select
        count(c1_0.id) 
    from
        compras c1_0 
    where
        c1_0.fecha_creacion>=? 
        and c1_0.fecha_creacion<? 
        and c1_0.estado<>?
2026-08-12 18:18:47.016 TRACE [http-nio-8080-exec-3] [requestId=8b381674-58a9-4c10-a37c-da06f6c74768] org.hibernate.orm.jdbc.bind - binding parameter (1:TIMESTAMP) <- [2026-08-12T00:00]
2026-08-12 18:18:47.016 TRACE [http-nio-8080-exec-3] [requestId=8b381674-58a9-4c10-a37c-da06f6c74768] org.hibernate.orm.jdbc.bind - binding parameter (2:TIMESTAMP) <- [2026-08-13T00:00]
2026-08-12 18:18:47.016 TRACE [http-nio-8080-exec-3] [requestId=8b381674-58a9-4c10-a37c-da06f6c74768] org.hibernate.orm.jdbc.bind - binding parameter (3:ENUM) <- [ANULADA]
2026-08-12 18:18:47.018 DEBUG [http-nio-8080-exec-3] [requestId=8b381674-58a9-4c10-a37c-da06f6c74768] org.hibernate.SQL - 
    select
        count(i1_0.id) 
    from
        inventarios i1_0
2026-08-12 18:18:47.018 DEBUG [http-nio-8080-exec-3] [requestId=8b381674-58a9-4c10-a37c-da06f6c74768] org.hibernate.SQL - 
    select
        count(i1_0.id) 
    from
        inventarios i1_0 
    where
        i1_0.stock_actual<=i1_0.stock_minimo
2026-08-12 18:19:47.274 DEBUG [http-nio-8080-exec-7] [requestId=44532759-049b-4a67-9277-6056926380ef] org.hibernate.SQL - 
    select
        p1_0.id,
        p1_0.categoria,
        p1_0.codigo,
        p1_0.contenido,
        p1_0.descripcion,
        p1_0.estado,
        p1_0.precio_base,
        p1_0.unidad_medida,
        p1_0.unidades_por_paquete 
    from
        productos p1_0 
    where
        (
            ? is null 
            or lower(p1_0.codigo) like lower(concat('%', ?, '%')) escape '' 
            or lower(p1_0.descripcion) like lower(concat('%', ?, '%')) escape ''
        ) 
        and (
            ? is null 
            or p1_0.estado=?
        ) 
        and (
            ? is null 
            or p1_0.categoria=?
        ) 
    order by
        p1_0.descripcion 
    limit
        ?
2026-08-12 18:19:47.274 TRACE [http-nio-8080-exec-7] [requestId=44532759-049b-4a67-9277-6056926380ef] org.hibernate.orm.jdbc.bind - binding parameter (1:JAVA_OBJECT) <- [null]
2026-08-12 18:19:47.274 TRACE [http-nio-8080-exec-7] [requestId=44532759-049b-4a67-9277-6056926380ef] org.hibernate.orm.jdbc.bind - binding parameter (2:JAVA_OBJECT) <- [null]
2026-08-12 18:19:47.274 TRACE [http-nio-8080-exec-7] [requestId=44532759-049b-4a67-9277-6056926380ef] org.hibernate.orm.jdbc.bind - binding parameter (3:JAVA_OBJECT) <- [null]
2026-08-12 18:19:47.274 TRACE [http-nio-8080-exec-7] [requestId=44532759-049b-4a67-9277-6056926380ef] org.hibernate.orm.jdbc.bind - binding parameter (4:ENUM) <- [null]
2026-08-12 18:19:47.274 TRACE [http-nio-8080-exec-7] [requestId=44532759-049b-4a67-9277-6056926380ef] org.hibernate.orm.jdbc.bind - binding parameter (5:ENUM) <- [null]
2026-08-12 18:19:47.276 TRACE [http-nio-8080-exec-7] [requestId=44532759-049b-4a67-9277-6056926380ef] org.hibernate.orm.jdbc.bind - binding parameter (6:ENUM) <- [null]
2026-08-12 18:19:47.276 TRACE [http-nio-8080-exec-7] [requestId=44532759-049b-4a67-9277-6056926380ef] org.hibernate.orm.jdbc.bind - binding parameter (7:ENUM) <- [null]
2026-08-12 18:19:47.276 TRACE [http-nio-8080-exec-7] [requestId=44532759-049b-4a67-9277-6056926380ef] org.hibernate.orm.jdbc.bind - binding parameter (8:INTEGER) <- [20]
2026-08-12 18:19:52.988 ERROR [http-nio-8080-exec-8] [requestId=4524dad1-3432-4532-8f71-1ce5944779c5] c.r.b.u.e.GlobalExceptionHandler - Error interno no controlado. path=/bencol.agua/inventarios
org.springframework.web.HttpRequestMethodNotSupportedException: Request method 'GET' is not supported
	at org.springframework.web.servlet.mvc.method.RequestMappingInfoHandlerMapping.handleNoMatch(RequestMappingInfoHandlerMapping.java:260)
	at org.springframework.web.servlet.handler.AbstractHandlerMethodMapping.lookupHandlerMethod(AbstractHandlerMethodMapping.java:434)
	at org.springframework.web.servlet.handler.AbstractHandlerMethodMapping.getHandlerInternal(AbstractHandlerMethodMapping.java:376)
	at org.springframework.web.servlet.mvc.method.RequestMappingInfoHandlerMapping.getHandlerInternal(RequestMappingInfoHandlerMapping.java:116)
	at org.springframework.web.servlet.mvc.method.RequestMappingInfoHandlerMapping.getHandlerInternal(RequestMappingInfoHandlerMapping.java:68)
	at org.springframework.web.servlet.handler.AbstractHandlerMapping.getHandler(AbstractHandlerMapping.java:544)
	at org.springframework.web.servlet.DispatcherServlet.getHandler(DispatcherServlet.java:1157)
	at org.springframework.web.servlet.DispatcherServlet.doDispatch(DispatcherServlet.java:951)
	at org.springframework.web.servlet.DispatcherServlet.doService(DispatcherServlet.java:866)
	at org.springframework.web.servlet.FrameworkServlet.processRequest(FrameworkServlet.java:1000)
	at org.springframework.web.servlet.FrameworkServlet.doGet(FrameworkServlet.java:892)
	at jakarta.servlet.http.HttpServlet.service(HttpServlet.java:622)
	at org.springframework.web.servlet.FrameworkServlet.service(FrameworkServlet.java:874)
	at jakarta.servlet.http.HttpServlet.service(HttpServlet.java:710)
	at org.apache.catalina.core.ApplicationFilterChain.doFilter(ApplicationFilterChain.java:128)
	at org.apache.tomcat.websocket.server.WsFilter.doFilter(WsFilter.java:53)
	at org.apache.catalina.core.ApplicationFilterChain.doFilter(ApplicationFilterChain.java:107)
	at com.runicsoft.bencolapp.utils.logging.RequestIdFilter.doFilterInternal(RequestIdFilter.java:35)
	at org.springframework.web.filter.OncePerRequestFilter.doFilter(OncePerRequestFilter.java:116)
	at org.apache.catalina.core.ApplicationFilterChain.doFilter(ApplicationFilterChain.java:107)
	at org.springframework.web.filter.CompositeFilter$VirtualFilterChain.doFilter(CompositeFilter.java:108)
	at org.springframework.security.web.FilterChainProxy.lambda$doFilterInternal$2(FilterChainProxy.java:235)
	at org.springframework.security.web.FilterChainProxy$VirtualFilterChain.doFilter(FilterChainProxy.java:376)
	at org.springframework.security.web.access.intercept.AuthorizationFilter.doFilter(AuthorizationFilter.java:101)
	at org.springframework.security.web.FilterChainProxy$VirtualFilterChain.doFilter(FilterChainProxy.java:385)
	at org.springframework.security.web.access.ExceptionTranslationFilter.doFilter(ExceptionTranslationFilter.java:126)
	at org.springframework.security.web.access.ExceptionTranslationFilter.doFilter(ExceptionTranslationFilter.java:120)
	at org.springframework.security.web.FilterChainProxy$VirtualFilterChain.doFilter(FilterChainProxy.java:385)
	at org.springframework.security.web.session.SessionManagementFilter.doFilter(SessionManagementFilter.java:132)
	at org.springframework.security.web.session.SessionManagementFilter.doFilter(SessionManagementFilter.java:86)
	at org.springframework.security.web.FilterChainProxy$VirtualFilterChain.doFilter(FilterChainProxy.java:385)
	at org.springframework.security.web.authentication.AnonymousAuthenticationFilter.doFilter(AnonymousAuthenticationFilter.java:100)
	at org.springframework.security.web.FilterChainProxy$VirtualFilterChain.doFilter(FilterChainProxy.java:385)
	at org.springframework.security.web.servletapi.SecurityContextHolderAwareRequestFilter.doFilter(SecurityContextHolderAwareRequestFilter.java:181)
	at org.springframework.security.web.FilterChainProxy$VirtualFilterChain.doFilter(FilterChainProxy.java:385)
	at org.springframework.security.web.savedrequest.RequestCacheAwareFilter.doFilter(RequestCacheAwareFilter.java:63)
	at org.springframework.security.web.FilterChainProxy$VirtualFilterChain.doFilter(FilterChainProxy.java:385)
	at org.springframework.security.oauth2.server.resource.web.authentication.BearerTokenAuthenticationFilter.doFilterInternal(BearerTokenAuthenticationFilter.java:207)
	at org.springframework.web.filter.OncePerRequestFilter.doFilter(OncePerRequestFilter.java:116)
	at org.springframework.security.web.FilterChainProxy$VirtualFilterChain.doFilter(FilterChainProxy.java:385)
	at org.springframework.security.oauth2.server.resource.web.OAuth2ProtectedResourceMetadataFilter.doFilterInternal(OAuth2ProtectedResourceMetadataFilter.java:98)
	at org.springframework.web.filter.OncePerRequestFilter.doFilter(OncePerRequestFilter.java:116)
	at org.springframework.security.web.FilterChainProxy$VirtualFilterChain.doFilter(FilterChainProxy.java:385)
	at org.springframework.security.web.authentication.logout.LogoutFilter.doFilter(LogoutFilter.java:110)
	at org.springframework.security.web.authentication.logout.LogoutFilter.doFilter(LogoutFilter.java:96)
	at org.springframework.security.web.FilterChainProxy$VirtualFilterChain.doFilter(FilterChainProxy.java:385)
	at org.springframework.security.web.header.HeaderWriterFilter.doHeadersAfter(HeaderWriterFilter.java:90)
	at org.springframework.security.web.header.HeaderWriterFilter.doFilterInternal(HeaderWriterFilter.java:75)
	at org.springframework.web.filter.OncePerRequestFilter.doFilter(OncePerRequestFilter.java:116)
	at org.springframework.security.web.FilterChainProxy$VirtualFilterChain.doFilter(FilterChainProxy.java:385)
	at org.springframework.security.web.context.SecurityContextHolderFilter.doFilter(SecurityContextHolderFilter.java:82)
	at org.springframework.security.web.context.SecurityContextHolderFilter.doFilter(SecurityContextHolderFilter.java:69)
	at org.springframework.security.web.FilterChainProxy$VirtualFilterChain.doFilter(FilterChainProxy.java:385)
	at org.springframework.security.web.context.request.async.WebAsyncManagerIntegrationFilter.doFilterInternal(WebAsyncManagerIntegrationFilter.java:62)
	at org.springframework.web.filter.OncePerRequestFilter.doFilter(OncePerRequestFilter.java:116)
	at org.springframework.security.web.FilterChainProxy$VirtualFilterChain.doFilter(FilterChainProxy.java:385)
	at org.springframework.security.web.session.DisableEncodeUrlFilter.doFilterInternal(DisableEncodeUrlFilter.java:42)
	at org.springframework.web.filter.OncePerRequestFilter.doFilter(OncePerRequestFilter.java:116)
	at org.springframework.security.web.FilterChainProxy$VirtualFilterChain.doFilter(FilterChainProxy.java:385)
	at org.springframework.security.web.FilterChainProxy.doFilterInternal(FilterChainProxy.java:237)
	at org.springframework.security.web.FilterChainProxy.doFilter(FilterChainProxy.java:195)
	at org.springframework.web.filter.CompositeFilter$VirtualFilterChain.doFilter(CompositeFilter.java:113)
	at org.springframework.web.filter.ServletRequestPathFilter.doFilter(ServletRequestPathFilter.java:52)
	at org.springframework.web.filter.CompositeFilter$VirtualFilterChain.doFilter(CompositeFilter.java:113)
	at org.springframework.web.filter.CompositeFilter.doFilter(CompositeFilter.java:74)
	at org.springframework.security.config.annotation.web.configuration.WebSecurityConfiguration$CompositeFilterChainProxy.doFilter(WebSecurityConfiguration.java:317)
	at org.springframework.web.filter.DelegatingFilterProxy.invokeDelegate(DelegatingFilterProxy.java:355)
	at org.springframework.web.filter.DelegatingFilterProxy.doFilter(DelegatingFilterProxy.java:272)
	at org.apache.catalina.core.ApplicationFilterChain.doFilter(ApplicationFilterChain.java:107)
	at org.springframework.web.filter.RequestContextFilter.doFilterInternal(RequestContextFilter.java:100)
	at org.springframework.web.filter.OncePerRequestFilter.doFilter(OncePerRequestFilter.java:116)
	at org.apache.catalina.core.ApplicationFilterChain.doFilter(ApplicationFilterChain.java:107)
	at org.springframework.web.filter.FormContentFilter.doFilterInternal(FormContentFilter.java:93)
	at org.springframework.web.filter.OncePerRequestFilter.doFilter(OncePerRequestFilter.java:116)
	at org.apache.catalina.core.ApplicationFilterChain.doFilter(ApplicationFilterChain.java:107)
	at org.springframework.web.filter.CharacterEncodingFilter.doFilterInternal(CharacterEncodingFilter.java:199)
	at org.springframework.web.filter.OncePerRequestFilter.doFilter(OncePerRequestFilter.java:116)
	at org.apache.catalina.core.ApplicationFilterChain.doFilter(ApplicationFilterChain.java:107)
	at org.apache.catalina.core.StandardWrapperValve.invoke(StandardWrapperValve.java:165)
	at org.apache.catalina.core.StandardContextValve.invoke(StandardContextValve.java:77)
	at org.apache.catalina.authenticator.AuthenticatorBase.invoke(AuthenticatorBase.java:492)
	at org.apache.catalina.core.StandardHostValve.invoke(StandardHostValve.java:113)
	at org.apache.catalina.valves.ErrorReportValve.invoke(ErrorReportValve.java:83)
	at org.apache.catalina.core.StandardEngineValve.invoke(StandardEngineValve.java:72)
	at org.apache.catalina.connector.CoyoteAdapter.service(CoyoteAdapter.java:341)
	at org.apache.coyote.http11.Http11Processor.service(Http11Processor.java:397)
	at org.apache.coyote.AbstractProcessorLight.process(AbstractProcessorLight.java:63)
	at org.apache.coyote.AbstractProtocol$ConnectionHandler.process(AbstractProtocol.java:1272)
	at org.apache.tomcat.util.net.NioEndpoint$SocketProcessor.doRun(NioEndpoint.java:1801)
	at org.apache.tomcat.util.net.SocketProcessorBase.run(SocketProcessorBase.java:52)
	at org.apache.tomcat.util.threads.ThreadPoolExecutor.runWorker(ThreadPoolExecutor.java:946)
	at org.apache.tomcat.util.threads.ThreadPoolExecutor$Worker.run(ThreadPoolExecutor.java:480)
	at org.apache.tomcat.util.threads.TaskThread$WrappingRunnable.run(TaskThread.java:57)
	at java.base/java.lang.Thread.run(Thread.java:1583)
2026-08-12 18:19:52.992 WARN  [http-nio-8080-exec-8] [requestId=4524dad1-3432-4532-8f71-1ce5944779c5] o.s.w.s.m.m.a.ExceptionHandlerExceptionResolver - Resolved [org.springframework.web.HttpRequestMethodNotSupportedException: Request method 'GET' is not supported]
2026-08-12 18:20:09.606 ERROR [http-nio-8080-exec-10] [requestId=4bc214d7-3aff-4359-a728-6bb6198d1efa] c.r.b.u.e.GlobalExceptionHandler - Error interno no controlado. path=/bencol.agua/inventarios
org.springframework.web.HttpRequestMethodNotSupportedException: Request method 'GET' is not supported
	at org.springframework.web.servlet.mvc.method.RequestMappingInfoHandlerMapping.handleNoMatch(RequestMappingInfoHandlerMapping.java:260)
	at org.springframework.web.servlet.handler.AbstractHandlerMethodMapping.lookupHandlerMethod(AbstractHandlerMethodMapping.java:434)
	at org.springframework.web.servlet.handler.AbstractHandlerMethodMapping.getHandlerInternal(AbstractHandlerMethodMapping.java:376)
	at org.springframework.web.servlet.mvc.method.RequestMappingInfoHandlerMapping.getHandlerInternal(RequestMappingInfoHandlerMapping.java:116)
	at org.springframework.web.servlet.mvc.method.RequestMappingInfoHandlerMapping.getHandlerInternal(RequestMappingInfoHandlerMapping.java:68)
	at org.springframework.web.servlet.handler.AbstractHandlerMapping.getHandler(AbstractHandlerMapping.java:544)
	at org.springframework.web.servlet.DispatcherServlet.getHandler(DispatcherServlet.java:1157)
	at org.springframework.web.servlet.DispatcherServlet.doDispatch(DispatcherServlet.java:951)
	at org.springframework.web.servlet.DispatcherServlet.doService(DispatcherServlet.java:866)
	at org.springframework.web.servlet.FrameworkServlet.processRequest(FrameworkServlet.java:1000)
	at org.springframework.web.servlet.FrameworkServlet.doGet(FrameworkServlet.java:892)
	at jakarta.servlet.http.HttpServlet.service(HttpServlet.java:622)
	at org.springframework.web.servlet.FrameworkServlet.service(FrameworkServlet.java:874)
	at jakarta.servlet.http.HttpServlet.service(HttpServlet.java:710)
	at org.apache.catalina.core.ApplicationFilterChain.doFilter(ApplicationFilterChain.java:128)
	at org.apache.tomcat.websocket.server.WsFilter.doFilter(WsFilter.java:53)
	at org.apache.catalina.core.ApplicationFilterChain.doFilter(ApplicationFilterChain.java:107)
	at com.runicsoft.bencolapp.utils.logging.RequestIdFilter.doFilterInternal(RequestIdFilter.java:35)
	at org.springframework.web.filter.OncePerRequestFilter.doFilter(OncePerRequestFilter.java:116)
	at org.apache.catalina.core.ApplicationFilterChain.doFilter(ApplicationFilterChain.java:107)
	at org.springframework.web.filter.CompositeFilter$VirtualFilterChain.doFilter(CompositeFilter.java:108)
	at org.springframework.security.web.FilterChainProxy.lambda$doFilterInternal$2(FilterChainProxy.java:235)
	at org.springframework.security.web.FilterChainProxy$VirtualFilterChain.doFilter(FilterChainProxy.java:376)
	at org.springframework.security.web.access.intercept.AuthorizationFilter.doFilter(AuthorizationFilter.java:101)
	at org.springframework.security.web.FilterChainProxy$VirtualFilterChain.doFilter(FilterChainProxy.java:385)
	at org.springframework.security.web.access.ExceptionTranslationFilter.doFilter(ExceptionTranslationFilter.java:126)
	at org.springframework.security.web.access.ExceptionTranslationFilter.doFilter(ExceptionTranslationFilter.java:120)
	at org.springframework.security.web.FilterChainProxy$VirtualFilterChain.doFilter(FilterChainProxy.java:385)
	at org.springframework.security.web.session.SessionManagementFilter.doFilter(SessionManagementFilter.java:132)
	at org.springframework.security.web.session.SessionManagementFilter.doFilter(SessionManagementFilter.java:86)
	at org.springframework.security.web.FilterChainProxy$VirtualFilterChain.doFilter(FilterChainProxy.java:385)
	at org.springframework.security.web.authentication.AnonymousAuthenticationFilter.doFilter(AnonymousAuthenticationFilter.java:100)
	at org.springframework.security.web.FilterChainProxy$VirtualFilterChain.doFilter(FilterChainProxy.java:385)
	at org.springframework.security.web.servletapi.SecurityContextHolderAwareRequestFilter.doFilter(SecurityContextHolderAwareRequestFilter.java:181)
	at org.springframework.security.web.FilterChainProxy$VirtualFilterChain.doFilter(FilterChainProxy.java:385)
	at org.springframework.security.web.savedrequest.RequestCacheAwareFilter.doFilter(RequestCacheAwareFilter.java:63)
	at org.springframework.security.web.FilterChainProxy$VirtualFilterChain.doFilter(FilterChainProxy.java:385)
	at org.springframework.security.oauth2.server.resource.web.authentication.BearerTokenAuthenticationFilter.doFilterInternal(BearerTokenAuthenticationFilter.java:207)
	at org.springframework.web.filter.OncePerRequestFilter.doFilter(OncePerRequestFilter.java:116)
	at org.springframework.security.web.FilterChainProxy$VirtualFilterChain.doFilter(FilterChainProxy.java:385)
	at org.springframework.security.oauth2.server.resource.web.OAuth2ProtectedResourceMetadataFilter.doFilterInternal(OAuth2ProtectedResourceMetadataFilter.java:98)
	at org.springframework.web.filter.OncePerRequestFilter.doFilter(OncePerRequestFilter.java:116)
	at org.springframework.security.web.FilterChainProxy$VirtualFilterChain.doFilter(FilterChainProxy.java:385)
	at org.springframework.security.web.authentication.logout.LogoutFilter.doFilter(LogoutFilter.java:110)
	at org.springframework.security.web.authentication.logout.LogoutFilter.doFilter(LogoutFilter.java:96)
	at org.springframework.security.web.FilterChainProxy$VirtualFilterChain.doFilter(FilterChainProxy.java:385)
	at org.springframework.security.web.header.HeaderWriterFilter.doHeadersAfter(HeaderWriterFilter.java:90)
	at org.springframework.security.web.header.HeaderWriterFilter.doFilterInternal(HeaderWriterFilter.java:75)
	at org.springframework.web.filter.OncePerRequestFilter.doFilter(OncePerRequestFilter.java:116)
	at org.springframework.security.web.FilterChainProxy$VirtualFilterChain.doFilter(FilterChainProxy.java:385)
	at org.springframework.security.web.context.SecurityContextHolderFilter.doFilter(SecurityContextHolderFilter.java:82)
	at org.springframework.security.web.context.SecurityContextHolderFilter.doFilter(SecurityContextHolderFilter.java:69)
	at org.springframework.security.web.FilterChainProxy$VirtualFilterChain.doFilter(FilterChainProxy.java:385)
	at org.springframework.security.web.context.request.async.WebAsyncManagerIntegrationFilter.doFilterInternal(WebAsyncManagerIntegrationFilter.java:62)
	at org.springframework.web.filter.OncePerRequestFilter.doFilter(OncePerRequestFilter.java:116)
	at org.springframework.security.web.FilterChainProxy$VirtualFilterChain.doFilter(FilterChainProxy.java:385)
	at org.springframework.security.web.session.DisableEncodeUrlFilter.doFilterInternal(DisableEncodeUrlFilter.java:42)
	at org.springframework.web.filter.OncePerRequestFilter.doFilter(OncePerRequestFilter.java:116)
	at org.springframework.security.web.FilterChainProxy$VirtualFilterChain.doFilter(FilterChainProxy.java:385)
	at org.springframework.security.web.FilterChainProxy.doFilterInternal(FilterChainProxy.java:237)
	at org.springframework.security.web.FilterChainProxy.doFilter(FilterChainProxy.java:195)
	at org.springframework.web.filter.CompositeFilter$VirtualFilterChain.doFilter(CompositeFilter.java:113)
	at org.springframework.web.filter.ServletRequestPathFilter.doFilter(ServletRequestPathFilter.java:52)
	at org.springframework.web.filter.CompositeFilter$VirtualFilterChain.doFilter(CompositeFilter.java:113)
	at org.springframework.web.filter.CompositeFilter.doFilter(CompositeFilter.java:74)
	at org.springframework.security.config.annotation.web.configuration.WebSecurityConfiguration$CompositeFilterChainProxy.doFilter(WebSecurityConfiguration.java:317)
	at org.springframework.web.filter.DelegatingFilterProxy.invokeDelegate(DelegatingFilterProxy.java:355)
	at org.springframework.web.filter.DelegatingFilterProxy.doFilter(DelegatingFilterProxy.java:272)
	at org.apache.catalina.core.ApplicationFilterChain.doFilter(ApplicationFilterChain.java:107)
	at org.springframework.web.filter.RequestContextFilter.doFilterInternal(RequestContextFilter.java:100)
	at org.springframework.web.filter.OncePerRequestFilter.doFilter(OncePerRequestFilter.java:116)
	at org.apache.catalina.core.ApplicationFilterChain.doFilter(ApplicationFilterChain.java:107)
	at org.springframework.web.filter.FormContentFilter.doFilterInternal(FormContentFilter.java:93)
	at org.springframework.web.filter.OncePerRequestFilter.doFilter(OncePerRequestFilter.java:116)
	at org.apache.catalina.core.ApplicationFilterChain.doFilter(ApplicationFilterChain.java:107)
	at org.springframework.web.filter.CharacterEncodingFilter.doFilterInternal(CharacterEncodingFilter.java:199)
	at org.springframework.web.filter.OncePerRequestFilter.doFilter(OncePerRequestFilter.java:116)
	at org.apache.catalina.core.ApplicationFilterChain.doFilter(ApplicationFilterChain.java:107)
	at org.apache.catalina.core.StandardWrapperValve.invoke(StandardWrapperValve.java:165)
	at org.apache.catalina.core.StandardContextValve.invoke(StandardContextValve.java:77)
	at org.apache.catalina.authenticator.AuthenticatorBase.invoke(AuthenticatorBase.java:492)
	at org.apache.catalina.core.StandardHostValve.invoke(StandardHostValve.java:113)
	at org.apache.catalina.valves.ErrorReportValve.invoke(ErrorReportValve.java:83)
	at org.apache.catalina.core.StandardEngineValve.invoke(StandardEngineValve.java:72)
	at org.apache.catalina.connector.CoyoteAdapter.service(CoyoteAdapter.java:341)
	at org.apache.coyote.http11.Http11Processor.service(Http11Processor.java:397)
	at org.apache.coyote.AbstractProcessorLight.process(AbstractProcessorLight.java:63)
	at org.apache.coyote.AbstractProtocol$ConnectionHandler.process(AbstractProtocol.java:1272)
	at org.apache.tomcat.util.net.NioEndpoint$SocketProcessor.doRun(NioEndpoint.java:1801)
	at org.apache.tomcat.util.net.SocketProcessorBase.run(SocketProcessorBase.java:52)
	at org.apache.tomcat.util.threads.ThreadPoolExecutor.runWorker(ThreadPoolExecutor.java:946)
	at org.apache.tomcat.util.threads.ThreadPoolExecutor$Worker.run(ThreadPoolExecutor.java:480)
	at org.apache.tomcat.util.threads.TaskThread$WrappingRunnable.run(TaskThread.java:57)
	at java.base/java.lang.Thread.run(Thread.java:1583)
2026-08-12 18:20:09.608 WARN  [http-nio-8080-exec-10] [requestId=4bc214d7-3aff-4359-a728-6bb6198d1efa] o.s.w.s.m.m.a.ExceptionHandlerExceptionResolver - Resolved [org.springframework.web.HttpRequestMethodNotSupportedException: Request method 'GET' is not supported]
2026-08-12 18:20:47.985 DEBUG [http-nio-8080-exec-3] [requestId=21209f9c-9a42-4607-8498-36d6cb657684] org.hibernate.SQL - 
    select
        mi1_0.id,
        mi1_0.cantidad,
        mi1_0.fecha_creacion,
        mi1_0.producto_id,
        mi1_0.referencia,
        mi1_0.registrado_por,
        mi1_0.stock_anterior,
        mi1_0.stock_nuevo,
        mi1_0.tipo_movimiento 
    from
        movimientos_inventario mi1_0 
    where
        (
            ? is null 
            or mi1_0.producto_id=?
        ) 
        and (
            ? is null 
            or mi1_0.tipo_movimiento=?
        ) 
        and (
            ? is null 
            or mi1_0.fecha_creacion>=?
        ) 
        and (
            ? is null 
            or mi1_0.fecha_creacion<?
        ) 
    order by
        mi1_0.fecha_creacion desc 
    limit
        ?
2026-08-12 18:20:47.985 TRACE [http-nio-8080-exec-3] [requestId=21209f9c-9a42-4607-8498-36d6cb657684] org.hibernate.orm.jdbc.bind - binding parameter (1:BIGINT) <- [null]
2026-08-12 18:20:47.985 TRACE [http-nio-8080-exec-3] [requestId=21209f9c-9a42-4607-8498-36d6cb657684] org.hibernate.orm.jdbc.bind - binding parameter (2:BIGINT) <- [null]
2026-08-12 18:20:47.985 TRACE [http-nio-8080-exec-3] [requestId=21209f9c-9a42-4607-8498-36d6cb657684] org.hibernate.orm.jdbc.bind - binding parameter (3:ENUM) <- [null]
2026-08-12 18:20:47.985 TRACE [http-nio-8080-exec-3] [requestId=21209f9c-9a42-4607-8498-36d6cb657684] org.hibernate.orm.jdbc.bind - binding parameter (4:ENUM) <- [null]
2026-08-12 18:20:47.985 TRACE [http-nio-8080-exec-3] [requestId=21209f9c-9a42-4607-8498-36d6cb657684] org.hibernate.orm.jdbc.bind - binding parameter (5:TIMESTAMP) <- [null]
2026-08-12 18:20:47.985 TRACE [http-nio-8080-exec-3] [requestId=21209f9c-9a42-4607-8498-36d6cb657684] org.hibernate.orm.jdbc.bind - binding parameter (6:TIMESTAMP) <- [null]
2026-08-12 18:20:47.985 TRACE [http-nio-8080-exec-3] [requestId=21209f9c-9a42-4607-8498-36d6cb657684] org.hibernate.orm.jdbc.bind - binding parameter (7:TIMESTAMP) <- [null]
2026-08-12 18:20:47.985 TRACE [http-nio-8080-exec-3] [requestId=21209f9c-9a42-4607-8498-36d6cb657684] org.hibernate.orm.jdbc.bind - binding parameter (8:TIMESTAMP) <- [null]
2026-08-12 18:20:47.985 TRACE [http-nio-8080-exec-3] [requestId=21209f9c-9a42-4607-8498-36d6cb657684] org.hibernate.orm.jdbc.bind - binding parameter (9:INTEGER) <- [20]
2026-08-12 18:20:47.987 DEBUG [http-nio-8080-exec-3] [requestId=21209f9c-9a42-4607-8498-36d6cb657684] org.hibernate.SQL - 
    select
        p1_0.id,
        p1_0.categoria,
        p1_0.codigo,
        p1_0.contenido,
        p1_0.descripcion,
        p1_0.estado,
        p1_0.precio_base,
        p1_0.unidad_medida,
        p1_0.unidades_por_paquete 
    from
        productos p1_0 
    where
        p1_0.id=?
2026-08-12 18:20:47.987 TRACE [http-nio-8080-exec-3] [requestId=21209f9c-9a42-4607-8498-36d6cb657684] org.hibernate.orm.jdbc.bind - binding parameter (1:BIGINT) <- [1]
2026-08-12 18:20:55.073 DEBUG [http-nio-8080-exec-4] [requestId=59fd89fc-a48a-488d-a78d-b665e79fbdd7] org.hibernate.SQL - 
    select
        c1_0.id,
        c1_0.actualizado_por,
        c1_0.codigo,
        c1_0.creado_por,
        c1_0.estado,
        c1_0.fecha_actualizacion,
        c1_0.fecha_creacion,
        c1_0.proveedor_id,
        c1_0.subtotal,
        c1_0.total 
    from
        compras c1_0 
    where
        (
            ? is null 
            or lower(c1_0.codigo) like lower(concat('%', ?, '%')) escape ''
        ) 
        and (
            ? is null 
            or c1_0.proveedor_id=?
        ) 
        and (
            ? is null 
            or c1_0.estado=?
        ) 
        and (
            ? is null 
            or c1_0.fecha_creacion>=?
        ) 
        and (
            ? is null 
            or c1_0.fecha_creacion<?
        ) 
    order by
        c1_0.fecha_creacion desc 
    limit
        ?
2026-08-12 18:20:55.073 TRACE [http-nio-8080-exec-4] [requestId=59fd89fc-a48a-488d-a78d-b665e79fbdd7] org.hibernate.orm.jdbc.bind - binding parameter (1:JAVA_OBJECT) <- [null]
2026-08-12 18:20:55.073 TRACE [http-nio-8080-exec-4] [requestId=59fd89fc-a48a-488d-a78d-b665e79fbdd7] org.hibernate.orm.jdbc.bind - binding parameter (2:JAVA_OBJECT) <- [null]
2026-08-12 18:20:55.073 TRACE [http-nio-8080-exec-4] [requestId=59fd89fc-a48a-488d-a78d-b665e79fbdd7] org.hibernate.orm.jdbc.bind - binding parameter (3:BIGINT) <- [null]
2026-08-12 18:20:55.074 TRACE [http-nio-8080-exec-4] [requestId=59fd89fc-a48a-488d-a78d-b665e79fbdd7] org.hibernate.orm.jdbc.bind - binding parameter (4:BIGINT) <- [null]
2026-08-12 18:20:55.074 TRACE [http-nio-8080-exec-4] [requestId=59fd89fc-a48a-488d-a78d-b665e79fbdd7] org.hibernate.orm.jdbc.bind - binding parameter (5:ENUM) <- [null]
2026-08-12 18:20:55.074 TRACE [http-nio-8080-exec-4] [requestId=59fd89fc-a48a-488d-a78d-b665e79fbdd7] org.hibernate.orm.jdbc.bind - binding parameter (6:ENUM) <- [null]
2026-08-12 18:20:55.074 TRACE [http-nio-8080-exec-4] [requestId=59fd89fc-a48a-488d-a78d-b665e79fbdd7] org.hibernate.orm.jdbc.bind - binding parameter (7:TIMESTAMP) <- [null]
2026-08-12 18:20:55.074 TRACE [http-nio-8080-exec-4] [requestId=59fd89fc-a48a-488d-a78d-b665e79fbdd7] org.hibernate.orm.jdbc.bind - binding parameter (8:TIMESTAMP) <- [null]
2026-08-12 18:20:55.074 TRACE [http-nio-8080-exec-4] [requestId=59fd89fc-a48a-488d-a78d-b665e79fbdd7] org.hibernate.orm.jdbc.bind - binding parameter (9:TIMESTAMP) <- [null]
2026-08-12 18:20:55.074 TRACE [http-nio-8080-exec-4] [requestId=59fd89fc-a48a-488d-a78d-b665e79fbdd7] org.hibernate.orm.jdbc.bind - binding parameter (10:TIMESTAMP) <- [null]
2026-08-12 18:20:55.074 TRACE [http-nio-8080-exec-4] [requestId=59fd89fc-a48a-488d-a78d-b665e79fbdd7] org.hibernate.orm.jdbc.bind - binding parameter (11:INTEGER) <- [20]
2026-08-12 18:20:55.075 DEBUG [http-nio-8080-exec-4] [requestId=59fd89fc-a48a-488d-a78d-b665e79fbdd7] org.hibernate.SQL - 
    select
        p1_0.id,
        p1_0.contacto,
        p1_0.direccion,
        p1_0.email,
        p1_0.estado,
        p1_0.razon_social,
        p1_0.ruc,
        p1_0.telefono 
    from
        proveedores p1_0 
    where
        p1_0.id=?
2026-08-12 18:20:55.075 TRACE [http-nio-8080-exec-4] [requestId=59fd89fc-a48a-488d-a78d-b665e79fbdd7] org.hibernate.orm.jdbc.bind - binding parameter (1:BIGINT) <- [1]
2026-08-12 18:20:55.076 DEBUG [http-nio-8080-exec-4] [requestId=59fd89fc-a48a-488d-a78d-b665e79fbdd7] org.hibernate.SQL - 
    select
        d1_0.compra_id,
        d1_0.id,
        d1_0.cantidad,
        d1_0.costo_unitario,
        d1_0.producto_id,
        p1_0.id,
        p1_0.categoria,
        p1_0.codigo,
        p1_0.contenido,
        p1_0.descripcion,
        p1_0.estado,
        p1_0.precio_base,
        p1_0.unidad_medida,
        p1_0.unidades_por_paquete,
        d1_0.subtotal 
    from
        detalles_compras d1_0 
    left join
        productos p1_0 
            on p1_0.id=d1_0.producto_id 
    where
        d1_0.compra_id=?
2026-08-12 18:20:55.077 TRACE [http-nio-8080-exec-4] [requestId=59fd89fc-a48a-488d-a78d-b665e79fbdd7] org.hibernate.orm.jdbc.bind - binding parameter (1:BIGINT) <- [1]
2026-08-12 18:21:04.075 DEBUG [http-nio-8080-exec-2] [requestId=9914ebd2-4b05-4397-9151-5480bb53d719] org.hibernate.SQL - 
    select
        coalesce(sum(v1_0.total), 0) 
    from
        ventas v1_0 
    where
        v1_0.fecha_creacion>=? 
        and v1_0.fecha_creacion<? 
        and v1_0.estado<>?
2026-08-12 18:21:04.075 TRACE [http-nio-8080-exec-2] [requestId=9914ebd2-4b05-4397-9151-5480bb53d719] org.hibernate.orm.jdbc.bind - binding parameter (1:TIMESTAMP) <- [2026-08-12T00:00]
2026-08-12 18:21:04.075 TRACE [http-nio-8080-exec-2] [requestId=9914ebd2-4b05-4397-9151-5480bb53d719] org.hibernate.orm.jdbc.bind - binding parameter (2:TIMESTAMP) <- [2026-08-13T00:00]
2026-08-12 18:21:04.075 TRACE [http-nio-8080-exec-2] [requestId=9914ebd2-4b05-4397-9151-5480bb53d719] org.hibernate.orm.jdbc.bind - binding parameter (3:ENUM) <- [ANULADA]
2026-08-12 18:21:04.076 DEBUG [http-nio-8080-exec-2] [requestId=9914ebd2-4b05-4397-9151-5480bb53d719] org.hibernate.SQL - 
    select
        count(v1_0.id) 
    from
        ventas v1_0 
    where
        v1_0.fecha_creacion>=? 
        and v1_0.fecha_creacion<? 
        and v1_0.estado<>?
2026-08-12 18:21:04.076 TRACE [http-nio-8080-exec-2] [requestId=9914ebd2-4b05-4397-9151-5480bb53d719] org.hibernate.orm.jdbc.bind - binding parameter (1:TIMESTAMP) <- [2026-08-12T00:00]
2026-08-12 18:21:04.077 TRACE [http-nio-8080-exec-2] [requestId=9914ebd2-4b05-4397-9151-5480bb53d719] org.hibernate.orm.jdbc.bind - binding parameter (2:TIMESTAMP) <- [2026-08-13T00:00]
2026-08-12 18:21:04.077 TRACE [http-nio-8080-exec-2] [requestId=9914ebd2-4b05-4397-9151-5480bb53d719] org.hibernate.orm.jdbc.bind - binding parameter (3:ENUM) <- [ANULADA]
2026-08-12 18:21:04.078 DEBUG [http-nio-8080-exec-2] [requestId=9914ebd2-4b05-4397-9151-5480bb53d719] org.hibernate.SQL - 
    select
        coalesce(sum(p1_0.monto), 0) 
    from
        pagos p1_0 
    where
        p1_0.fecha_pago>=? 
        and p1_0.fecha_pago<?
2026-08-12 18:21:04.078 TRACE [http-nio-8080-exec-2] [requestId=9914ebd2-4b05-4397-9151-5480bb53d719] org.hibernate.orm.jdbc.bind - binding parameter (1:TIMESTAMP) <- [2026-08-12T00:00]
2026-08-12 18:21:04.078 TRACE [http-nio-8080-exec-2] [requestId=9914ebd2-4b05-4397-9151-5480bb53d719] org.hibernate.orm.jdbc.bind - binding parameter (2:TIMESTAMP) <- [2026-08-13T00:00]
2026-08-12 18:21:04.078 DEBUG [http-nio-8080-exec-2] [requestId=9914ebd2-4b05-4397-9151-5480bb53d719] org.hibernate.SQL - 
    select
        coalesce(sum(pp1_0.monto), 0) 
    from
        pagos_proveedores pp1_0 
    where
        pp1_0.fecha_pago>=? 
        and pp1_0.fecha_pago<?
2026-08-12 18:21:04.079 TRACE [http-nio-8080-exec-2] [requestId=9914ebd2-4b05-4397-9151-5480bb53d719] org.hibernate.orm.jdbc.bind - binding parameter (1:TIMESTAMP) <- [2026-08-12T00:00]
2026-08-12 18:21:04.079 TRACE [http-nio-8080-exec-2] [requestId=9914ebd2-4b05-4397-9151-5480bb53d719] org.hibernate.orm.jdbc.bind - binding parameter (2:TIMESTAMP) <- [2026-08-13T00:00]
2026-08-12 18:21:04.080 DEBUG [http-nio-8080-exec-2] [requestId=9914ebd2-4b05-4397-9151-5480bb53d719] org.hibernate.SQL - 
    select
        coalesce(sum(cc1_0.saldo_pendiente), 0) 
    from
        cuentas_cobrar cc1_0 
    where
        cc1_0.estado in (?, ?)
2026-08-12 18:21:04.080 TRACE [http-nio-8080-exec-2] [requestId=9914ebd2-4b05-4397-9151-5480bb53d719] org.hibernate.orm.jdbc.bind - binding parameter (1:ENUM) <- [PENDIENTE]
2026-08-12 18:21:04.081 TRACE [http-nio-8080-exec-2] [requestId=9914ebd2-4b05-4397-9151-5480bb53d719] org.hibernate.orm.jdbc.bind - binding parameter (2:ENUM) <- [PARCIAL]
2026-08-12 18:21:04.082 DEBUG [http-nio-8080-exec-2] [requestId=9914ebd2-4b05-4397-9151-5480bb53d719] org.hibernate.SQL - 
    select
        coalesce(sum(cp1_0.saldo_pendiente), 0) 
    from
        cuentas_pagar cp1_0 
    where
        cp1_0.estado in (?, ?)
2026-08-12 18:21:04.082 TRACE [http-nio-8080-exec-2] [requestId=9914ebd2-4b05-4397-9151-5480bb53d719] org.hibernate.orm.jdbc.bind - binding parameter (1:ENUM) <- [PENDIENTE]
2026-08-12 18:21:04.082 TRACE [http-nio-8080-exec-2] [requestId=9914ebd2-4b05-4397-9151-5480bb53d719] org.hibernate.orm.jdbc.bind - binding parameter (2:ENUM) <- [PARCIAL]
2026-08-12 18:21:04.083 DEBUG [http-nio-8080-exec-2] [requestId=9914ebd2-4b05-4397-9151-5480bb53d719] org.hibernate.SQL - 
    select
        c1_0.id,
        c1_0.abierta_por,
        c1_0.cerrada_por,
        c1_0.diferencia,
        c1_0.estado,
        c1_0.fecha_apertura,
        c1_0.fecha_cierre,
        c1_0.saldo_actual,
        c1_0.saldo_esperado,
        c1_0.saldo_inicial,
        c1_0.saldo_real,
        c1_0.total_egresos,
        c1_0.total_ingresos 
    from
        cajas c1_0 
    where
        c1_0.estado=? 
    order by
        c1_0.fecha_apertura desc 
    limit
        ?
2026-08-12 18:21:04.084 TRACE [http-nio-8080-exec-2] [requestId=9914ebd2-4b05-4397-9151-5480bb53d719] org.hibernate.orm.jdbc.bind - binding parameter (1:ENUM) <- [ABIERTA]
2026-08-12 18:21:04.084 TRACE [http-nio-8080-exec-2] [requestId=9914ebd2-4b05-4397-9151-5480bb53d719] org.hibernate.orm.jdbc.bind - binding parameter (2:INTEGER) <- [1]
2026-08-12 18:21:04.085 DEBUG [http-nio-8080-exec-2] [requestId=9914ebd2-4b05-4397-9151-5480bb53d719] org.hibernate.SQL - 
    select
        mc1_0.id,
        mc1_0.caja_id,
        mc1_0.concepto,
        mc1_0.fecha_movimiento,
        mc1_0.monto,
        mc1_0.referencia,
        mc1_0.registrado_por,
        mc1_0.tipo_movimiento 
    from
        movimientos_caja mc1_0 
    where
        mc1_0.fecha_movimiento>=? 
        and mc1_0.fecha_movimiento<?
2026-08-12 18:21:04.085 TRACE [http-nio-8080-exec-2] [requestId=9914ebd2-4b05-4397-9151-5480bb53d719] org.hibernate.orm.jdbc.bind - binding parameter (1:TIMESTAMP) <- [2026-08-12T00:00]
2026-08-12 18:21:04.085 TRACE [http-nio-8080-exec-2] [requestId=9914ebd2-4b05-4397-9151-5480bb53d719] org.hibernate.orm.jdbc.bind - binding parameter (2:TIMESTAMP) <- [2026-08-13T00:00]
2026-08-12 18:21:04.086 DEBUG [http-nio-8080-exec-2] [requestId=9914ebd2-4b05-4397-9151-5480bb53d719] org.hibernate.SQL - 
    select
        c1_0.id,
        c1_0.abierta_por,
        c1_0.cerrada_por,
        c1_0.diferencia,
        c1_0.estado,
        c1_0.fecha_apertura,
        c1_0.fecha_cierre,
        c1_0.saldo_actual,
        c1_0.saldo_esperado,
        c1_0.saldo_inicial,
        c1_0.saldo_real,
        c1_0.total_egresos,
        c1_0.total_ingresos 
    from
        cajas c1_0 
    where
        c1_0.id=?
2026-08-12 18:21:04.086 TRACE [http-nio-8080-exec-2] [requestId=9914ebd2-4b05-4397-9151-5480bb53d719] org.hibernate.orm.jdbc.bind - binding parameter (1:BIGINT) <- [1]
2026-08-12 18:21:04.087 DEBUG [http-nio-8080-exec-2] [requestId=9914ebd2-4b05-4397-9151-5480bb53d719] org.hibernate.SQL - 
    select
        coalesce(sum(c1_0.total), 0) 
    from
        compras c1_0 
    where
        c1_0.fecha_creacion>=? 
        and c1_0.fecha_creacion<? 
        and c1_0.estado<>?
2026-08-12 18:21:04.087 TRACE [http-nio-8080-exec-2] [requestId=9914ebd2-4b05-4397-9151-5480bb53d719] org.hibernate.orm.jdbc.bind - binding parameter (1:TIMESTAMP) <- [2026-08-12T00:00]
2026-08-12 18:21:04.087 TRACE [http-nio-8080-exec-2] [requestId=9914ebd2-4b05-4397-9151-5480bb53d719] org.hibernate.orm.jdbc.bind - binding parameter (2:TIMESTAMP) <- [2026-08-13T00:00]
2026-08-12 18:21:04.087 TRACE [http-nio-8080-exec-2] [requestId=9914ebd2-4b05-4397-9151-5480bb53d719] org.hibernate.orm.jdbc.bind - binding parameter (3:ENUM) <- [ANULADA]
2026-08-12 18:21:04.089 DEBUG [http-nio-8080-exec-2] [requestId=9914ebd2-4b05-4397-9151-5480bb53d719] org.hibernate.SQL - 
    select
        count(c1_0.id) 
    from
        compras c1_0 
    where
        c1_0.fecha_creacion>=? 
        and c1_0.fecha_creacion<? 
        and c1_0.estado<>?
2026-08-12 18:21:04.089 TRACE [http-nio-8080-exec-2] [requestId=9914ebd2-4b05-4397-9151-5480bb53d719] org.hibernate.orm.jdbc.bind - binding parameter (1:TIMESTAMP) <- [2026-08-12T00:00]
2026-08-12 18:21:04.089 TRACE [http-nio-8080-exec-2] [requestId=9914ebd2-4b05-4397-9151-5480bb53d719] org.hibernate.orm.jdbc.bind - binding parameter (2:TIMESTAMP) <- [2026-08-13T00:00]
2026-08-12 18:21:04.089 TRACE [http-nio-8080-exec-2] [requestId=9914ebd2-4b05-4397-9151-5480bb53d719] org.hibernate.orm.jdbc.bind - binding parameter (3:ENUM) <- [ANULADA]
2026-08-12 18:21:04.090 DEBUG [http-nio-8080-exec-2] [requestId=9914ebd2-4b05-4397-9151-5480bb53d719] org.hibernate.SQL - 
    select
        count(i1_0.id) 
    from
        inventarios i1_0
2026-08-12 18:21:04.090 DEBUG [http-nio-8080-exec-2] [requestId=9914ebd2-4b05-4397-9151-5480bb53d719] org.hibernate.SQL - 
    select
        count(i1_0.id) 
    from
        inventarios i1_0 
    where
        i1_0.stock_actual<=i1_0.stock_minimo
2026-08-12 18:21:49.581 DEBUG [http-nio-8080-exec-10] [requestId=4b84aaf9-729a-4746-aecf-ca6eb0b70094] org.hibernate.SQL - 
    select
        cec1_0.id,
        cec1_0.cantidad_prestados,
        cec1_0.cantidad_propios,
        cec1_0.cliente_id,
        cec1_0.fecha_actualizacion,
        cec1_0.fecha_creacion,
        cec1_0.producto_id 
    from
        cuentas_envases_clientes cec1_0
2026-08-12 18:21:49.582 DEBUG [http-nio-8080-exec-10] [requestId=4b84aaf9-729a-4746-aecf-ca6eb0b70094] org.hibernate.SQL - 
    select
        c1_0.id,
        c1_0.categoria,
        c1_0.direccion,
        c1_0.email,
        c1_0.estado,
        c1_0.nombre,
        c1_0.telefono 
    from
        clients c1_0 
    where
        c1_0.id=?
2026-08-12 18:21:49.583 TRACE [http-nio-8080-exec-10] [requestId=4b84aaf9-729a-4746-aecf-ca6eb0b70094] org.hibernate.orm.jdbc.bind - binding parameter (1:BIGINT) <- [1]
2026-08-12 18:21:49.583 DEBUG [http-nio-8080-exec-10] [requestId=4b84aaf9-729a-4746-aecf-ca6eb0b70094] org.hibernate.SQL - 
    select
        p1_0.id,
        p1_0.categoria,
        p1_0.codigo,
        p1_0.contenido,
        p1_0.descripcion,
        p1_0.estado,
        p1_0.precio_base,
        p1_0.unidad_medida,
        p1_0.unidades_por_paquete 
    from
        productos p1_0 
    where
        p1_0.id=?
2026-08-12 18:21:49.583 TRACE [http-nio-8080-exec-10] [requestId=4b84aaf9-729a-4746-aecf-ca6eb0b70094] org.hibernate.orm.jdbc.bind - binding parameter (1:BIGINT) <- [1]
2026-08-12 18:21:49.584 DEBUG [http-nio-8080-exec-10] [requestId=4b84aaf9-729a-4746-aecf-ca6eb0b70094] org.hibernate.SQL - 
    select
        c1_0.id,
        c1_0.categoria,
        c1_0.direccion,
        c1_0.email,
        c1_0.estado,
        c1_0.nombre,
        c1_0.telefono 
    from
        clients c1_0 
    where
        c1_0.id=?
2026-08-12 18:21:49.584 TRACE [http-nio-8080-exec-10] [requestId=4b84aaf9-729a-4746-aecf-ca6eb0b70094] org.hibernate.orm.jdbc.bind - binding parameter (1:BIGINT) <- [2]
2026-08-12 18:23:14.065 DEBUG [http-nio-8080-exec-4] [requestId=6f677b9f-6b10-41bf-89e0-826e80cbbec2] org.hibernate.SQL - 
    select
        p1_0.id,
        p1_0.categoria,
        p1_0.codigo,
        p1_0.contenido,
        p1_0.descripcion,
        p1_0.estado,
        p1_0.precio_base,
        p1_0.unidad_medida,
        p1_0.unidades_por_paquete 
    from
        productos p1_0 
    where
        (
            ? is null 
            or lower(p1_0.codigo) like lower(concat('%', ?, '%')) escape '' 
            or lower(p1_0.descripcion) like lower(concat('%', ?, '%')) escape ''
        ) 
        and (
            ? is null 
            or p1_0.estado=?
        ) 
        and (
            ? is null 
            or p1_0.categoria=?
        ) 
    order by
        p1_0.descripcion 
    limit
        ?
2026-08-12 18:23:14.065 TRACE [http-nio-8080-exec-4] [requestId=6f677b9f-6b10-41bf-89e0-826e80cbbec2] org.hibernate.orm.jdbc.bind - binding parameter (1:JAVA_OBJECT) <- [null]
2026-08-12 18:23:14.065 TRACE [http-nio-8080-exec-4] [requestId=6f677b9f-6b10-41bf-89e0-826e80cbbec2] org.hibernate.orm.jdbc.bind - binding parameter (2:JAVA_OBJECT) <- [null]
2026-08-12 18:23:14.065 TRACE [http-nio-8080-exec-4] [requestId=6f677b9f-6b10-41bf-89e0-826e80cbbec2] org.hibernate.orm.jdbc.bind - binding parameter (3:JAVA_OBJECT) <- [null]
2026-08-12 18:23:14.065 TRACE [http-nio-8080-exec-4] [requestId=6f677b9f-6b10-41bf-89e0-826e80cbbec2] org.hibernate.orm.jdbc.bind - binding parameter (4:ENUM) <- [null]
2026-08-12 18:23:14.065 TRACE [http-nio-8080-exec-4] [requestId=6f677b9f-6b10-41bf-89e0-826e80cbbec2] org.hibernate.orm.jdbc.bind - binding parameter (5:ENUM) <- [null]
2026-08-12 18:23:14.065 TRACE [http-nio-8080-exec-4] [requestId=6f677b9f-6b10-41bf-89e0-826e80cbbec2] org.hibernate.orm.jdbc.bind - binding parameter (6:ENUM) <- [null]
2026-08-12 18:23:14.065 TRACE [http-nio-8080-exec-4] [requestId=6f677b9f-6b10-41bf-89e0-826e80cbbec2] org.hibernate.orm.jdbc.bind - binding parameter (7:ENUM) <- [null]
2026-08-12 18:23:14.065 TRACE [http-nio-8080-exec-4] [requestId=6f677b9f-6b10-41bf-89e0-826e80cbbec2] org.hibernate.orm.jdbc.bind - binding parameter (8:INTEGER) <- [20]
2026-08-12 18:23:19.514 ERROR [http-nio-8080-exec-2] [requestId=a3746919-9fa8-46a1-9ad3-69f2475cee6e] c.r.b.u.e.GlobalExceptionHandler - Error interno no controlado. path=/bencol.agua/inventarios
org.springframework.web.HttpRequestMethodNotSupportedException: Request method 'GET' is not supported
	at org.springframework.web.servlet.mvc.method.RequestMappingInfoHandlerMapping.handleNoMatch(RequestMappingInfoHandlerMapping.java:260)
	at org.springframework.web.servlet.handler.AbstractHandlerMethodMapping.lookupHandlerMethod(AbstractHandlerMethodMapping.java:434)
	at org.springframework.web.servlet.handler.AbstractHandlerMethodMapping.getHandlerInternal(AbstractHandlerMethodMapping.java:376)
	at org.springframework.web.servlet.mvc.method.RequestMappingInfoHandlerMapping.getHandlerInternal(RequestMappingInfoHandlerMapping.java:116)
	at org.springframework.web.servlet.mvc.method.RequestMappingInfoHandlerMapping.getHandlerInternal(RequestMappingInfoHandlerMapping.java:68)
	at org.springframework.web.servlet.handler.AbstractHandlerMapping.getHandler(AbstractHandlerMapping.java:544)
	at org.springframework.web.servlet.DispatcherServlet.getHandler(DispatcherServlet.java:1157)
	at org.springframework.web.servlet.DispatcherServlet.doDispatch(DispatcherServlet.java:951)
	at org.springframework.web.servlet.DispatcherServlet.doService(DispatcherServlet.java:866)
	at org.springframework.web.servlet.FrameworkServlet.processRequest(FrameworkServlet.java:1000)
	at org.springframework.web.servlet.FrameworkServlet.doGet(FrameworkServlet.java:892)
	at jakarta.servlet.http.HttpServlet.service(HttpServlet.java:622)
	at org.springframework.web.servlet.FrameworkServlet.service(FrameworkServlet.java:874)
	at jakarta.servlet.http.HttpServlet.service(HttpServlet.java:710)
	at org.apache.catalina.core.ApplicationFilterChain.doFilter(ApplicationFilterChain.java:128)
	at org.apache.tomcat.websocket.server.WsFilter.doFilter(WsFilter.java:53)
	at org.apache.catalina.core.ApplicationFilterChain.doFilter(ApplicationFilterChain.java:107)
	at com.runicsoft.bencolapp.utils.logging.RequestIdFilter.doFilterInternal(RequestIdFilter.java:35)
	at org.springframework.web.filter.OncePerRequestFilter.doFilter(OncePerRequestFilter.java:116)
	at org.apache.catalina.core.ApplicationFilterChain.doFilter(ApplicationFilterChain.java:107)
	at org.springframework.web.filter.CompositeFilter$VirtualFilterChain.doFilter(CompositeFilter.java:108)
	at org.springframework.security.web.FilterChainProxy.lambda$doFilterInternal$2(FilterChainProxy.java:235)
	at org.springframework.security.web.FilterChainProxy$VirtualFilterChain.doFilter(FilterChainProxy.java:376)
	at org.springframework.security.web.access.intercept.AuthorizationFilter.doFilter(AuthorizationFilter.java:101)
	at org.springframework.security.web.FilterChainProxy$VirtualFilterChain.doFilter(FilterChainProxy.java:385)
	at org.springframework.security.web.access.ExceptionTranslationFilter.doFilter(ExceptionTranslationFilter.java:126)
	at org.springframework.security.web.access.ExceptionTranslationFilter.doFilter(ExceptionTranslationFilter.java:120)
	at org.springframework.security.web.FilterChainProxy$VirtualFilterChain.doFilter(FilterChainProxy.java:385)
	at org.springframework.security.web.session.SessionManagementFilter.doFilter(SessionManagementFilter.java:132)
	at org.springframework.security.web.session.SessionManagementFilter.doFilter(SessionManagementFilter.java:86)
	at org.springframework.security.web.FilterChainProxy$VirtualFilterChain.doFilter(FilterChainProxy.java:385)
	at org.springframework.security.web.authentication.AnonymousAuthenticationFilter.doFilter(AnonymousAuthenticationFilter.java:100)
	at org.springframework.security.web.FilterChainProxy$VirtualFilterChain.doFilter(FilterChainProxy.java:385)
	at org.springframework.security.web.servletapi.SecurityContextHolderAwareRequestFilter.doFilter(SecurityContextHolderAwareRequestFilter.java:181)
	at org.springframework.security.web.FilterChainProxy$VirtualFilterChain.doFilter(FilterChainProxy.java:385)
	at org.springframework.security.web.savedrequest.RequestCacheAwareFilter.doFilter(RequestCacheAwareFilter.java:63)
	at org.springframework.security.web.FilterChainProxy$VirtualFilterChain.doFilter(FilterChainProxy.java:385)
	at org.springframework.security.oauth2.server.resource.web.authentication.BearerTokenAuthenticationFilter.doFilterInternal(BearerTokenAuthenticationFilter.java:207)
	at org.springframework.web.filter.OncePerRequestFilter.doFilter(OncePerRequestFilter.java:116)
	at org.springframework.security.web.FilterChainProxy$VirtualFilterChain.doFilter(FilterChainProxy.java:385)
	at org.springframework.security.oauth2.server.resource.web.OAuth2ProtectedResourceMetadataFilter.doFilterInternal(OAuth2ProtectedResourceMetadataFilter.java:98)
	at org.springframework.web.filter.OncePerRequestFilter.doFilter(OncePerRequestFilter.java:116)
	at org.springframework.security.web.FilterChainProxy$VirtualFilterChain.doFilter(FilterChainProxy.java:385)
	at org.springframework.security.web.authentication.logout.LogoutFilter.doFilter(LogoutFilter.java:110)
	at org.springframework.security.web.authentication.logout.LogoutFilter.doFilter(LogoutFilter.java:96)
	at org.springframework.security.web.FilterChainProxy$VirtualFilterChain.doFilter(FilterChainProxy.java:385)
	at org.springframework.security.web.header.HeaderWriterFilter.doHeadersAfter(HeaderWriterFilter.java:90)
	at org.springframework.security.web.header.HeaderWriterFilter.doFilterInternal(HeaderWriterFilter.java:75)
	at org.springframework.web.filter.OncePerRequestFilter.doFilter(OncePerRequestFilter.java:116)
	at org.springframework.security.web.FilterChainProxy$VirtualFilterChain.doFilter(FilterChainProxy.java:385)
	at org.springframework.security.web.context.SecurityContextHolderFilter.doFilter(SecurityContextHolderFilter.java:82)
	at org.springframework.security.web.context.SecurityContextHolderFilter.doFilter(SecurityContextHolderFilter.java:69)
	at org.springframework.security.web.FilterChainProxy$VirtualFilterChain.doFilter(FilterChainProxy.java:385)
	at org.springframework.security.web.context.request.async.WebAsyncManagerIntegrationFilter.doFilterInternal(WebAsyncManagerIntegrationFilter.java:62)
	at org.springframework.web.filter.OncePerRequestFilter.doFilter(OncePerRequestFilter.java:116)
	at org.springframework.security.web.FilterChainProxy$VirtualFilterChain.doFilter(FilterChainProxy.java:385)
	at org.springframework.security.web.session.DisableEncodeUrlFilter.doFilterInternal(DisableEncodeUrlFilter.java:42)
	at org.springframework.web.filter.OncePerRequestFilter.doFilter(OncePerRequestFilter.java:116)
	at org.springframework.security.web.FilterChainProxy$VirtualFilterChain.doFilter(FilterChainProxy.java:385)
	at org.springframework.security.web.FilterChainProxy.doFilterInternal(FilterChainProxy.java:237)
	at org.springframework.security.web.FilterChainProxy.doFilter(FilterChainProxy.java:195)
	at org.springframework.web.filter.CompositeFilter$VirtualFilterChain.doFilter(CompositeFilter.java:113)
	at org.springframework.web.filter.ServletRequestPathFilter.doFilter(ServletRequestPathFilter.java:52)
	at org.springframework.web.filter.CompositeFilter$VirtualFilterChain.doFilter(CompositeFilter.java:113)
	at org.springframework.web.filter.CompositeFilter.doFilter(CompositeFilter.java:74)
	at org.springframework.security.config.annotation.web.configuration.WebSecurityConfiguration$CompositeFilterChainProxy.doFilter(WebSecurityConfiguration.java:317)
	at org.springframework.web.filter.DelegatingFilterProxy.invokeDelegate(DelegatingFilterProxy.java:355)
	at org.springframework.web.filter.DelegatingFilterProxy.doFilter(DelegatingFilterProxy.java:272)
	at org.apache.catalina.core.ApplicationFilterChain.doFilter(ApplicationFilterChain.java:107)
	at org.springframework.web.filter.RequestContextFilter.doFilterInternal(RequestContextFilter.java:100)
	at org.springframework.web.filter.OncePerRequestFilter.doFilter(OncePerRequestFilter.java:116)
	at org.apache.catalina.core.ApplicationFilterChain.doFilter(ApplicationFilterChain.java:107)
	at org.springframework.web.filter.FormContentFilter.doFilterInternal(FormContentFilter.java:93)
	at org.springframework.web.filter.OncePerRequestFilter.doFilter(OncePerRequestFilter.java:116)
	at org.apache.catalina.core.ApplicationFilterChain.doFilter(ApplicationFilterChain.java:107)
	at org.springframework.web.filter.CharacterEncodingFilter.doFilterInternal(CharacterEncodingFilter.java:199)
	at org.springframework.web.filter.OncePerRequestFilter.doFilter(OncePerRequestFilter.java:116)
	at org.apache.catalina.core.ApplicationFilterChain.doFilter(ApplicationFilterChain.java:107)
	at org.apache.catalina.core.StandardWrapperValve.invoke(StandardWrapperValve.java:165)
	at org.apache.catalina.core.StandardContextValve.invoke(StandardContextValve.java:77)
	at org.apache.catalina.authenticator.AuthenticatorBase.invoke(AuthenticatorBase.java:492)
	at org.apache.catalina.core.StandardHostValve.invoke(StandardHostValve.java:113)
	at org.apache.catalina.valves.ErrorReportValve.invoke(ErrorReportValve.java:83)
	at org.apache.catalina.core.StandardEngineValve.invoke(StandardEngineValve.java:72)
	at org.apache.catalina.connector.CoyoteAdapter.service(CoyoteAdapter.java:341)
	at org.apache.coyote.http11.Http11Processor.service(Http11Processor.java:397)
	at org.apache.coyote.AbstractProcessorLight.process(AbstractProcessorLight.java:63)
	at org.apache.coyote.AbstractProtocol$ConnectionHandler.process(AbstractProtocol.java:1272)
	at org.apache.tomcat.util.net.NioEndpoint$SocketProcessor.doRun(NioEndpoint.java:1801)
	at org.apache.tomcat.util.net.SocketProcessorBase.run(SocketProcessorBase.java:52)
	at org.apache.tomcat.util.threads.ThreadPoolExecutor.runWorker(ThreadPoolExecutor.java:946)
	at org.apache.tomcat.util.threads.ThreadPoolExecutor$Worker.run(ThreadPoolExecutor.java:480)
	at org.apache.tomcat.util.threads.TaskThread$WrappingRunnable.run(TaskThread.java:57)
	at java.base/java.lang.Thread.run(Thread.java:1583)
2026-08-12 18:23:19.515 WARN  [http-nio-8080-exec-2] [requestId=a3746919-9fa8-46a1-9ad3-69f2475cee6e] o.s.w.s.m.m.a.ExceptionHandlerExceptionResolver - Resolved [org.springframework.web.HttpRequestMethodNotSupportedException: Request method 'GET' is not supported]
2026-08-12 18:23:28.691 DEBUG [http-nio-8080-exec-6] [requestId=4887da4f-8d7a-4a79-a13e-f23c079923d4] org.hibernate.SQL - 
    select
        mi1_0.id,
        mi1_0.cantidad,
        mi1_0.fecha_creacion,
        mi1_0.producto_id,
        mi1_0.referencia,
        mi1_0.registrado_por,
        mi1_0.stock_anterior,
        mi1_0.stock_nuevo,
        mi1_0.tipo_movimiento 
    from
        movimientos_inventario mi1_0 
    where
        (
            ? is null 
            or mi1_0.producto_id=?
        ) 
        and (
            ? is null 
            or mi1_0.tipo_movimiento=?
        ) 
        and (
            ? is null 
            or mi1_0.fecha_creacion>=?
        ) 
        and (
            ? is null 
            or mi1_0.fecha_creacion<?
        ) 
    order by
        mi1_0.fecha_creacion desc 
    limit
        ?
2026-08-12 18:23:28.691 TRACE [http-nio-8080-exec-6] [requestId=4887da4f-8d7a-4a79-a13e-f23c079923d4] org.hibernate.orm.jdbc.bind - binding parameter (1:BIGINT) <- [null]
2026-08-12 18:23:28.691 TRACE [http-nio-8080-exec-6] [requestId=4887da4f-8d7a-4a79-a13e-f23c079923d4] org.hibernate.orm.jdbc.bind - binding parameter (2:BIGINT) <- [null]
2026-08-12 18:23:28.691 TRACE [http-nio-8080-exec-6] [requestId=4887da4f-8d7a-4a79-a13e-f23c079923d4] org.hibernate.orm.jdbc.bind - binding parameter (3:ENUM) <- [null]
2026-08-12 18:23:28.691 TRACE [http-nio-8080-exec-6] [requestId=4887da4f-8d7a-4a79-a13e-f23c079923d4] org.hibernate.orm.jdbc.bind - binding parameter (4:ENUM) <- [null]
2026-08-12 18:23:28.691 TRACE [http-nio-8080-exec-6] [requestId=4887da4f-8d7a-4a79-a13e-f23c079923d4] org.hibernate.orm.jdbc.bind - binding parameter (5:TIMESTAMP) <- [null]
2026-08-12 18:23:28.691 TRACE [http-nio-8080-exec-6] [requestId=4887da4f-8d7a-4a79-a13e-f23c079923d4] org.hibernate.orm.jdbc.bind - binding parameter (6:TIMESTAMP) <- [null]
2026-08-12 18:23:28.691 TRACE [http-nio-8080-exec-6] [requestId=4887da4f-8d7a-4a79-a13e-f23c079923d4] org.hibernate.orm.jdbc.bind - binding parameter (7:TIMESTAMP) <- [null]
2026-08-12 18:23:28.691 TRACE [http-nio-8080-exec-6] [requestId=4887da4f-8d7a-4a79-a13e-f23c079923d4] org.hibernate.orm.jdbc.bind - binding parameter (8:TIMESTAMP) <- [null]
2026-08-12 18:23:28.691 TRACE [http-nio-8080-exec-6] [requestId=4887da4f-8d7a-4a79-a13e-f23c079923d4] org.hibernate.orm.jdbc.bind - binding parameter (9:INTEGER) <- [20]
2026-08-12 18:23:28.692 DEBUG [http-nio-8080-exec-6] [requestId=4887da4f-8d7a-4a79-a13e-f23c079923d4] org.hibernate.SQL - 
    select
        p1_0.id,
        p1_0.categoria,
        p1_0.codigo,
        p1_0.contenido,
        p1_0.descripcion,
        p1_0.estado,
        p1_0.precio_base,
        p1_0.unidad_medida,
        p1_0.unidades_por_paquete 
    from
        productos p1_0 
    where
        p1_0.id=?
2026-08-12 18:23:28.692 TRACE [http-nio-8080-exec-6] [requestId=4887da4f-8d7a-4a79-a13e-f23c079923d4] org.hibernate.orm.jdbc.bind - binding parameter (1:BIGINT) <- [1]
2026-08-12 18:23:34.407 DEBUG [http-nio-8080-exec-7] [requestId=07c8945a-3af9-4204-b0a5-25c6955af92b] org.hibernate.SQL - 
    select
        p1_0.id,
        p1_0.contacto,
        p1_0.direccion,
        p1_0.email,
        p1_0.estado,
        p1_0.razon_social,
        p1_0.ruc,
        p1_0.telefono 
    from
        proveedores p1_0 
    where
        (
            ? is null 
            or lower(p1_0.ruc) like lower(concat('%', ?, '%')) escape '' 
            or lower(p1_0.razon_social) like lower(concat('%', ?, '%')) escape ''
        ) 
        and (
            ? is null 
            or p1_0.estado=?
        ) 
    order by
        p1_0.razon_social 
    limit
        ?
2026-08-12 18:23:34.407 TRACE [http-nio-8080-exec-7] [requestId=07c8945a-3af9-4204-b0a5-25c6955af92b] org.hibernate.orm.jdbc.bind - binding parameter (1:JAVA_OBJECT) <- [null]
2026-08-12 18:23:34.407 TRACE [http-nio-8080-exec-7] [requestId=07c8945a-3af9-4204-b0a5-25c6955af92b] org.hibernate.orm.jdbc.bind - binding parameter (2:JAVA_OBJECT) <- [null]
2026-08-12 18:23:34.407 TRACE [http-nio-8080-exec-7] [requestId=07c8945a-3af9-4204-b0a5-25c6955af92b] org.hibernate.orm.jdbc.bind - binding parameter (3:JAVA_OBJECT) <- [null]
2026-08-12 18:23:34.407 TRACE [http-nio-8080-exec-7] [requestId=07c8945a-3af9-4204-b0a5-25c6955af92b] org.hibernate.orm.jdbc.bind - binding parameter (4:ENUM) <- [null]
2026-08-12 18:23:34.407 TRACE [http-nio-8080-exec-7] [requestId=07c8945a-3af9-4204-b0a5-25c6955af92b] org.hibernate.orm.jdbc.bind - binding parameter (5:ENUM) <- [null]
2026-08-12 18:23:34.407 TRACE [http-nio-8080-exec-7] [requestId=07c8945a-3af9-4204-b0a5-25c6955af92b] org.hibernate.orm.jdbc.bind - binding parameter (6:INTEGER) <- [20]
2026-08-12 18:23:40.621 DEBUG [http-nio-8080-exec-8] [requestId=d926caf0-4c94-4780-acec-eab078e4bc15] org.hibernate.SQL - 
    select
        c1_0.id,
        c1_0.actualizado_por,
        c1_0.codigo,
        c1_0.creado_por,
        c1_0.estado,
        c1_0.fecha_actualizacion,
        c1_0.fecha_creacion,
        c1_0.proveedor_id,
        c1_0.subtotal,
        c1_0.total 
    from
        compras c1_0 
    where
        (
            ? is null 
            or lower(c1_0.codigo) like lower(concat('%', ?, '%')) escape ''
        ) 
        and (
            ? is null 
            or c1_0.proveedor_id=?
        ) 
        and (
            ? is null 
            or c1_0.estado=?
        ) 
        and (
            ? is null 
            or c1_0.fecha_creacion>=?
        ) 
        and (
            ? is null 
            or c1_0.fecha_creacion<?
        ) 
    order by
        c1_0.fecha_creacion desc 
    limit
        ?
2026-08-12 18:23:40.621 TRACE [http-nio-8080-exec-8] [requestId=d926caf0-4c94-4780-acec-eab078e4bc15] org.hibernate.orm.jdbc.bind - binding parameter (1:JAVA_OBJECT) <- [null]
2026-08-12 18:23:40.621 TRACE [http-nio-8080-exec-8] [requestId=d926caf0-4c94-4780-acec-eab078e4bc15] org.hibernate.orm.jdbc.bind - binding parameter (2:JAVA_OBJECT) <- [null]
2026-08-12 18:23:40.621 TRACE [http-nio-8080-exec-8] [requestId=d926caf0-4c94-4780-acec-eab078e4bc15] org.hibernate.orm.jdbc.bind - binding parameter (3:BIGINT) <- [null]
2026-08-12 18:23:40.621 TRACE [http-nio-8080-exec-8] [requestId=d926caf0-4c94-4780-acec-eab078e4bc15] org.hibernate.orm.jdbc.bind - binding parameter (4:BIGINT) <- [null]
2026-08-12 18:23:40.621 TRACE [http-nio-8080-exec-8] [requestId=d926caf0-4c94-4780-acec-eab078e4bc15] org.hibernate.orm.jdbc.bind - binding parameter (5:ENUM) <- [null]
2026-08-12 18:23:40.621 TRACE [http-nio-8080-exec-8] [requestId=d926caf0-4c94-4780-acec-eab078e4bc15] org.hibernate.orm.jdbc.bind - binding parameter (6:ENUM) <- [null]
2026-08-12 18:23:40.621 TRACE [http-nio-8080-exec-8] [requestId=d926caf0-4c94-4780-acec-eab078e4bc15] org.hibernate.orm.jdbc.bind - binding parameter (7:TIMESTAMP) <- [null]
2026-08-12 18:23:40.621 TRACE [http-nio-8080-exec-8] [requestId=d926caf0-4c94-4780-acec-eab078e4bc15] org.hibernate.orm.jdbc.bind - binding parameter (8:TIMESTAMP) <- [null]
2026-08-12 18:23:40.621 TRACE [http-nio-8080-exec-8] [requestId=d926caf0-4c94-4780-acec-eab078e4bc15] org.hibernate.orm.jdbc.bind - binding parameter (9:TIMESTAMP) <- [null]
2026-08-12 18:23:40.621 TRACE [http-nio-8080-exec-8] [requestId=d926caf0-4c94-4780-acec-eab078e4bc15] org.hibernate.orm.jdbc.bind - binding parameter (10:TIMESTAMP) <- [null]
2026-08-12 18:23:40.621 TRACE [http-nio-8080-exec-8] [requestId=d926caf0-4c94-4780-acec-eab078e4bc15] org.hibernate.orm.jdbc.bind - binding parameter (11:INTEGER) <- [20]
2026-08-12 18:23:40.622 DEBUG [http-nio-8080-exec-8] [requestId=d926caf0-4c94-4780-acec-eab078e4bc15] org.hibernate.SQL - 
    select
        p1_0.id,
        p1_0.contacto,
        p1_0.direccion,
        p1_0.email,
        p1_0.estado,
        p1_0.razon_social,
        p1_0.ruc,
        p1_0.telefono 
    from
        proveedores p1_0 
    where
        p1_0.id=?
2026-08-12 18:23:40.622 TRACE [http-nio-8080-exec-8] [requestId=d926caf0-4c94-4780-acec-eab078e4bc15] org.hibernate.orm.jdbc.bind - binding parameter (1:BIGINT) <- [1]
2026-08-12 18:23:40.623 DEBUG [http-nio-8080-exec-8] [requestId=d926caf0-4c94-4780-acec-eab078e4bc15] org.hibernate.SQL - 
    select
        d1_0.compra_id,
        d1_0.id,
        d1_0.cantidad,
        d1_0.costo_unitario,
        d1_0.producto_id,
        p1_0.id,
        p1_0.categoria,
        p1_0.codigo,
        p1_0.contenido,
        p1_0.descripcion,
        p1_0.estado,
        p1_0.precio_base,
        p1_0.unidad_medida,
        p1_0.unidades_por_paquete,
        d1_0.subtotal 
    from
        detalles_compras d1_0 
    left join
        productos p1_0 
            on p1_0.id=d1_0.producto_id 
    where
        d1_0.compra_id=?
2026-08-12 18:23:40.623 TRACE [http-nio-8080-exec-8] [requestId=d926caf0-4c94-4780-acec-eab078e4bc15] org.hibernate.orm.jdbc.bind - binding parameter (1:BIGINT) <- [1]
2026-08-12 18:23:46.202 DEBUG [http-nio-8080-exec-9] [requestId=3e0a8f93-03dc-4441-95a5-c848682708d2] org.hibernate.SQL - 
    select
        cp1_0.id,
        cp1_0.compra_id,
        cp1_0.estado,
        cp1_0.fecha_actualizacion,
        cp1_0.fecha_creacion,
        cp1_0.monto_pagado,
        cp1_0.monto_total,
        cp1_0.saldo_pendiente 
    from
        cuentas_pagar cp1_0 
    join
        compras c1_0 
            on c1_0.id=cp1_0.compra_id 
    where
        (
            ? is null 
            or c1_0.proveedor_id=?
        ) 
        and (
            ? is null 
            or cp1_0.estado=?
        ) 
        and (
            ? is null 
            or c1_0.fecha_creacion>=?
        ) 
        and (
            ? is null 
            or c1_0.fecha_creacion<?
        ) 
    order by
        c1_0.fecha_creacion desc 
    limit
        ?
2026-08-12 18:23:46.202 TRACE [http-nio-8080-exec-9] [requestId=3e0a8f93-03dc-4441-95a5-c848682708d2] org.hibernate.orm.jdbc.bind - binding parameter (1:BIGINT) <- [null]
2026-08-12 18:23:46.202 TRACE [http-nio-8080-exec-9] [requestId=3e0a8f93-03dc-4441-95a5-c848682708d2] org.hibernate.orm.jdbc.bind - binding parameter (2:BIGINT) <- [null]
2026-08-12 18:23:46.202 TRACE [http-nio-8080-exec-9] [requestId=3e0a8f93-03dc-4441-95a5-c848682708d2] org.hibernate.orm.jdbc.bind - binding parameter (3:ENUM) <- [null]
2026-08-12 18:23:46.202 TRACE [http-nio-8080-exec-9] [requestId=3e0a8f93-03dc-4441-95a5-c848682708d2] org.hibernate.orm.jdbc.bind - binding parameter (4:ENUM) <- [null]
2026-08-12 18:23:46.202 TRACE [http-nio-8080-exec-9] [requestId=3e0a8f93-03dc-4441-95a5-c848682708d2] org.hibernate.orm.jdbc.bind - binding parameter (5:TIMESTAMP) <- [null]
2026-08-12 18:23:46.202 TRACE [http-nio-8080-exec-9] [requestId=3e0a8f93-03dc-4441-95a5-c848682708d2] org.hibernate.orm.jdbc.bind - binding parameter (6:TIMESTAMP) <- [null]
2026-08-12 18:23:46.202 TRACE [http-nio-8080-exec-9] [requestId=3e0a8f93-03dc-4441-95a5-c848682708d2] org.hibernate.orm.jdbc.bind - binding parameter (7:TIMESTAMP) <- [null]
2026-08-12 18:23:46.203 TRACE [http-nio-8080-exec-9] [requestId=3e0a8f93-03dc-4441-95a5-c848682708d2] org.hibernate.orm.jdbc.bind - binding parameter (8:TIMESTAMP) <- [null]
2026-08-12 18:23:46.203 TRACE [http-nio-8080-exec-9] [requestId=3e0a8f93-03dc-4441-95a5-c848682708d2] org.hibernate.orm.jdbc.bind - binding parameter (9:INTEGER) <- [20]
2026-08-12 18:23:46.203 DEBUG [http-nio-8080-exec-9] [requestId=3e0a8f93-03dc-4441-95a5-c848682708d2] org.hibernate.SQL - 
    select
        c1_0.id,
        c1_0.actualizado_por,
        c1_0.codigo,
        c1_0.creado_por,
        c1_0.estado,
        c1_0.fecha_actualizacion,
        c1_0.fecha_creacion,
        c1_0.proveedor_id,
        p1_0.id,
        p1_0.contacto,
        p1_0.direccion,
        p1_0.email,
        p1_0.estado,
        p1_0.razon_social,
        p1_0.ruc,
        p1_0.telefono,
        c1_0.subtotal,
        c1_0.total 
    from
        compras c1_0 
    join
        proveedores p1_0 
            on p1_0.id=c1_0.proveedor_id 
    where
        c1_0.id=?
2026-08-12 18:23:46.203 TRACE [http-nio-8080-exec-9] [requestId=3e0a8f93-03dc-4441-95a5-c848682708d2] org.hibernate.orm.jdbc.bind - binding parameter (1:BIGINT) <- [1]
2026-08-12 18:23:46.204 DEBUG [http-nio-8080-exec-9] [requestId=3e0a8f93-03dc-4441-95a5-c848682708d2] org.hibernate.SQL - 
    select
        p1_0.cuenta_pagar_id,
        p1_0.id,
        p1_0.fecha_pago,
        p1_0.metodo_pago,
        p1_0.monto,
        p1_0.referencia,
        p1_0.registrado_por 
    from
        pagos_proveedores p1_0 
    where
        p1_0.cuenta_pagar_id=?
2026-08-12 18:23:46.205 TRACE [http-nio-8080-exec-9] [requestId=3e0a8f93-03dc-4441-95a5-c848682708d2] org.hibernate.orm.jdbc.bind - binding parameter (1:BIGINT) <- [1]
2026-08-12 18:23:52.047 DEBUG [http-nio-8080-exec-10] [requestId=2e649463-252c-46cf-8c05-9b3f3c702bfc] org.hibernate.SQL - 
    select
        coalesce(sum(v1_0.total), 0) 
    from
        ventas v1_0 
    where
        v1_0.fecha_creacion>=? 
        and v1_0.fecha_creacion<? 
        and v1_0.estado<>?
2026-08-12 18:23:52.047 TRACE [http-nio-8080-exec-10] [requestId=2e649463-252c-46cf-8c05-9b3f3c702bfc] org.hibernate.orm.jdbc.bind - binding parameter (1:TIMESTAMP) <- [2026-08-12T00:00]
2026-08-12 18:23:52.047 TRACE [http-nio-8080-exec-10] [requestId=2e649463-252c-46cf-8c05-9b3f3c702bfc] org.hibernate.orm.jdbc.bind - binding parameter (2:TIMESTAMP) <- [2026-08-13T00:00]
2026-08-12 18:23:52.047 TRACE [http-nio-8080-exec-10] [requestId=2e649463-252c-46cf-8c05-9b3f3c702bfc] org.hibernate.orm.jdbc.bind - binding parameter (3:ENUM) <- [ANULADA]
2026-08-12 18:23:52.048 DEBUG [http-nio-8080-exec-10] [requestId=2e649463-252c-46cf-8c05-9b3f3c702bfc] org.hibernate.SQL - 
    select
        count(v1_0.id) 
    from
        ventas v1_0 
    where
        v1_0.fecha_creacion>=? 
        and v1_0.fecha_creacion<? 
        and v1_0.estado<>?
2026-08-12 18:23:52.048 TRACE [http-nio-8080-exec-10] [requestId=2e649463-252c-46cf-8c05-9b3f3c702bfc] org.hibernate.orm.jdbc.bind - binding parameter (1:TIMESTAMP) <- [2026-08-12T00:00]
2026-08-12 18:23:52.048 TRACE [http-nio-8080-exec-10] [requestId=2e649463-252c-46cf-8c05-9b3f3c702bfc] org.hibernate.orm.jdbc.bind - binding parameter (2:TIMESTAMP) <- [2026-08-13T00:00]
2026-08-12 18:23:52.048 TRACE [http-nio-8080-exec-10] [requestId=2e649463-252c-46cf-8c05-9b3f3c702bfc] org.hibernate.orm.jdbc.bind - binding parameter (3:ENUM) <- [ANULADA]
2026-08-12 18:23:52.049 DEBUG [http-nio-8080-exec-10] [requestId=2e649463-252c-46cf-8c05-9b3f3c702bfc] org.hibernate.SQL - 
    select
        coalesce(sum(p1_0.monto), 0) 
    from
        pagos p1_0 
    where
        p1_0.fecha_pago>=? 
        and p1_0.fecha_pago<?
2026-08-12 18:23:52.049 TRACE [http-nio-8080-exec-10] [requestId=2e649463-252c-46cf-8c05-9b3f3c702bfc] org.hibernate.orm.jdbc.bind - binding parameter (1:TIMESTAMP) <- [2026-08-12T00:00]
2026-08-12 18:23:52.049 TRACE [http-nio-8080-exec-10] [requestId=2e649463-252c-46cf-8c05-9b3f3c702bfc] org.hibernate.orm.jdbc.bind - binding parameter (2:TIMESTAMP) <- [2026-08-13T00:00]
2026-08-12 18:23:52.049 DEBUG [http-nio-8080-exec-10] [requestId=2e649463-252c-46cf-8c05-9b3f3c702bfc] org.hibernate.SQL - 
    select
        coalesce(sum(pp1_0.monto), 0) 
    from
        pagos_proveedores pp1_0 
    where
        pp1_0.fecha_pago>=? 
        and pp1_0.fecha_pago<?
2026-08-12 18:23:52.050 TRACE [http-nio-8080-exec-10] [requestId=2e649463-252c-46cf-8c05-9b3f3c702bfc] org.hibernate.orm.jdbc.bind - binding parameter (1:TIMESTAMP) <- [2026-08-12T00:00]
2026-08-12 18:23:52.050 TRACE [http-nio-8080-exec-10] [requestId=2e649463-252c-46cf-8c05-9b3f3c702bfc] org.hibernate.orm.jdbc.bind - binding parameter (2:TIMESTAMP) <- [2026-08-13T00:00]
2026-08-12 18:23:52.051 DEBUG [http-nio-8080-exec-10] [requestId=2e649463-252c-46cf-8c05-9b3f3c702bfc] org.hibernate.SQL - 
    select
        coalesce(sum(cc1_0.saldo_pendiente), 0) 
    from
        cuentas_cobrar cc1_0 
    where
        cc1_0.estado in (?, ?)
2026-08-12 18:23:52.051 TRACE [http-nio-8080-exec-10] [requestId=2e649463-252c-46cf-8c05-9b3f3c702bfc] org.hibernate.orm.jdbc.bind - binding parameter (1:ENUM) <- [PENDIENTE]
2026-08-12 18:23:52.051 TRACE [http-nio-8080-exec-10] [requestId=2e649463-252c-46cf-8c05-9b3f3c702bfc] org.hibernate.orm.jdbc.bind - binding parameter (2:ENUM) <- [PARCIAL]
2026-08-12 18:23:52.053 DEBUG [http-nio-8080-exec-10] [requestId=2e649463-252c-46cf-8c05-9b3f3c702bfc] org.hibernate.SQL - 
    select
        coalesce(sum(cp1_0.saldo_pendiente), 0) 
    from
        cuentas_pagar cp1_0 
    where
        cp1_0.estado in (?, ?)
2026-08-12 18:23:52.053 TRACE [http-nio-8080-exec-10] [requestId=2e649463-252c-46cf-8c05-9b3f3c702bfc] org.hibernate.orm.jdbc.bind - binding parameter (1:ENUM) <- [PENDIENTE]
2026-08-12 18:23:52.053 TRACE [http-nio-8080-exec-10] [requestId=2e649463-252c-46cf-8c05-9b3f3c702bfc] org.hibernate.orm.jdbc.bind - binding parameter (2:ENUM) <- [PARCIAL]
2026-08-12 18:23:52.054 DEBUG [http-nio-8080-exec-10] [requestId=2e649463-252c-46cf-8c05-9b3f3c702bfc] org.hibernate.SQL - 
    select
        c1_0.id,
        c1_0.abierta_por,
        c1_0.cerrada_por,
        c1_0.diferencia,
        c1_0.estado,
        c1_0.fecha_apertura,
        c1_0.fecha_cierre,
        c1_0.saldo_actual,
        c1_0.saldo_esperado,
        c1_0.saldo_inicial,
        c1_0.saldo_real,
        c1_0.total_egresos,
        c1_0.total_ingresos 
    from
        cajas c1_0 
    where
        c1_0.estado=? 
    order by
        c1_0.fecha_apertura desc 
    limit
        ?
2026-08-12 18:23:52.054 TRACE [http-nio-8080-exec-10] [requestId=2e649463-252c-46cf-8c05-9b3f3c702bfc] org.hibernate.orm.jdbc.bind - binding parameter (1:ENUM) <- [ABIERTA]
2026-08-12 18:23:52.054 TRACE [http-nio-8080-exec-10] [requestId=2e649463-252c-46cf-8c05-9b3f3c702bfc] org.hibernate.orm.jdbc.bind - binding parameter (2:INTEGER) <- [1]
2026-08-12 18:23:52.055 DEBUG [http-nio-8080-exec-10] [requestId=2e649463-252c-46cf-8c05-9b3f3c702bfc] org.hibernate.SQL - 
    select
        mc1_0.id,
        mc1_0.caja_id,
        mc1_0.concepto,
        mc1_0.fecha_movimiento,
        mc1_0.monto,
        mc1_0.referencia,
        mc1_0.registrado_por,
        mc1_0.tipo_movimiento 
    from
        movimientos_caja mc1_0 
    where
        mc1_0.fecha_movimiento>=? 
        and mc1_0.fecha_movimiento<?
2026-08-12 18:23:52.055 TRACE [http-nio-8080-exec-10] [requestId=2e649463-252c-46cf-8c05-9b3f3c702bfc] org.hibernate.orm.jdbc.bind - binding parameter (1:TIMESTAMP) <- [2026-08-12T00:00]
2026-08-12 18:23:52.055 TRACE [http-nio-8080-exec-10] [requestId=2e649463-252c-46cf-8c05-9b3f3c702bfc] org.hibernate.orm.jdbc.bind - binding parameter (2:TIMESTAMP) <- [2026-08-13T00:00]
2026-08-12 18:23:52.056 DEBUG [http-nio-8080-exec-10] [requestId=2e649463-252c-46cf-8c05-9b3f3c702bfc] org.hibernate.SQL - 
    select
        c1_0.id,
        c1_0.abierta_por,
        c1_0.cerrada_por,
        c1_0.diferencia,
        c1_0.estado,
        c1_0.fecha_apertura,
        c1_0.fecha_cierre,
        c1_0.saldo_actual,
        c1_0.saldo_esperado,
        c1_0.saldo_inicial,
        c1_0.saldo_real,
        c1_0.total_egresos,
        c1_0.total_ingresos 
    from
        cajas c1_0 
    where
        c1_0.id=?
2026-08-12 18:23:52.056 TRACE [http-nio-8080-exec-10] [requestId=2e649463-252c-46cf-8c05-9b3f3c702bfc] org.hibernate.orm.jdbc.bind - binding parameter (1:BIGINT) <- [1]
2026-08-12 18:23:52.058 DEBUG [http-nio-8080-exec-10] [requestId=2e649463-252c-46cf-8c05-9b3f3c702bfc] org.hibernate.SQL - 
    select
        coalesce(sum(c1_0.total), 0) 
    from
        compras c1_0 
    where
        c1_0.fecha_creacion>=? 
        and c1_0.fecha_creacion<? 
        and c1_0.estado<>?
2026-08-12 18:23:52.058 TRACE [http-nio-8080-exec-10] [requestId=2e649463-252c-46cf-8c05-9b3f3c702bfc] org.hibernate.orm.jdbc.bind - binding parameter (1:TIMESTAMP) <- [2026-08-12T00:00]
2026-08-12 18:23:52.058 TRACE [http-nio-8080-exec-10] [requestId=2e649463-252c-46cf-8c05-9b3f3c702bfc] org.hibernate.orm.jdbc.bind - binding parameter (2:TIMESTAMP) <- [2026-08-13T00:00]
2026-08-12 18:23:52.058 TRACE [http-nio-8080-exec-10] [requestId=2e649463-252c-46cf-8c05-9b3f3c702bfc] org.hibernate.orm.jdbc.bind - binding parameter (3:ENUM) <- [ANULADA]
2026-08-12 18:23:52.059 DEBUG [http-nio-8080-exec-10] [requestId=2e649463-252c-46cf-8c05-9b3f3c702bfc] org.hibernate.SQL - 
    select
        count(c1_0.id) 
    from
        compras c1_0 
    where
        c1_0.fecha_creacion>=? 
        and c1_0.fecha_creacion<? 
        and c1_0.estado<>?
2026-08-12 18:23:52.059 TRACE [http-nio-8080-exec-10] [requestId=2e649463-252c-46cf-8c05-9b3f3c702bfc] org.hibernate.orm.jdbc.bind - binding parameter (1:TIMESTAMP) <- [2026-08-12T00:00]
2026-08-12 18:23:52.059 TRACE [http-nio-8080-exec-10] [requestId=2e649463-252c-46cf-8c05-9b3f3c702bfc] org.hibernate.orm.jdbc.bind - binding parameter (2:TIMESTAMP) <- [2026-08-13T00:00]
2026-08-12 18:23:52.059 TRACE [http-nio-8080-exec-10] [requestId=2e649463-252c-46cf-8c05-9b3f3c702bfc] org.hibernate.orm.jdbc.bind - binding parameter (3:ENUM) <- [ANULADA]
2026-08-12 18:23:52.060 DEBUG [http-nio-8080-exec-10] [requestId=2e649463-252c-46cf-8c05-9b3f3c702bfc] org.hibernate.SQL - 
    select
        count(i1_0.id) 
    from
        inventarios i1_0
2026-08-12 18:23:52.060 DEBUG [http-nio-8080-exec-10] [requestId=2e649463-252c-46cf-8c05-9b3f3c702bfc] org.hibernate.SQL - 
    select
        count(i1_0.id) 
    from
        inventarios i1_0 
    where
        i1_0.stock_actual<=i1_0.stock_minimo
2026-08-12 18:24:39.284 DEBUG [http-nio-8080-exec-6] [requestId=1f64f1c3-cf06-4e29-b60c-f2cd0a87b459] org.hibernate.SQL - 
    select
        p1_0.id 
    from
        proveedores p1_0 
    where
        p1_0.ruc=? 
    limit
        ?
2026-08-12 18:24:39.285 TRACE [http-nio-8080-exec-6] [requestId=1f64f1c3-cf06-4e29-b60c-f2cd0a87b459] org.hibernate.orm.jdbc.bind - binding parameter (1:VARCHAR) <- [20612345678]
2026-08-12 18:24:39.285 TRACE [http-nio-8080-exec-6] [requestId=1f64f1c3-cf06-4e29-b60c-f2cd0a87b459] org.hibernate.orm.jdbc.bind - binding parameter (2:INTEGER) <- [1]
2026-08-12 18:24:39.287 DEBUG [http-nio-8080-exec-6] [requestId=1f64f1c3-cf06-4e29-b60c-f2cd0a87b459] org.hibernate.SQL - 
    insert 
    into
        proveedores
        (contacto, direccion, email, estado, razon_social, ruc, telefono) 
    values
        (?, ?, ?, ?, ?, ?, ?)
2026-08-12 18:24:39.287 TRACE [http-nio-8080-exec-6] [requestId=1f64f1c3-cf06-4e29-b60c-f2cd0a87b459] org.hibernate.orm.jdbc.bind - binding parameter (1:VARCHAR) <- [Prueba Compras]
2026-08-12 18:24:39.288 TRACE [http-nio-8080-exec-6] [requestId=1f64f1c3-cf06-4e29-b60c-f2cd0a87b459] org.hibernate.orm.jdbc.bind - binding parameter (2:VARCHAR) <- [Dirección de prueba]
2026-08-12 18:24:39.288 TRACE [http-nio-8080-exec-6] [requestId=1f64f1c3-cf06-4e29-b60c-f2cd0a87b459] org.hibernate.orm.jdbc.bind - binding parameter (3:VARCHAR) <- [prueba@proveedor.com]
2026-08-12 18:24:39.288 TRACE [http-nio-8080-exec-6] [requestId=1f64f1c3-cf06-4e29-b60c-f2cd0a87b459] org.hibernate.orm.jdbc.bind - binding parameter (4:ENUM) <- [ACTIVO]
2026-08-12 18:24:39.288 TRACE [http-nio-8080-exec-6] [requestId=1f64f1c3-cf06-4e29-b60c-f2cd0a87b459] org.hibernate.orm.jdbc.bind - binding parameter (5:VARCHAR) <- [Proveedor Prueba Seguridad SAC]
2026-08-12 18:24:39.288 TRACE [http-nio-8080-exec-6] [requestId=1f64f1c3-cf06-4e29-b60c-f2cd0a87b459] org.hibernate.orm.jdbc.bind - binding parameter (6:VARCHAR) <- [20612345678]
2026-08-12 18:24:39.288 TRACE [http-nio-8080-exec-6] [requestId=1f64f1c3-cf06-4e29-b60c-f2cd0a87b459] org.hibernate.orm.jdbc.bind - binding parameter (7:VARCHAR) <- [999999999]
2026-08-12 18:25:57.723 INFO  [SpringApplicationShutdownHook] [requestId=N/A] o.s.boot.tomcat.GracefulShutdown - Commencing graceful shutdown. Waiting for active requests to complete
2026-08-12 18:25:57.727 INFO  [tomcat-shutdown] [requestId=N/A] o.s.boot.tomcat.GracefulShutdown - Graceful shutdown complete
2026-08-12 18:25:57.732 INFO  [SpringApplicationShutdownHook] [requestId=N/A] o.s.o.j.LocalContainerEntityManagerFactoryBean - Closing JPA EntityManagerFactory for persistence unit 'default'
2026-08-12 18:25:57.735 INFO  [SpringApplicationShutdownHook] [requestId=N/A] com.zaxxer.hikari.HikariDataSource - HikariPool-1 - Shutdown initiated...
2026-08-12 18:25:57.737 INFO  [SpringApplicationShutdownHook] [requestId=N/A] com.zaxxer.hikari.HikariDataSource - HikariPool-1 - Shutdown completed.
2026-08-12 18:27:13.964 INFO  [main] [requestId=N/A] c.r.bencolapp.BencolAppApplicationTests - Starting BencolAppApplicationTests using Java 21.0.7 with PID 8832 (started by WILDER in C:\Users\WILDER\OneDrive\Escritorio\bencol-app\bencol)
2026-08-12 18:27:13.965 DEBUG [main] [requestId=N/A] c.r.bencolapp.BencolAppApplicationTests - Running with Spring Boot v4.1.0, Spring v7.0.8
2026-08-12 18:27:13.965 INFO  [main] [requestId=N/A] c.r.bencolapp.BencolAppApplicationTests - The following 1 profile is active: "dev"
2026-08-12 18:27:14.849 INFO  [main] [requestId=N/A] o.s.d.r.c.RepositoryConfigurationDelegate - Bootstrapping Spring Data JPA repositories in DEFAULT mode.
2026-08-12 18:27:15.013 INFO  [main] [requestId=N/A] o.s.d.r.c.RepositoryConfigurationDelegate - Finished Spring Data repository scanning in 157 ms. Found 21 JPA repository interfaces.
2026-08-12 18:27:15.660 INFO  [main] [requestId=N/A] com.zaxxer.hikari.HikariDataSource - HikariPool-1 - Starting...
2026-08-12 18:27:15.850 INFO  [main] [requestId=N/A] com.zaxxer.hikari.pool.HikariPool - HikariPool-1 - Added connection com.mysql.cj.jdbc.ConnectionImpl@5b5b9521
2026-08-12 18:27:15.852 INFO  [main] [requestId=N/A] com.zaxxer.hikari.HikariDataSource - HikariPool-1 - Start completed.
2026-08-12 18:27:15.884 INFO  [main] [requestId=N/A] org.flywaydb.core.FlywayExecutor - Database: jdbc:mysql://localhost:3306/bencol_system?useSSL=false&serverTimezone=America/Lima&allowPublicKeyRetrieval=true (MySQL 8.0)
2026-08-12 18:27:15.976 INFO  [main] [requestId=N/A] o.f.core.internal.command.DbValidate - Successfully validated 6 migrations (execution time 00:00.045s)
2026-08-12 18:27:15.988 INFO  [main] [requestId=N/A] o.f.core.internal.command.DbMigrate - Current version of schema `bencol_system`: 6
2026-08-12 18:27:15.991 INFO  [main] [requestId=N/A] o.f.core.internal.command.DbMigrate - Schema `bencol_system` is up to date. No migration necessary.
2026-08-12 18:27:16.143 INFO  [main] [requestId=N/A] org.hibernate.orm.jpa - HHH008540: Processing PersistenceUnitInfo [name: default]
2026-08-12 18:27:16.235 INFO  [main] [requestId=N/A] org.hibernate.orm.core - HHH000001: Hibernate ORM core version 7.4.1.Final
2026-08-12 18:27:16.694 INFO  [main] [requestId=N/A] o.s.o.j.p.SpringPersistenceUnitInfo - No LoadTimeWeaver setup: ignoring JPA class transformer
2026-08-12 18:27:16.776 INFO  [main] [requestId=N/A] org.hibernate.orm.connections.pooling - HHH10001005: Database info:
	Database JDBC URL [jdbc:mysql://localhost:3306/bencol_system?useSSL=false&serverTimezone=America/Lima&allowPublicKeyRetrieval=true]
	Database driver: MySQL Connector/J
	Database dialect: MySQLDialect
	Database version: 8.0.44
	Default catalog/schema: bencol_system/undefined
	Autocommit mode: undefined/unknown
	Isolation level: REPEATABLE_READ [default REPEATABLE_READ]
	JDBC fetch size: none
	Pool: DataSourceConnectionProvider
	Minimum pool size: undefined/unknown
	Maximum pool size: undefined/unknown
2026-08-12 18:27:17.951 INFO  [main] [requestId=N/A] org.hibernate.orm.core - HHH000489: No JTA platform available (set 'hibernate.transaction.jta.platform' to enable JTA platform integration)
2026-08-12 18:27:17.997 INFO  [main] [requestId=N/A] o.s.o.j.LocalContainerEntityManagerFactoryBean - Initialized JPA EntityManagerFactory for persistence unit 'default'
2026-08-12 18:27:18.067 INFO  [main] [requestId=N/A] o.s.d.j.r.query.QueryEnhancerFactories - Hibernate is in classpath; If applicable, HQL parser will be used.
2026-08-12 18:27:20.545 INFO  [main] [requestId=N/A] c.r.bencolapp.BencolAppApplicationTests - Started BencolAppApplicationTests in 7.068 seconds (process running for 8.26)
2026-08-12 18:27:20.605 DEBUG [main] [requestId=N/A] org.hibernate.SQL - 
    select
        count(*) 
    from
        usuarios u1_0
2026-08-12 18:27:20.991 INFO  [SpringApplicationShutdownHook] [requestId=N/A] o.s.o.j.LocalContainerEntityManagerFactoryBean - Closing JPA EntityManagerFactory for persistence unit 'default'
2026-08-12 18:27:20.994 INFO  [SpringApplicationShutdownHook] [requestId=N/A] com.zaxxer.hikari.HikariDataSource - HikariPool-1 - Shutdown initiated...
2026-08-12 18:27:21.008 INFO  [SpringApplicationShutdownHook] [requestId=N/A] com.zaxxer.hikari.HikariDataSource - HikariPool-1 - Shutdown completed.
2026-08-12 18:33:02.078 INFO  [restartedMain] [requestId=N/A] c.r.bencolapp.BencolAppApplication - Starting BencolAppApplication using Java 21.0.7 with PID 7556 (C:\Users\WILDER\OneDrive\Escritorio\bencol-app\bencol\target\classes started by WILDER in C:\Users\WILDER\OneDrive\Escritorio\bencol-app\bencol)
2026-08-12 18:33:02.079 DEBUG [restartedMain] [requestId=N/A] c.r.bencolapp.BencolAppApplication - Running with Spring Boot v4.1.0, Spring v7.0.8
2026-08-12 18:33:02.080 INFO  [restartedMain] [requestId=N/A] c.r.bencolapp.BencolAppApplication - The following 1 profile is active: "dev"
2026-08-12 18:33:02.114 INFO  [restartedMain] [requestId=N/A] o.s.b.d.e.DevToolsPropertyDefaultsPostProcessor - Devtools property defaults active! Set 'spring.devtools.add-properties' to 'false' to disable
2026-08-12 18:33:02.114 INFO  [restartedMain] [requestId=N/A] o.s.b.d.e.DevToolsPropertyDefaultsPostProcessor - For additional web related logging consider setting the 'logging.level.web' property to 'DEBUG'
2026-08-12 18:33:02.847 INFO  [restartedMain] [requestId=N/A] o.s.d.r.c.RepositoryConfigurationDelegate - Bootstrapping Spring Data JPA repositories in DEFAULT mode.
2026-08-12 18:33:03.015 INFO  [restartedMain] [requestId=N/A] o.s.d.r.c.RepositoryConfigurationDelegate - Finished Spring Data repository scanning in 162 ms. Found 21 JPA repository interfaces.
2026-08-12 18:33:03.477 INFO  [restartedMain] [requestId=N/A] o.s.boot.tomcat.TomcatWebServer - Tomcat initialized with port 8080 (http)
2026-08-12 18:33:03.488 INFO  [restartedMain] [requestId=N/A] o.apache.catalina.core.StandardService - Starting service [Tomcat]
2026-08-12 18:33:03.489 INFO  [restartedMain] [requestId=N/A] org.apache.catalina.core.StandardEngine - Starting Servlet engine: [Apache Tomcat/11.0.22]
2026-08-12 18:33:03.540 INFO  [restartedMain] [requestId=N/A] o.s.b.w.c.s.WebApplicationContextInitializer - Root WebApplicationContext: initialization completed in 1425 ms
2026-08-12 18:33:03.593 DEBUG [restartedMain] [requestId=N/A] c.r.b.utils.logging.RequestIdFilter - Filter 'requestIdFilter' configured for use
2026-08-12 18:33:03.818 INFO  [restartedMain] [requestId=N/A] com.zaxxer.hikari.HikariDataSource - HikariPool-1 - Starting...
2026-08-12 18:33:03.950 INFO  [restartedMain] [requestId=N/A] com.zaxxer.hikari.pool.HikariPool - HikariPool-1 - Added connection com.mysql.cj.jdbc.ConnectionImpl@1a6dd1d
2026-08-12 18:33:03.952 INFO  [restartedMain] [requestId=N/A] com.zaxxer.hikari.HikariDataSource - HikariPool-1 - Start completed.
2026-08-12 18:33:03.979 INFO  [restartedMain] [requestId=N/A] org.flywaydb.core.FlywayExecutor - Database: jdbc:mysql://localhost:3306/bencol_system?useSSL=false&serverTimezone=America/Lima&allowPublicKeyRetrieval=true (MySQL 8.0)
2026-08-12 18:33:04.061 INFO  [restartedMain] [requestId=N/A] o.f.core.internal.command.DbValidate - Successfully validated 6 migrations (execution time 00:00.039s)
2026-08-12 18:33:04.077 INFO  [restartedMain] [requestId=N/A] o.f.core.internal.command.DbMigrate - Current version of schema `bencol_system`: 6
2026-08-12 18:33:04.080 INFO  [restartedMain] [requestId=N/A] o.f.core.internal.command.DbMigrate - Schema `bencol_system` is up to date. No migration necessary.
2026-08-12 18:33:04.195 INFO  [restartedMain] [requestId=N/A] org.hibernate.orm.jpa - HHH008540: Processing PersistenceUnitInfo [name: default]
2026-08-12 18:33:04.249 INFO  [restartedMain] [requestId=N/A] org.hibernate.orm.core - HHH000001: Hibernate ORM core version 7.4.1.Final
2026-08-12 18:33:04.665 INFO  [restartedMain] [requestId=N/A] o.s.o.j.p.SpringPersistenceUnitInfo - No LoadTimeWeaver setup: ignoring JPA class transformer
2026-08-12 18:33:04.742 INFO  [restartedMain] [requestId=N/A] org.hibernate.orm.connections.pooling - HHH10001005: Database info:
	Database JDBC URL [jdbc:mysql://localhost:3306/bencol_system?useSSL=false&serverTimezone=America/Lima&allowPublicKeyRetrieval=true]
	Database driver: MySQL Connector/J
	Database dialect: MySQLDialect
	Database version: 8.0.44
	Default catalog/schema: bencol_system/undefined
	Autocommit mode: undefined/unknown
	Isolation level: REPEATABLE_READ [default REPEATABLE_READ]
	JDBC fetch size: none
	Pool: DataSourceConnectionProvider
	Minimum pool size: undefined/unknown
	Maximum pool size: undefined/unknown
2026-08-12 18:33:05.823 INFO  [restartedMain] [requestId=N/A] org.hibernate.orm.core - HHH000489: No JTA platform available (set 'hibernate.transaction.jta.platform' to enable JTA platform integration)
2026-08-12 18:33:05.862 INFO  [restartedMain] [requestId=N/A] o.s.o.j.LocalContainerEntityManagerFactoryBean - Initialized JPA EntityManagerFactory for persistence unit 'default'
2026-08-12 18:33:05.927 INFO  [restartedMain] [requestId=N/A] o.s.d.j.r.query.QueryEnhancerFactories - Hibernate is in classpath; If applicable, HQL parser will be used.
2026-08-12 18:33:08.141 INFO  [restartedMain] [requestId=N/A] o.s.boot.tomcat.TomcatWebServer - Tomcat started on port 8080 (http) with context path '/'
2026-08-12 18:33:08.145 INFO  [restartedMain] [requestId=N/A] c.r.bencolapp.BencolAppApplication - Started BencolAppApplication in 6.601 seconds (process running for 7.123)
2026-08-12 18:33:08.197 DEBUG [restartedMain] [requestId=N/A] org.hibernate.SQL - 
    select
        count(*) 
    from
        usuarios u1_0
2026-08-12 18:33:51.085 INFO  [SpringApplicationShutdownHook] [requestId=N/A] o.s.boot.tomcat.GracefulShutdown - Commencing graceful shutdown. Waiting for active requests to complete
2026-08-12 18:33:51.089 INFO  [tomcat-shutdown] [requestId=N/A] o.s.boot.tomcat.GracefulShutdown - Graceful shutdown complete
2026-08-12 18:33:51.094 INFO  [SpringApplicationShutdownHook] [requestId=N/A] o.s.o.j.LocalContainerEntityManagerFactoryBean - Closing JPA EntityManagerFactory for persistence unit 'default'
2026-08-12 18:33:51.098 INFO  [SpringApplicationShutdownHook] [requestId=N/A] com.zaxxer.hikari.HikariDataSource - HikariPool-1 - Shutdown initiated...
2026-08-12 18:33:51.107 INFO  [SpringApplicationShutdownHook] [requestId=N/A] com.zaxxer.hikari.HikariDataSource - HikariPool-1 - Shutdown completed.
2026-08-12 18:34:35.125 INFO  [main] [requestId=N/A] c.r.bencolapp.BencolAppApplicationTests - Starting BencolAppApplicationTests using Java 21.0.7 with PID 3136 (started by WILDER in C:\Users\WILDER\OneDrive\Escritorio\bencol-app\bencol)
2026-08-12 18:34:35.126 DEBUG [main] [requestId=N/A] c.r.bencolapp.BencolAppApplicationTests - Running with Spring Boot v4.1.0, Spring v7.0.8
2026-08-12 18:34:35.126 INFO  [main] [requestId=N/A] c.r.bencolapp.BencolAppApplicationTests - The following 1 profile is active: "dev"
2026-08-12 18:34:36.032 INFO  [main] [requestId=N/A] o.s.d.r.c.RepositoryConfigurationDelegate - Bootstrapping Spring Data JPA repositories in DEFAULT mode.
2026-08-12 18:34:36.201 INFO  [main] [requestId=N/A] o.s.d.r.c.RepositoryConfigurationDelegate - Finished Spring Data repository scanning in 159 ms. Found 21 JPA repository interfaces.
2026-08-12 18:34:36.900 INFO  [main] [requestId=N/A] com.zaxxer.hikari.HikariDataSource - HikariPool-1 - Starting...
2026-08-12 18:34:37.082 INFO  [main] [requestId=N/A] com.zaxxer.hikari.pool.HikariPool - HikariPool-1 - Added connection com.mysql.cj.jdbc.ConnectionImpl@66e12c3b
2026-08-12 18:34:37.084 INFO  [main] [requestId=N/A] com.zaxxer.hikari.HikariDataSource - HikariPool-1 - Start completed.
2026-08-12 18:34:37.114 INFO  [main] [requestId=N/A] org.flywaydb.core.FlywayExecutor - Database: jdbc:mysql://localhost:3306/bencol_system?useSSL=false&serverTimezone=America/Lima&allowPublicKeyRetrieval=true (MySQL 8.0)
2026-08-12 18:34:37.205 INFO  [main] [requestId=N/A] o.f.core.internal.command.DbValidate - Successfully validated 6 migrations (execution time 00:00.042s)
2026-08-12 18:34:37.220 INFO  [main] [requestId=N/A] o.f.core.internal.command.DbMigrate - Current version of schema `bencol_system`: 6
2026-08-12 18:34:37.223 INFO  [main] [requestId=N/A] o.f.core.internal.command.DbMigrate - Schema `bencol_system` is up to date. No migration necessary.
2026-08-12 18:34:37.376 INFO  [main] [requestId=N/A] org.hibernate.orm.jpa - HHH008540: Processing PersistenceUnitInfo [name: default]
2026-08-12 18:34:37.433 INFO  [main] [requestId=N/A] org.hibernate.orm.core - HHH000001: Hibernate ORM core version 7.4.1.Final
2026-08-12 18:34:37.860 INFO  [main] [requestId=N/A] o.s.o.j.p.SpringPersistenceUnitInfo - No LoadTimeWeaver setup: ignoring JPA class transformer
2026-08-12 18:34:37.940 INFO  [main] [requestId=N/A] org.hibernate.orm.connections.pooling - HHH10001005: Database info:
	Database JDBC URL [jdbc:mysql://localhost:3306/bencol_system?useSSL=false&serverTimezone=America/Lima&allowPublicKeyRetrieval=true]
	Database driver: MySQL Connector/J
	Database dialect: MySQLDialect
	Database version: 8.0.44
	Default catalog/schema: bencol_system/undefined
	Autocommit mode: undefined/unknown
	Isolation level: REPEATABLE_READ [default REPEATABLE_READ]
	JDBC fetch size: none
	Pool: DataSourceConnectionProvider
	Minimum pool size: undefined/unknown
	Maximum pool size: undefined/unknown
2026-08-12 18:34:39.133 INFO  [main] [requestId=N/A] org.hibernate.orm.core - HHH000489: No JTA platform available (set 'hibernate.transaction.jta.platform' to enable JTA platform integration)
2026-08-12 18:34:39.185 INFO  [main] [requestId=N/A] o.s.o.j.LocalContainerEntityManagerFactoryBean - Initialized JPA EntityManagerFactory for persistence unit 'default'
2026-08-12 18:34:39.264 INFO  [main] [requestId=N/A] o.s.d.j.r.query.QueryEnhancerFactories - Hibernate is in classpath; If applicable, HQL parser will be used.
2026-08-12 18:34:41.711 INFO  [main] [requestId=N/A] c.r.bencolapp.BencolAppApplicationTests - Started BencolAppApplicationTests in 7.059 seconds (process running for 8.185)
2026-08-12 18:34:41.776 DEBUG [main] [requestId=N/A] org.hibernate.SQL - 
    select
        count(*) 
    from
        usuarios u1_0
2026-08-12 18:34:42.148 INFO  [SpringApplicationShutdownHook] [requestId=N/A] o.s.o.j.LocalContainerEntityManagerFactoryBean - Closing JPA EntityManagerFactory for persistence unit 'default'
2026-08-12 18:34:42.150 INFO  [SpringApplicationShutdownHook] [requestId=N/A] com.zaxxer.hikari.HikariDataSource - HikariPool-1 - Shutdown initiated...
2026-08-12 18:34:42.156 INFO  [SpringApplicationShutdownHook] [requestId=N/A] com.zaxxer.hikari.HikariDataSource - HikariPool-1 - Shutdown completed.
2026-08-12 18:36:15.505 INFO  [main] [requestId=N/A] c.r.bencolapp.BencolAppApplication - Starting BencolAppApplication v0.0.1-SNAPSHOT using Java 21.0.7 with PID 13984 (C:\Users\WILDER\OneDrive\Escritorio\bencol-app\bencol\target\bencol-app-0.0.1-SNAPSHOT.jar started by WILDER in C:\Users\WILDER\OneDrive\Escritorio\bencol-app\bencol)
2026-08-12 18:36:15.508 DEBUG [main] [requestId=N/A] c.r.bencolapp.BencolAppApplication - Running with Spring Boot v4.1.0, Spring v7.0.8
2026-08-12 18:36:15.508 INFO  [main] [requestId=N/A] c.r.bencolapp.BencolAppApplication - The following 1 profile is active: "dev"
2026-08-12 18:36:16.254 INFO  [main] [requestId=N/A] o.s.d.r.c.RepositoryConfigurationDelegate - Bootstrapping Spring Data JPA repositories in DEFAULT mode.
2026-08-12 18:36:16.342 INFO  [main] [requestId=N/A] o.s.d.r.c.RepositoryConfigurationDelegate - Finished Spring Data repository scanning in 80 ms. Found 21 JPA repository interfaces.
2026-08-12 18:36:16.946 INFO  [main] [requestId=N/A] o.s.boot.tomcat.TomcatWebServer - Tomcat initialized with port 8080 (http)
2026-08-12 18:36:16.963 INFO  [main] [requestId=N/A] o.apache.catalina.core.StandardService - Starting service [Tomcat]
2026-08-12 18:36:16.963 INFO  [main] [requestId=N/A] org.apache.catalina.core.StandardEngine - Starting Servlet engine: [Apache Tomcat/11.0.22]
2026-08-12 18:36:17.000 INFO  [main] [requestId=N/A] o.s.b.w.c.s.WebApplicationContextInitializer - Root WebApplicationContext: initialization completed in 1448 ms
2026-08-12 18:36:17.048 DEBUG [main] [requestId=N/A] c.r.b.utils.logging.RequestIdFilter - Filter 'requestIdFilter' configured for use
2026-08-12 18:36:17.318 INFO  [main] [requestId=N/A] com.zaxxer.hikari.HikariDataSource - HikariPool-1 - Starting...
2026-08-12 18:36:17.502 INFO  [main] [requestId=N/A] com.zaxxer.hikari.pool.HikariPool - HikariPool-1 - Added connection com.mysql.cj.jdbc.ConnectionImpl@5f7cd50e
2026-08-12 18:36:17.504 INFO  [main] [requestId=N/A] com.zaxxer.hikari.HikariDataSource - HikariPool-1 - Start completed.
2026-08-12 18:36:17.539 INFO  [main] [requestId=N/A] org.flywaydb.core.FlywayExecutor - Database: jdbc:mysql://localhost:3306/bencol_system?useSSL=false&serverTimezone=America/Lima&allowPublicKeyRetrieval=true (MySQL 8.0)
2026-08-12 18:36:17.617 INFO  [main] [requestId=N/A] o.f.core.internal.command.DbValidate - Successfully validated 6 migrations (execution time 00:00.033s)
2026-08-12 18:36:17.632 INFO  [main] [requestId=N/A] o.f.core.internal.command.DbMigrate - Current version of schema `bencol_system`: 6
2026-08-12 18:36:17.638 INFO  [main] [requestId=N/A] o.f.core.internal.command.DbMigrate - Schema `bencol_system` is up to date. No migration necessary.
2026-08-12 18:36:17.727 INFO  [main] [requestId=N/A] org.hibernate.orm.jpa - HHH008540: Processing PersistenceUnitInfo [name: default]
2026-08-12 18:36:17.788 INFO  [main] [requestId=N/A] org.hibernate.orm.core - HHH000001: Hibernate ORM core version 7.4.1.Final
2026-08-12 18:36:18.171 INFO  [main] [requestId=N/A] o.s.o.j.p.SpringPersistenceUnitInfo - No LoadTimeWeaver setup: ignoring JPA class transformer
2026-08-12 18:36:18.235 INFO  [main] [requestId=N/A] org.hibernate.orm.connections.pooling - HHH10001005: Database info:
	Database JDBC URL [jdbc:mysql://localhost:3306/bencol_system?useSSL=false&serverTimezone=America/Lima&allowPublicKeyRetrieval=true]
	Database driver: MySQL Connector/J
	Database dialect: MySQLDialect
	Database version: 8.0.44
	Default catalog/schema: bencol_system/undefined
	Autocommit mode: undefined/unknown
	Isolation level: REPEATABLE_READ [default REPEATABLE_READ]
	JDBC fetch size: none
	Pool: DataSourceConnectionProvider
	Minimum pool size: undefined/unknown
	Maximum pool size: undefined/unknown
2026-08-12 18:36:19.197 INFO  [main] [requestId=N/A] org.hibernate.orm.core - HHH000489: No JTA platform available (set 'hibernate.transaction.jta.platform' to enable JTA platform integration)
2026-08-12 18:36:19.238 INFO  [main] [requestId=N/A] o.s.o.j.LocalContainerEntityManagerFactoryBean - Initialized JPA EntityManagerFactory for persistence unit 'default'
2026-08-12 18:36:19.311 INFO  [main] [requestId=N/A] o.s.d.j.r.query.QueryEnhancerFactories - Hibernate is in classpath; If applicable, HQL parser will be used.
2026-08-12 18:36:21.416 INFO  [main] [requestId=N/A] o.s.boot.tomcat.TomcatWebServer - Tomcat started on port 8080 (http) with context path '/'
2026-08-12 18:36:21.428 INFO  [main] [requestId=N/A] c.r.bencolapp.BencolAppApplication - Started BencolAppApplication in 6.517 seconds (process running for 6.994)
2026-08-12 18:36:21.506 DEBUG [main] [requestId=N/A] org.hibernate.SQL - 
    select
        count(*) 
    from
        usuarios u1_0
2026-08-12 18:36:55.891 INFO  [http-nio-8080-exec-2] [requestId=N/A] o.a.c.c.C.[Tomcat].[localhost].[/] - Initializing Spring DispatcherServlet 'dispatcherServlet'
2026-08-12 18:36:55.891 INFO  [http-nio-8080-exec-2] [requestId=N/A] o.s.web.servlet.DispatcherServlet - Initializing Servlet 'dispatcherServlet'
2026-08-12 18:36:55.893 INFO  [http-nio-8080-exec-2] [requestId=N/A] o.s.web.servlet.DispatcherServlet - Completed initialization in 2 ms
2026-08-12 18:36:56.019 DEBUG [http-nio-8080-exec-2] [requestId=18eb4037-3d56-401b-88bf-94cbf6af33d3] org.hibernate.SQL - 
    select
        u1_0.id,
        u1_0.email,
        u1_0.estado,
        u1_0.fecha_actualizacion,
        u1_0.fecha_creacion,
        u1_0.password,
        u1_0.rol,
        u1_0.username 
    from
        usuarios u1_0 
    where
        u1_0.username=?
2026-08-12 18:36:56.019 TRACE [http-nio-8080-exec-2] [requestId=18eb4037-3d56-401b-88bf-94cbf6af33d3] org.hibernate.orm.jdbc.bind - binding parameter (1:VARCHAR) <- [adminbencol]
2026-08-12 18:37:14.213 DEBUG [http-nio-8080-exec-3] [requestId=da475001-ed1e-43d2-b95f-ced82409f4f9] org.hibernate.SQL - 
    select
        v1_0.id,
        v1_0.actualizado_por,
        v1_0.cliente_id,
        v1_0.codigo,
        v1_0.creado_por,
        v1_0.estado,
        v1_0.fecha_actualizacion,
        v1_0.fecha_creacion,
        v1_0.subtotal,
        v1_0.total 
    from
        ventas v1_0 
    where
        (
            ? is null 
            or lower(v1_0.codigo) like lower(concat('%', ?, '%')) escape ''
        ) 
        and (
            ? is null 
            or v1_0.cliente_id=?
        ) 
        and (
            ? is null 
            or v1_0.estado=?
        ) 
        and (
            ? is null 
            or v1_0.fecha_creacion>=?
        ) 
        and (
            ? is null 
            or v1_0.fecha_creacion<?
        ) 
    order by
        v1_0.fecha_creacion desc 
    limit
        ?
2026-08-12 18:37:14.214 TRACE [http-nio-8080-exec-3] [requestId=da475001-ed1e-43d2-b95f-ced82409f4f9] org.hibernate.orm.jdbc.bind - binding parameter (1:JAVA_OBJECT) <- [null]
2026-08-12 18:37:14.214 TRACE [http-nio-8080-exec-3] [requestId=da475001-ed1e-43d2-b95f-ced82409f4f9] org.hibernate.orm.jdbc.bind - binding parameter (2:JAVA_OBJECT) <- [null]
2026-08-12 18:37:14.214 TRACE [http-nio-8080-exec-3] [requestId=da475001-ed1e-43d2-b95f-ced82409f4f9] org.hibernate.orm.jdbc.bind - binding parameter (3:BIGINT) <- [null]
2026-08-12 18:37:14.214 TRACE [http-nio-8080-exec-3] [requestId=da475001-ed1e-43d2-b95f-ced82409f4f9] org.hibernate.orm.jdbc.bind - binding parameter (4:BIGINT) <- [null]
2026-08-12 18:37:14.214 TRACE [http-nio-8080-exec-3] [requestId=da475001-ed1e-43d2-b95f-ced82409f4f9] org.hibernate.orm.jdbc.bind - binding parameter (5:ENUM) <- [null]
2026-08-12 18:37:14.214 TRACE [http-nio-8080-exec-3] [requestId=da475001-ed1e-43d2-b95f-ced82409f4f9] org.hibernate.orm.jdbc.bind - binding parameter (6:ENUM) <- [null]
2026-08-12 18:37:14.215 TRACE [http-nio-8080-exec-3] [requestId=da475001-ed1e-43d2-b95f-ced82409f4f9] org.hibernate.orm.jdbc.bind - binding parameter (7:TIMESTAMP) <- [null]
2026-08-12 18:37:14.215 TRACE [http-nio-8080-exec-3] [requestId=da475001-ed1e-43d2-b95f-ced82409f4f9] org.hibernate.orm.jdbc.bind - binding parameter (8:TIMESTAMP) <- [null]
2026-08-12 18:37:14.215 TRACE [http-nio-8080-exec-3] [requestId=da475001-ed1e-43d2-b95f-ced82409f4f9] org.hibernate.orm.jdbc.bind - binding parameter (9:TIMESTAMP) <- [null]
2026-08-12 18:37:14.215 TRACE [http-nio-8080-exec-3] [requestId=da475001-ed1e-43d2-b95f-ced82409f4f9] org.hibernate.orm.jdbc.bind - binding parameter (10:TIMESTAMP) <- [null]
2026-08-12 18:37:14.215 TRACE [http-nio-8080-exec-3] [requestId=da475001-ed1e-43d2-b95f-ced82409f4f9] org.hibernate.orm.jdbc.bind - binding parameter (11:INTEGER) <- [20]
2026-08-12 18:37:14.226 DEBUG [http-nio-8080-exec-3] [requestId=da475001-ed1e-43d2-b95f-ced82409f4f9] org.hibernate.SQL - 
    select
        c1_0.id,
        c1_0.categoria,
        c1_0.direccion,
        c1_0.email,
        c1_0.estado,
        c1_0.nombre,
        c1_0.telefono 
    from
        clients c1_0 
    where
        c1_0.id=?
2026-08-12 18:37:14.227 TRACE [http-nio-8080-exec-3] [requestId=da475001-ed1e-43d2-b95f-ced82409f4f9] org.hibernate.orm.jdbc.bind - binding parameter (1:BIGINT) <- [2]
2026-08-12 18:37:14.237 DEBUG [http-nio-8080-exec-3] [requestId=da475001-ed1e-43d2-b95f-ced82409f4f9] org.hibernate.SQL - 
    select
        c1_0.id,
        c1_0.categoria,
        c1_0.direccion,
        c1_0.email,
        c1_0.estado,
        c1_0.nombre,
        c1_0.telefono 
    from
        clients c1_0 
    where
        c1_0.id=?
2026-08-12 18:37:14.238 TRACE [http-nio-8080-exec-3] [requestId=da475001-ed1e-43d2-b95f-ced82409f4f9] org.hibernate.orm.jdbc.bind - binding parameter (1:BIGINT) <- [1]
2026-08-12 18:37:14.243 DEBUG [http-nio-8080-exec-3] [requestId=da475001-ed1e-43d2-b95f-ced82409f4f9] org.hibernate.SQL - 
    select
        d1_0.venta_id,
        d1_0.id,
        d1_0.cantidad,
        d1_0.envases_devueltos,
        d1_0.modalidad_envase,
        d1_0.precio_unitario,
        d1_0.producto_id,
        p1_0.id,
        p1_0.categoria,
        p1_0.codigo,
        p1_0.contenido,
        p1_0.descripcion,
        p1_0.estado,
        p1_0.precio_base,
        p1_0.unidad_medida,
        p1_0.unidades_por_paquete,
        d1_0.subtotal 
    from
        detalles_ventas d1_0 
    left join
        productos p1_0 
            on p1_0.id=d1_0.producto_id 
    where
        d1_0.venta_id=?
2026-08-12 18:37:14.244 TRACE [http-nio-8080-exec-3] [requestId=da475001-ed1e-43d2-b95f-ced82409f4f9] org.hibernate.orm.jdbc.bind - binding parameter (1:BIGINT) <- [15]
2026-08-12 18:37:14.248 DEBUG [http-nio-8080-exec-3] [requestId=da475001-ed1e-43d2-b95f-ced82409f4f9] org.hibernate.SQL - 
    select
        d1_0.venta_id,
        d1_0.id,
        d1_0.cantidad,
        d1_0.envases_devueltos,
        d1_0.modalidad_envase,
        d1_0.precio_unitario,
        d1_0.producto_id,
        p1_0.id,
        p1_0.categoria,
        p1_0.codigo,
        p1_0.contenido,
        p1_0.descripcion,
        p1_0.estado,
        p1_0.precio_base,
        p1_0.unidad_medida,
        p1_0.unidades_por_paquete,
        d1_0.subtotal 
    from
        detalles_ventas d1_0 
    left join
        productos p1_0 
            on p1_0.id=d1_0.producto_id 
    where
        d1_0.venta_id=?
2026-08-12 18:37:14.249 TRACE [http-nio-8080-exec-3] [requestId=da475001-ed1e-43d2-b95f-ced82409f4f9] org.hibernate.orm.jdbc.bind - binding parameter (1:BIGINT) <- [14]
2026-08-12 18:37:14.251 DEBUG [http-nio-8080-exec-3] [requestId=da475001-ed1e-43d2-b95f-ced82409f4f9] org.hibernate.SQL - 
    select
        d1_0.venta_id,
        d1_0.id,
        d1_0.cantidad,
        d1_0.envases_devueltos,
        d1_0.modalidad_envase,
        d1_0.precio_unitario,
        d1_0.producto_id,
        p1_0.id,
        p1_0.categoria,
        p1_0.codigo,
        p1_0.contenido,
        p1_0.descripcion,
        p1_0.estado,
        p1_0.precio_base,
        p1_0.unidad_medida,
        p1_0.unidades_por_paquete,
        d1_0.subtotal 
    from
        detalles_ventas d1_0 
    left join
        productos p1_0 
            on p1_0.id=d1_0.producto_id 
    where
        d1_0.venta_id=?
2026-08-12 18:37:14.252 TRACE [http-nio-8080-exec-3] [requestId=da475001-ed1e-43d2-b95f-ced82409f4f9] org.hibernate.orm.jdbc.bind - binding parameter (1:BIGINT) <- [13]
2026-08-12 18:37:14.252 DEBUG [http-nio-8080-exec-3] [requestId=da475001-ed1e-43d2-b95f-ced82409f4f9] org.hibernate.SQL - 
    select
        d1_0.venta_id,
        d1_0.id,
        d1_0.cantidad,
        d1_0.envases_devueltos,
        d1_0.modalidad_envase,
        d1_0.precio_unitario,
        d1_0.producto_id,
        p1_0.id,
        p1_0.categoria,
        p1_0.codigo,
        p1_0.contenido,
        p1_0.descripcion,
        p1_0.estado,
        p1_0.precio_base,
        p1_0.unidad_medida,
        p1_0.unidades_por_paquete,
        d1_0.subtotal 
    from
        detalles_ventas d1_0 
    left join
        productos p1_0 
            on p1_0.id=d1_0.producto_id 
    where
        d1_0.venta_id=?
2026-08-12 18:37:14.253 TRACE [http-nio-8080-exec-3] [requestId=da475001-ed1e-43d2-b95f-ced82409f4f9] org.hibernate.orm.jdbc.bind - binding parameter (1:BIGINT) <- [12]
2026-08-12 18:37:14.254 DEBUG [http-nio-8080-exec-3] [requestId=da475001-ed1e-43d2-b95f-ced82409f4f9] org.hibernate.SQL - 
    select
        d1_0.venta_id,
        d1_0.id,
        d1_0.cantidad,
        d1_0.envases_devueltos,
        d1_0.modalidad_envase,
        d1_0.precio_unitario,
        d1_0.producto_id,
        p1_0.id,
        p1_0.categoria,
        p1_0.codigo,
        p1_0.contenido,
        p1_0.descripcion,
        p1_0.estado,
        p1_0.precio_base,
        p1_0.unidad_medida,
        p1_0.unidades_por_paquete,
        d1_0.subtotal 
    from
        detalles_ventas d1_0 
    left join
        productos p1_0 
            on p1_0.id=d1_0.producto_id 
    where
        d1_0.venta_id=?
2026-08-12 18:37:14.254 TRACE [http-nio-8080-exec-3] [requestId=da475001-ed1e-43d2-b95f-ced82409f4f9] org.hibernate.orm.jdbc.bind - binding parameter (1:BIGINT) <- [11]
2026-08-12 18:37:14.255 DEBUG [http-nio-8080-exec-3] [requestId=da475001-ed1e-43d2-b95f-ced82409f4f9] org.hibernate.SQL - 
    select
        d1_0.venta_id,
        d1_0.id,
        d1_0.cantidad,
        d1_0.envases_devueltos,
        d1_0.modalidad_envase,
        d1_0.precio_unitario,
        d1_0.producto_id,
        p1_0.id,
        p1_0.categoria,
        p1_0.codigo,
        p1_0.contenido,
        p1_0.descripcion,
        p1_0.estado,
        p1_0.precio_base,
        p1_0.unidad_medida,
        p1_0.unidades_por_paquete,
        d1_0.subtotal 
    from
        detalles_ventas d1_0 
    left join
        productos p1_0 
            on p1_0.id=d1_0.producto_id 
    where
        d1_0.venta_id=?
2026-08-12 18:37:14.256 TRACE [http-nio-8080-exec-3] [requestId=da475001-ed1e-43d2-b95f-ced82409f4f9] org.hibernate.orm.jdbc.bind - binding parameter (1:BIGINT) <- [10]
2026-08-12 18:37:14.257 DEBUG [http-nio-8080-exec-3] [requestId=da475001-ed1e-43d2-b95f-ced82409f4f9] org.hibernate.SQL - 
    select
        d1_0.venta_id,
        d1_0.id,
        d1_0.cantidad,
        d1_0.envases_devueltos,
        d1_0.modalidad_envase,
        d1_0.precio_unitario,
        d1_0.producto_id,
        p1_0.id,
        p1_0.categoria,
        p1_0.codigo,
        p1_0.contenido,
        p1_0.descripcion,
        p1_0.estado,
        p1_0.precio_base,
        p1_0.unidad_medida,
        p1_0.unidades_por_paquete,
        d1_0.subtotal 
    from
        detalles_ventas d1_0 
    left join
        productos p1_0 
            on p1_0.id=d1_0.producto_id 
    where
        d1_0.venta_id=?
2026-08-12 18:37:14.257 TRACE [http-nio-8080-exec-3] [requestId=da475001-ed1e-43d2-b95f-ced82409f4f9] org.hibernate.orm.jdbc.bind - binding parameter (1:BIGINT) <- [7]
2026-08-12 18:37:14.259 DEBUG [http-nio-8080-exec-3] [requestId=da475001-ed1e-43d2-b95f-ced82409f4f9] org.hibernate.SQL - 
    select
        d1_0.venta_id,
        d1_0.id,
        d1_0.cantidad,
        d1_0.envases_devueltos,
        d1_0.modalidad_envase,
        d1_0.precio_unitario,
        d1_0.producto_id,
        p1_0.id,
        p1_0.categoria,
        p1_0.codigo,
        p1_0.contenido,
        p1_0.descripcion,
        p1_0.estado,
        p1_0.precio_base,
        p1_0.unidad_medida,
        p1_0.unidades_por_paquete,
        d1_0.subtotal 
    from
        detalles_ventas d1_0 
    left join
        productos p1_0 
            on p1_0.id=d1_0.producto_id 
    where
        d1_0.venta_id=?
2026-08-12 18:37:14.259 TRACE [http-nio-8080-exec-3] [requestId=da475001-ed1e-43d2-b95f-ced82409f4f9] org.hibernate.orm.jdbc.bind - binding parameter (1:BIGINT) <- [5]
2026-08-12 18:37:14.261 DEBUG [http-nio-8080-exec-3] [requestId=da475001-ed1e-43d2-b95f-ced82409f4f9] org.hibernate.SQL - 
    select
        d1_0.venta_id,
        d1_0.id,
        d1_0.cantidad,
        d1_0.envases_devueltos,
        d1_0.modalidad_envase,
        d1_0.precio_unitario,
        d1_0.producto_id,
        p1_0.id,
        p1_0.categoria,
        p1_0.codigo,
        p1_0.contenido,
        p1_0.descripcion,
        p1_0.estado,
        p1_0.precio_base,
        p1_0.unidad_medida,
        p1_0.unidades_por_paquete,
        d1_0.subtotal 
    from
        detalles_ventas d1_0 
    left join
        productos p1_0 
            on p1_0.id=d1_0.producto_id 
    where
        d1_0.venta_id=?
2026-08-12 18:37:14.262 TRACE [http-nio-8080-exec-3] [requestId=da475001-ed1e-43d2-b95f-ced82409f4f9] org.hibernate.orm.jdbc.bind - binding parameter (1:BIGINT) <- [2]
2026-08-12 18:37:14.263 DEBUG [http-nio-8080-exec-3] [requestId=da475001-ed1e-43d2-b95f-ced82409f4f9] org.hibernate.SQL - 
    select
        d1_0.venta_id,
        d1_0.id,
        d1_0.cantidad,
        d1_0.envases_devueltos,
        d1_0.modalidad_envase,
        d1_0.precio_unitario,
        d1_0.producto_id,
        p1_0.id,
        p1_0.categoria,
        p1_0.codigo,
        p1_0.contenido,
        p1_0.descripcion,
        p1_0.estado,
        p1_0.precio_base,
        p1_0.unidad_medida,
        p1_0.unidades_por_paquete,
        d1_0.subtotal 
    from
        detalles_ventas d1_0 
    left join
        productos p1_0 
            on p1_0.id=d1_0.producto_id 
    where
        d1_0.venta_id=?
2026-08-12 18:37:14.264 TRACE [http-nio-8080-exec-3] [requestId=da475001-ed1e-43d2-b95f-ced82409f4f9] org.hibernate.orm.jdbc.bind - binding parameter (1:BIGINT) <- [1]
2026-08-12 18:38:18.527 INFO  [SpringApplicationShutdownHook] [requestId=N/A] o.s.boot.tomcat.GracefulShutdown - Commencing graceful shutdown. Waiting for active requests to complete
2026-08-12 18:38:18.530 INFO  [tomcat-shutdown] [requestId=N/A] o.s.boot.tomcat.GracefulShutdown - Graceful shutdown complete
2026-08-12 18:38:18.534 INFO  [SpringApplicationShutdownHook] [requestId=N/A] o.s.o.j.LocalContainerEntityManagerFactoryBean - Closing JPA EntityManagerFactory for persistence unit 'default'
2026-08-12 18:38:18.537 INFO  [SpringApplicationShutdownHook] [requestId=N/A] com.zaxxer.hikari.HikariDataSource - HikariPool-1 - Shutdown initiated...
2026-08-12 18:38:18.543 INFO  [SpringApplicationShutdownHook] [requestId=N/A] com.zaxxer.hikari.HikariDataSource - HikariPool-1 - Shutdown completed.
